Question,Answer
what is (are) age-related macular degeneration ?,"age-related macular degeneration, also known as amd, is an eye disease that affects the macula, a part of the retina. the retina sends light from the eye to the brain, and the macula allows you to see fine detail. amd blurs central vision amd blurs the sharp central vision you need for straight-ahead activities such as reading, sewing, and driving. amd causes no pain. how amd progresses in some cases, amd advances so slowly that people notice little change in their vision. in others, the disease progresses faster and may lead to a loss of vision in both eyes. amd is a common eye condition among people age 50 and older. it is a leading cause of vision loss in older adults. two forms of amd there are two forms of age-related macular degeneration -- dry and wet."
what are the treatments for age-related macular degeneration ?,"wet amd can be treated with laser surgery, photodynamic therapy, and drugs that are injected into the eye. none of these treatments is a cure for wet amd. the disease and loss of vision may progress despite treatment."
what is (are) age-related macular degeneration ?,"the daily amounts used by the study researchers were 500 milligrams of vitamin c, 400 international units of vitamin e, 15 milligrams of beta-carotene, 80 milligrams of zinc as zinc oxide, and 2 milligrams of copper as cupric oxide. copper was added to the areds formulation containing zinc to prevent copper deficiency anemia, a condition associated with high levels of zinc intake."
who is at risk for age-related macular degeneration? ?,"risk increases with age amd is most common in older people, but it can occur during middle age. the risk increases with age. other risk factors other risk factors include - smoking - obesity - race. whites are much more likely to lose vision from amd than african-americans. - family history. people with a family history of amd are at higher risk of getting the disease. - gender. women appear to be at greater risk than men. smoking obesity race. whites are much more likely to lose vision from amd than african-americans. family history. people with a family history of amd are at higher risk of getting the disease. gender. women appear to be at greater risk than men."
what is (are) age-related macular degeneration ?,drusen are yellow deposits under the retina. they often are found in people over age 50. your eye care professional can detect drusen during a comprehensive dilated eye exam.
what is (are) age-related macular degeneration ?,"wet amd occurs when abnormal blood vessels behind the retina start to grow under the macula. with wet amd, loss of central vision can occur quickly. wet amd is considered to be advanced amd and is more severe than the dry form."
what are the symptoms of age-related macular degeneration ?,"the most common symptom of dry amd is slightly blurred vision. you may have difficulty recognizing faces. you may need more light for reading and other tasks. dry amd generally affects both eyes, but vision can be lost in one eye while the other eye seems unaffected. one of the most common early signs of dry amd is drusen. drusen are yellow deposits under the retina. they often are found in people over age 50. your eye care professional can detect drusen during a comprehensive dilated eye exam."
what are the treatments for age-related macular degeneration ?,"if you have advanced amd once dry amd reaches the advanced stage, no form of treatment can prevent vision loss. however, treatment can delay and possibly prevent intermediate amd from progressing to the advanced stage. the national eye institute's age-related eye disease study found that taking certain vitamins and minerals may reduce the risk of developing advanced amd. wet amd can be treated with laser surgery, photodynamic therapy, and injections into the eye. none of these treatments is a cure for wet amd. the disease and loss of vision may progress despite treatment. laser surgery laser surgery uses a laser to destroy the fragile, leaky blood vessels. only a small percentage of people with wet amd can be treated with laser surgery. laser surgery is performed in a doctor's office or eye clinic. the risk of new blood vessels developing after laser treatment is high. repeated treatments may be necessary. in some cases, vision loss may progress despite repeated treatments. photodynamic therapy with photodynamic therapy, a drug called verteporfin is injected into your arm. it travels throughout the body, including the new blood vessels in your eye. the drug tends to stick to the surface of new blood vessels. next, the doctor shines a light into your eye for about 90 seconds. the light activates the drug. the activated drug destroys the new blood vessels and leads to a slower rate of vision decline. unlike laser surgery, verteporfin does not destroy surrounding healthy tissue. because the drug is activated by light, you must avoid exposing your skin or eyes to direct sunlight or bright indoor light for five days after treatment. photodynamic therapy is relatively painless. it takes about 20 minutes and can be performed in a doctor's office. photodynamic therapy slows the rate of vision loss. it does not stop vision loss or restore vision in eyes already damaged by advanced amd. treatment results often are temporary. you may need to be treated again. drug treatment for wet amd wet amd can now be treated with new drugs that are injected into the eye (anti-vegf therapy). abnormally high levels of a specific growth factor occur in eyes with wet amd and promote the growth of abnormal new blood vessels. this drug treatment blocks the effects of the growth factor. you will need multiple injections that may be given as often as monthly. the eye is numbed before each injection. after the injection, you will remain in the doctor's office for a while and your eye will be monitored. this drug treatment can help slow down vision loss from amd and in some cases improve sight. if you have low vision if you have lost some sight from amd, ask your eye care professional about low vision services and devices that may help you make the most of your remaining vision. many community organizations and agencies offer information about low vision counseling and training and other special services for people with visual impairments. research on amd the national eye institute is conducting and supporting a number of studies to learn more about amd. for example, scientists are - studying the possibility of transplanting healthy cells into a diseased retina - evaluating families with a history of amd to understand genetic and hereditary factors that may cause the disease - looking at certain anti-inflammatory treatments for the wet form of amd studying the possibility of transplanting healthy cells into a diseased retina evaluating families with a history of amd to understand genetic and hereditary factors that may cause the disease looking at certain anti-inflammatory treatments for the wet form of amd this research should provide better ways to detect, treat, and prevent vision loss in people with amd."
what research (or clinical trials) is being done for age-related macular degeneration ?,"the national eye institute scientists are - studying the possibility of transplanting healthy cells into a diseased retina - evaluating families with a history of amd to understand genetic and hereditary factors that may cause the disease - looking at certain anti-inflammatory treatments for the wet form of amd. studying the possibility of transplanting healthy cells into a diseased retina evaluating families with a history of amd to understand genetic and hereditary factors that may cause the disease looking at certain anti-inflammatory treatments for the wet form of amd. this research should provide better ways to detect, treat, and prevent vision loss in people with amd."
how to prevent age-related macular degeneration ?,"there is no reason for those diagnosed with early stage amd to take the areds formulation. the study did not find that the formulation helped those with early stage amd. if you have early stage amd, a comprehensive dilated eye exam every year can help determine if the disease is progressing. if early stage amd progresses to the intermediate stage, discuss taking the formulation with your doctor."
what are the treatments for age-related macular degeneration ?,"once dry amd reaches the advanced stage, no form of treatment can prevent vision loss. however, treatment can delay and possibly prevent intermediate amd from progressing to the advanced stage, in which vision loss occurs."
what are the symptoms of age-related macular degeneration ?,"amd is detected during a comprehensive eye exam that includes a visual acuity test, a dilated eye exam, and tonometry. tests for amd - the visual acuity test is an eye chart test that measures how well you see at various distances. - in the dilated eye exam, drops are placed in your eyes to widen, or dilate, the pupils. then, your eye care professional uses a special magnifying lens to examine your retina and optic nerve for signs of amd and other eye problems. after the exam, your close-up vision may remain blurred for several hours. - with tonometry, an instrument measures the pressure inside the eye. numbing drops may be applied to your eye for this test. the visual acuity test is an eye chart test that measures how well you see at various distances. in the dilated eye exam, drops are placed in your eyes to widen, or dilate, the pupils. then, your eye care professional uses a special magnifying lens to examine your retina and optic nerve for signs of amd and other eye problems. after the exam, your close-up vision may remain blurred for several hours. with tonometry, an instrument measures the pressure inside the eye. numbing drops may be applied to your eye for this test. your eye care professional also may do other tests to learn more about the structure and health of your eye. the amsler grid during an eye exam, you may be asked to look at an amsler grid, shown here. you will cover one eye and stare at a black dot in the center of the grid. while staring at the dot, you may notice that the straight lines in the pattern appear wavy. you may notice that some of the lines are missing. these may be signs of amd. because dry amd can turn into wet amd at any time, you should get an amsler grid from your eye care professional. you could then use the grid every day to evaluate your vision for signs of wet amd. the fluorescein angiogram test if your eye care professional believes you need treatment for wet amd, he or she may suggest a fluorescein angiogram. in this test, a special dye is injected into your arm. pictures are taken as the dye passes through the blood vessels in your eye. the test allows your eye care professional to identify any leaking blood vessels and recommend treatment."
what causes age-related macular degeneration ?,"drusen alone do not usually cause vision loss. in fact, scientists are unclear about the connection between drusen and amd. they do know that an increase in the size or number of drusen raises a person's risk of developing either advanced dry amd or wet amd. these changes can cause serious vision loss."
what research (or clinical trials) is being done for alzheimer's disease ?,"translational research grows out of basic research. it creates new medicines, devices, or behavioral interventions aimed at preventing, diagnosing, or treating a disease. an important goal of alzheimers translational research is to increase the number and variety of potential new medicines and other interventions that are approved for testing in humans. scientists also examine medicines approved to treat other diseases to see they might be effective in people with alzheimers. the most promising interventions are tested in test-tube and animal studies to make sure they are safe and effective. currently, a number of different substances are under development that may one day be used to treat the symptoms of alzheimers disease or mild cognitive impairment. see the latest alzheimers disease progress report to read about results of nia-supported alzheimers research."
what is (are) alzheimer's disease ?,"memory problems are typically one of the first signs of alzheimers disease, though different people may have different initial symptoms. a decline in other aspects of thinking, such as finding the right words, vision/spatial issues, and impaired reasoning or judgment, may also signal the very early stages of alzheimers disease."
how to prevent alzheimer's disease ?,"research suggests that exercise may play a role in reducing risk for alzheimers disease. animal studies show that exercise increases both the number of small blood vessels that supply blood to the brain and the number of connections between nerve cells in older rats and mice. in addition, researchers have found that exercise raises the level of a nerve growth factor (a protein key to brain health) in an area of the brain that is important to memory and learning. learn more about the benefits of exercise for older adults. for more on specific exercises geared to the needs of older adults, visit go4life, the exercise and physical activity campaign from the national institute on aging."
what causes alzheimer's disease ?,"scientists do not yet fully understand what causes alzheimer's disease in most people. in early-onset alzheimers, which occurs in people between the ages of 30 and 60, a genetic mutation is usually the cause. late-onset alzheimers, which usually develops after age 60, arises from a complex series of brain changes that occur over decades. the causes probably include a mix of genetic, environmental, and lifestyle factors. these factors affect each person differently. learn more about the genetics of alzheimers disease. increasing age is the most important known risk factor for alzheimer's disease. lifestyle factors, such as diet and physical exercise, and long-term health conditions, like high blood pressure and diabetes, might also play a role in the risk of developing alzheimers disease."
how to prevent alzheimer's disease ?,"currently, no medicines or other treatments are known to prevent alzheimers disease, but scientists are studying many possibilities. these possibilities include lifestyle factors such as exercise and physical activity, a healthy diet, and mentally stimulating activities. in addition to lifestyle factors, scientists have found clues that some long-term health conditions, like heart disease, high blood pressure, and diabetes, are related to alzheimer's disease. its possible that controlling these conditions will reduce the risk of developing alzheimers. exercise and physical activity studies show that exercise and other types of physical activity are good for our hearts, waistlines, and ability to carry out everyday activities. research suggests that exercise may also play a role in reducing risk for alzheimers disease. animal studies show that exercise increases both the number of small blood vessels that supply blood to the brain and the number of connections between nerve cells in older rats and mice. in addition, researchers have found that exercise raises the level of a nerve growth factor (a protein key to brain health) in an area of the brain that is important to memory and learning. see suggestions for ways older adults can start or continue to exercise. diet and dietary supplements a number of studies suggest that eating certain foods may help keep the brain healthyand that others can be harmful. a diet that includes lots of fruits, vegetables, and whole grains and is low in fat and added sugar can reduce the risk of heart disease and diabetes. researchers are looking at whether a healthy diet also can help prevent alzheimers. one study reported that people who ate a mediterranean diet had a 28 percent lower risk of developing mci (mild cognitive impairment) and a 48 percent lower risk of progressing from mci to alzheimers disease. (mci often, but not always, leads to alzheimers dementia.) a mediterranean diet includes vegetables, legumes, fruits, cereals, fish, olive oil, and low amounts of saturated fats, dairy products, meat, and poultry. for more about healthy eating as you age , see eating well as you get older. other research has looked at the effect on brain health of several different vitamins and dietary supplements. one area of research focuses on antioxidants, natural substances that appear to fight damage caused by molecules called free radicals. other studies are looking at resveratrol, a compound found in red grapes and red wine, as well as vitamins and other substances found in food. chronic diseases age-related diseases and conditionssuch as vascular disease, high blood pressure, heart disease, and diabetesmay increase the risk of alzheimers. many studies are looking at whether this risk can be reduced by preventing or controlling these diseases and conditions. for example, one clinical trial is looking at how lowering blood pressure to or below current recommended levels may affect cognitive decline and the development of mci and alzheimers disease. participants are older adults with high systolic (upper number) blood pressure who have a history of heart disease or stroke, or are at risk for those conditions. diabetes is another disease that has been linked to alzheimers. past research suggests that abnormal insulin production contributes to alzheimers-related brain changes. (insulin is the hormone involved in diabetes.) diabetes treatments have been tested in people with alzheimers, but the results have not been conclusive. keeping the brain active keeping the mind sharpthrough social engagement or intellectual stimulationis associated with a lower risk of alzheimers disease. activities like working, volunteering, reading, going to lectures, and playing computer and other games are being studied to see if they might help prevent alzheimers. one clinical trial is testing the impact of formal cognitive training, with and without physical exercise, in people with mci to see if it can prevent or delay alzheimers disease. other trials are underway in healthy older adults to see if exercise and/or cognitive training (for example, a demanding video game) can delay or prevent age-related cognitive decline. find out about things you can do that may keep your brain healthy."
what are the treatments for alzheimer's disease ?,"medications can treat symptoms there is no known cure for alzheimer's disease, but there are medicines that can treat symptoms of the disease. most alzheimers medicines work best for people in the mild or moderate stages of the disease. for example, they can keep memory loss from getting worse for a time. other medicines may help behavioral symptoms, such as trouble sleeping or feeling worried or depressed. all of these medicines may have side effects and may not work for everyone. a person with alzheimer's should be under a doctor's care. he or she may see a primary care doctor or a specialist, such as a neurologist, geriatric psychiatrist, or geriatrician. the doctor can treat the person's physical and behavioral problems, answer questions, and refer the patient and caregiver to other sources of help. medications for alzheimers currently, no treatment can stop alzheimer's disease. however, four medications are used to treat its symptoms. these medicines may help maintain thinking, memory, and speaking skills for a limited time. they work by regulating certain chemicals in the brain. most of these medicines work best for people in the early or middle stages of the disease. for people with mild to moderate alzheimers, donepezil (aricept), rivastigmine (exelon), or galantamine (razadyne) may help. donepezil is also approved to treat symptoms of moderate to severe alzheimer's. another drug, memantine (namenda), is used to treat symptoms of moderate to severe alzheimers, although it also has limited effects. all of these medicines have possible side effects, including nausea, vomiting, diarrhea, and loss of appetite. you should report any unusual symptoms to a doctor right away. it is important to follow a doctor's instructions when taking any medication. scientists are testing many new drugs and other treatments to see if they can help slow, delay, or prevent alzheimers disease. learn how alzheimers medications work, how to take them, and where to find more information. managing behavioral symptoms certain medicines and other approaches can help control the behavioral symptoms of alzheimer's disease. these symptoms include sleeplessness, agitation, wandering, anxiety, anger, and depression. treating these symptoms often makes people with alzheimers disease more comfortable and makes their care easier for caregivers. see more about medications used to treat behavioral symptoms. some medicines must be used with caution. memory aids memory aids may help some people who have mild alzheimers disease with day-to-day living. a calendar, list of daily plans, notes about simple safety measures, and written directions describing how to use common household items can be useful. help for caregivers caring for a person with alzheimers can have high physical, emotional, and financial costs. the demands of day-to-day care, changing family roles, and difficult decisions about placement in a care facility can be difficult. sometimes, taking care of the person with alzheimers makes caregivers feel good because they are providing love and comfort. at other times, it can be overwhelming. changes in the person can be hard to understand and cope with. here are some ways for caregivers of people with alzheimers to get help. - ask family and friends to help out in specific ways, like making a meal or visiting the person while they take a break. - join a caregivers support group. - use home health care, adult day care, and respite services. ask family and friends to help out in specific ways, like making a meal or visiting the person while they take a break. join a caregivers support group. use home health care, adult day care, and respite services. for more information about caring for someone with alzheimers disease, see alzheimer's caregiving."
what research (or clinical trials) is being done for alzheimer's disease ?,"clinical research is medical research involving people. it includes clinical studies, which observe and gather information about large groups of people. it also includes clinical trials, which test a medicine, therapy, medical device, or intervention in people to see if it is safe and effective. clinical trials are the best way to find out whether a particular intervention actually slows, delays, or prevents alzheimers disease. trials may compare a potential new treatment with a standard treatment or placebo (mock treatment). or, they may study whether a certain behavior or condition affects the progress of alzheimers or the chances of developing it. see the latest alzheimers disease progress report to read about results of nia-supported alzheimers research."
how to prevent alzheimer's disease ?,"a number of studies suggest that eating certain foods may help keep the brain healthyand that others can be harmful. researchers are looking at whether a healthy dietone that includes lots of fruits, vegetables, and whole grains and is low in fat and added sugarcan help prevent alzheimers. for more information about healthy eating as you age, see eating well as you get older."
what is (are) alzheimer's disease ?,"alzheimers disease is a brain disease that slowly destroys memory and thinking skills and, eventually, the ability to carry out the simplest tasks. it begins slowly and gets worse over time. currently, it has no cure. alzheimers disease is the most common cause of dementia in older people. get more details about alzheimer's disease."
what is (are) alzheimer's disease ?,"alzheimer's disease (ad) is the most common form of dementia among older people. dementia is a brain disorder that seriously affects a person's ability to carry out daily activities. ad begins slowly. it first involves the parts of the brain that control thought, memory and language. people with ad may have trouble remembering things that happened recently or names of people they know. a related problem, mild cognitive impairment (mci), causes more memory problems than normal for people of the same age. many, but not all, people with mci will develop ad. in ad, over time, symptoms get worse. people may not recognize family members. they may have trouble speaking, reading or writing. they may forget how to brush their teeth or comb their hair. later on, they may become anxious or aggressive, or wander away from home. eventually, they need total care. this can cause great stress for family members who must care for them. ad usually begins after age 60. the risk goes up as you get older. your risk is also higher if a family member has had the disease. no treatment can stop the disease. however, some drugs may help keep symptoms from getting worse for a limited time. nih: national institute on aging"
what research (or clinical trials) is being done for alzheimer's disease ?,"the national institute of neurological disorders and stroke (ninds) supports basic and translational research related to ad through grants to major medical institutions across the country. current studies are investigating how the development of beta amyloid plaques damages neurons, and how abnormalities in tau proteins create the characteristic neurofibrillary tangles of ad. other research is exploring the impact of risk factors associated with the development of ad, such as pre-existing problems with blood flow in the blood vessels of the brain. most importantly, the ninds supports a number of studies that are developing and testing new and novel therapies that can relieve the symptoms of ad and potentially lead to a cure. on may 15, 2012 the obama administration announced the release of the national alzheimers plan. u.s. secretary of health and human services kathleen sebelius reaffirmed our nations commitment to conquering alzheimers disease and related dementias, with a specific goal of finding effective ways to prevent and treat the disease by 2025."
what is (are) alzheimer's disease ?,"alzheimer's disease has three stages: early (also called mild), middle (moderate), and late (severe). a person in the early stage of alzheimers may - find it hard to remember things - ask the same questions over and over - get lost in familiar places - lose things or put them in odd places - have trouble handling money and paying bills - take longer than normal to finish daily tasks. find it hard to remember things ask the same questions over and over get lost in familiar places lose things or put them in odd places have trouble handling money and paying bills take longer than normal to finish daily tasks. as alzheimers disease progresses to the middle stage, memory loss and confusion grow worse, and people may have problems recognizing family and friends. other symptoms are this stage include - difficulty learning new things and coping with new situations - trouble carrying out tasks that involve multiple steps, like getting dressed - impulsive behavior - forgetting the names of common things - hallucinations, delusions, or paranoia - wandering away from home. difficulty learning new things and coping with new situations trouble carrying out tasks that involve multiple steps, like getting dressed impulsive behavior forgetting the names of common things hallucinations, delusions, or paranoia wandering away from home. as alzheimers disease becomes more severe, people lose the ability to communicate. they may sleep more, lose weight, and have trouble swallowing. often they are incontinentthey cannot control their bladder and/or bowels. eventually, they need total care."
what is (are) alzheimer's disease ?,"alzheimers disease is a brain disease that slowly destroys memory and thinking skills and, eventually, the ability to carry out the simplest tasks. it begins slowly and gets worse over time. currently, it has no cure. a common cause of dementia alzheimers disease is the most common cause of dementia among older people. dementia is a loss of thinking, remembering, and reasoning skills that interferes with a persons daily life and activities. dementia ranges in severity from the mild stage, when it is just beginning to affect a persons functioning, to the severe stage, when the person must depend completely on others for basic care. estimates vary, but experts suggest that more than 5 million americans may have alzheimer's disease. alzheimers is currently ranked as the sixth leading cause of death in the united states, but recent estimates indicate that the disorder may rank third, just behind heart disease and cancer, as a cause of death for older people risk increases with age in most people with alzheimers, symptoms first appear in their mid-60s, and the risk of developing the disease increases with age. while younger people -- in their 30s, 40s, and 50s -- may get alzheimer's disease, it is much less common. it is important to note that alzheimer's disease is not a normal part of aging. the course of alzheimers diseasewhich symptoms appear and how quickly changes occurvaries from person to person. the time from diagnosis to death varies, too. it can be as little as 3 or 4 years if the person is over 80 years old when diagnosed or as long as 10 years or more if the person is younger. memory problems: one of the first signs memory problems are typically one of the first signs of alzheimers disease, though initial symptoms may vary from person to person. a decline in other aspects of thinking, such as finding the right words, vision/spatial issues, and impaired reasoning or judgment, may also signal the very early stages of alzheimers disease. people with alzheimers have trouble doing everyday things like driving a car, cooking a meal, or paying bills. they may ask the same questions over and over, get lost easily, lose things or put them in odd places, and find even simple things confusing. some people become worried, angry, or violent. other reasons for memory issues not all people with memory problems have alzheimers disease. mild forgetfulness can be a normal part of aging. some people may notice that it takes longer to learn new things, remember certain words, or find their glasses. thats different from a serious memory problem, which makes it hard to do everyday things. sometimes memory problems are related to health issues that are treatable. for example, medication side effects, vitamin b12 deficiency, head injuries, or liver or kidney disorders can lead to memory loss or possibly dementia. emotional problems, such as stress, anxiety, or depression, can also make a person more forgetful and may be mistaken for dementia. read more about causes of memory loss and how to keep your memory sharp. mild cognitive impairment some older people with memory or other thinking problems have a condition called mild cognitive impairment, or mci. mci can be an early sign of alzheimers, but not everyone with mci will develop alzheimers disease. people with mci have more memory problems than other people their age, but they can still take care of themselves and do their normal activities. signs of mci may include - losing things often - forgetting to go to events and appointments - having more trouble coming up with words than other people the same age. losing things often forgetting to go to events and appointments having more trouble coming up with words than other people the same age. if you or someone in your family thinks your forgetfulness is getting in the way of your normal routine, its time to see your doctor. seeing the doctor when you first start having memory problems can help you find out whats causing your forgetfulness. learn more about mild cognitive impairment (mci). what happens to the brain in alzheimers? alzheimer's disease is named after dr. alois alzheimer, a german doctor. in 1906, dr. alzheimer noticed changes in the brain tissue of a woman who had died of an unusual mental illness. after she died, he examined her brain and found many abnormal clumps (now called amyloid plaques) and tangled bundles of fibers (now called neurofibrillary, or tau, tangles). plaques and tangles in the brain are two of the main features of alzheimer's disease. another is the loss of connections between nerve cells (neurons) in the brain. neurons send messages between different parts of the brain, and from the brain to muscles and organs in the body. it seems likely that damage to the brain starts 10 years or more before memory or other thinking problems become obvious. during the earliest stage of alzheimers, people are free of symptoms, but harmful changes are taking place in the brain. the damage at first appears to take place in cells of the hippocampus, the part of the brain essential in forming memories. abnormal protein deposits form plaques and tangles in the brain. once-healthy nerve cells stop functioning, lose connections with each other, and die. as more nerve cells die, other parts of the brain begin to shrink. by the final stage of alzheimers, damage is widespread, and brain tissue has shrunk significantly. get more details about alzheimers disease."
what is (are) balance problems ?,"have you ever felt dizzy, lightheaded, or as if the room is spinning around you? if the feeling happens often, it could be a sign of a balance problem. balance problems can make you feel unsteady or as if you were moving, spinning, or floating. they are one cause of falls and fall-related injuries, such as hip fracture. some balance problems are due to problems in the inner ear. others may involve another part of the body, such as the brain or the heart. aging, infections, head injury, certain medicines, or problems with blood circulation may result in a balance problem. if you are having balance problems, see your doctor. balance disorders can be signs of other health problems, such as an ear infection or a stroke. in some cases, treating the illness that is causing the disorder will help with the balance problem. exercises, a change in diet, and some medicines also can help. nih: national institute on deafness and other communication disorders"
what is (are) balance problems ?,"have you ever felt dizzy, lightheaded, or as if the room were spinning around you? these can be very troublesome sensations. if the feeling happens often, it could be a sign of a balance problem. balance problems are among the most common reasons that older adults seek help from a doctor. in 2008, an estimated 14.8 percent of american adults (33.4 million) had a balance or dizziness problem during the past year. why good balance is important having good balance means being able to control and maintain your body's position, whether you are moving or remaining still. an intact sense of balance helps you - walk without staggering - get up from a chair without falling - climb stairs without tripping - bend over without falling. walk without staggering get up from a chair without falling climb stairs without tripping bend over without falling. the part of the inner ear responsible for balance is the vestibular system, often referred to as the labyrinth. to maintain your body's position, the labyrinth interacts with other systems in the body, such as the eyes, bones and joints. good balance is important to help you get around, stay independent, and carry out daily activities. learn how your body maintains its balance. when people have problems with balance as they get older, many people experience problems with their sense of balance. they feel dizzy or unsteady, or as if they or their surroundings were in motion. disturbances of the inner ear are a common cause. vertigo, the feeling that you or the things around you are spinning, is also a common symptom. balance disorders are one reason older people fall. falls and fall-related injuries, such as hip fracture, can have a serious impact on an older person's life. if you fall, it could limit your activities or make it impossible to live independently. many people often become more isolated after a fall. according to the centers for disease control and prevention, roughly more than one-third of adults ages 65 years and older fall each year. among older adults, falls are the leading cause of injury-related deaths. learn other ways a fall may affect an older adult's life. bppv (benign paroxysmal positional vertigo) there are many types of balance disorders. one of the most common is benign paroxysmal positional vertigo, or bppv. in bppv, you experience a brief, intense feeling of vertigo when you change the position of your head, such as when rolling over to the left or right, upon getting out of bed, or when looking for an object on a high or low shelf. bppv is more likely to occur in adults aged 60 and older, but can also occur in younger people. in bppv, small calcium particles in the inner ear become displaced and disrupt the inner ear balance sensors, causing dizziness. the reason they become displaced is not known; the cause may be an inner ear infection, head injury, or aging. labyrinthitis this is an infection or inflammation of the inner ear that causes dizziness and loss of balance. it is often associated with an upper respiratory infection such as the flu. mnire's disease mnire's disease is a balance disorder that causes a person to experience - vertigo - hearing loss that comes and goes - tinnitus, which is a ringing or roaring in the ears - a feeling of fullness in the ear. vertigo hearing loss that comes and goes tinnitus, which is a ringing or roaring in the ears a feeling of fullness in the ear. it affects adults of any age. the cause is unknown. see a fuller list of balance disorders. there are many ways to treat balance disorders. treatments vary depending on the cause. see your doctor if you are experiencing dizziness, vertigo, or other problems with your balance."
what is (are) balance problems ?,"a balance disorder is a disturbance of the body systems controlling balance. this disturbance can make people feel dizzy, unsteady, or as if they were spinning. balance disorders are a common cause of falls and fall-related injuries, such as hip fractures."
what are the treatments for balance problems ?,"mnire's disease is caused by changes in fluid volumes in the inner ear. people with mnire's disease can help reduce its dizzying effects by lowering the amount of salt (sodium) in their diets. limiting alcohol or caffeine also may be helpful. some medications, such as corticosteroids or the antibiotic gentamicin, also are used to treat mnire's disease. although gentamicin can help reduce the dizziness that occurs with mnire's disease, it occasionally destroys sensory cells in the inner ear, which can result in permanent hearing loss. corticosteroids don't cause hearing loss; however, research is underway to determine if they are as effective as gentamicin learn more about the treatments for mnire's disease."
what are the treatments for balance problems ?,"in bppv (benign paroxysmal positional vertigo), small calcium particles in the inner ear become displaced, causing dizziness. a doctor, otolaryngologist, audiologist, or physical therapist can treat bppv by carefully moving the head and torso to move the displaced calcium particles back to their original position learn more about causes and treatments for bppv. an nidcd-supported clinical trial in bppv showed that repositioning maneuvers work well, and offered clinicians a range of choices in selecting the treatment best suited to each individuals unique needs."
how to prevent balance problems ?,"an ear infection called otitis media can cause balance problems. otitis media is most common in children, but adults can get it, too. you can help prevent otitis media by washing your hands frequently. also, talk to your doctor about getting a yearly flu shot to stave off flu-related ear infections. if you do get an ear infection, see a doctor immediately before it becomes more serious. learn more about otitis media and other ear infections. (centers for disease control and prevention)"
what is (are) balance problems ?,"there are many types of balance disorders. three of the most common are bppv (benign paroxysmal positional vertigo), labyrinthitis, and menieres disease. bppv (benign paroxysmal positional vertigo) is one of the most common balance disorders among older adults. with bppv, you experience a brief, intense feeling of vertigo that occurs when you change the position of your head. you may also experience bppv when rolling over to the left or right upon getting out of bed, or when looking up for an object on a high shelf. in bppv, small calcium particles in the inner ear become displaced, causing dizziness. the reason the particles get displaced is not known, although it may result from an inner ear infection, head injury, or aging. labyrinthitis is is another type of balance disorder. the labyrinth is an organ of the inner ear that helps you maintain your balance. when the labyrinth becomes infected or swollen, it is typically accompanied by vertigo and imbalance. upper respiratory infections and other viral infections, and, less commonly, bacterial infections, can lead to labyrinthitis. mnire's disease is a balance disorder that causes - vertigo - hearing loss that comes and goes - tinnitus, which is a ringing or roaring in the ears - a feeling of fullness in the ear. vertigo hearing loss that comes and goes tinnitus, which is a ringing or roaring in the ears a feeling of fullness in the ear. mnire's disease can affect adults of any age. the cause is unknown. see a fuller list of balance disorders."
what causes balance problems ?,"some balance disorders are caused by problems in the inner ear. the part of the inner ear that is responsible for balance is the vestibular system, often refered to as the labyrinth. when the labyrinth becomes infected or swollen -- a condition called labyrinthitis -- it is typically accompanied by vertigo and imbalance. upper respiratory infections, other viral infections, and, less commonly, bacterial infections, can lead to labyrinthitis. other balance disorders may involve another part of the body, such as the brain or the heart. for example, diseases of the circulatory system, such as stroke, can cause dizziness and other balance problems. smoking and diabetes can increase the risk of stroke. low blood pressure also can cause dizziness. aging, infections, head injury, and many medicines may also result in a balance problem."
how to prevent balance problems ?,"people are more likely to have problems with balance as they get older. but age is not the only reason these problems occur; there are other causes, too. in some cases, you can help reduce your risk for certain balance problems. problems in the inner ear some balance disorders are caused by problems in the inner ear. the part of the inner ear that is responsible for balance is the vestibular system, also known as the labyrinth. when the labyrinth becomes infected or swollen, this condition is called labyrinthitis. it is typically accompanied by vertigo and imbalance. upper respiratory infections and other viral infections, and, less commonly, bacterial infections, can lead to labyrinthitis. other causes other balance diseorers may involve another part of the body, such as the brain or the heart. for example, diseases of the circulatory system, such as stroke, can cause dizziness and other balance problems. smoking and diabetes can increase the risk of stroke. low blood pressure can also cause dizziness. aging, infections, head injury and many medicines may also result in a balance problem. problems caused by medications balance problems can also result from taking many medications. for example, some medicines, such as those that help lower blood pressure, can make a person feel dizzy. ototoxic drugs are medicines that damage the inner ear. if your medicine is ototoxic, you may feel off balance. sometimes the damage lasts only as long as you take the drug; many times it is permanent. groups of drugs that are more likely to be ototoxic include - antidepressants - anti-seizure drugs (anticonvulsants) - hypertensive (high blood pressure) drugs - sedatives - tranquilizers - anxiolytics (anti-anxiety drugs) - aminoglycosides (a type of antibiotic) - diuretics - vasodilators - certain analgesics (painkillers) - certain chemotherapeutics (anti-cancer drugs). antidepressants anti-seizure drugs (anticonvulsants) hypertensive (high blood pressure) drugs sedatives tranquilizers anxiolytics (anti-anxiety drugs) aminoglycosides (a type of antibiotic) diuretics vasodilators certain analgesics (painkillers) certain chemotherapeutics (anti-cancer drugs). check with your doctor if you notice a problem while taking a medication. ask if other medications can be used instead. if not, ask if the dosage can be safely reduced. sometimes it cannot. however, your doctor will help you get the medication you need while trying to reduce unwanted side effects. diet and lifestyle can help your diet and lifestyle can help you manage certain balance-related problems. for example, mnire's disease, which causes vertigo and other balance and hearing problems, is linked to a change in the volume of fluid in the inner ear. by eating low-salt (low-sodium) or salt-free foods, and steering clear of caffeine and alcohol, you may make mnire's disease symptoms less severe. see suggestions for limiting salt (sodium) in your diet. balance problems due to high blood pressure can be managed by eating less salt (less sodium), maintaining a healthy weight, and exercising. balance problems due to low blood pressure may be managed by drinking plenty of fluids, such as water, avoiding alcohol, and being cautious regarding your body's posture and movement, such as standing up slowly and avoiding crossing your legs when youre seated. learn more about managing high blood pressure (hypertension). learn more about manging low blood pressure (hypotension). prevent ear infections the ear infection called otitis media is common in children, but adults can get it too. otitis media can sometimes cause dizziness. you can help prevent otitis media by washing your hands frequently. also, talk to your doctor about getting a yearly flu shot to stave off flu-related ear infections. if you still get an ear infection, see a doctor immediately before it becomes more serious. learn more about otitis media and other ear infections. (centers for disease control and prevention)"
how to prevent balance problems ?,"scientists are working to understand the complex interactions between the brain and the part of the inner ear responsible for balance. they are also studying the effectiveness of certain exercises as a treatment option for balance disorders. an nidcd-supported clinical trial in benign paroxysmal positioning vertigo (bppv) showed that repositioning maneuvers work well, and offered clinicians a range of choices in selecting the treatment best suited to each individuals unique needs. nidcd-funded researchers have created a virtual reality grocery store. this virtual store is a computer-simulated environment that seems to be a physical place in the real world. it is designed so people with balance disorders can safely walk on a treadmill as they practice looking for items on store shelves. the goal is to help reduce a person's dizziness in confusing environments. nidcd-supported scientists are also studying the use of a vestibular implant to stop a mnires attack by restoring normal electrical activity in the vestibular nerve. this nerve conveys balance information to the brain. the device uses the same technology found in a cochlear implant, a medical device that currently provides a sense of sound to people who are deaf or hard-of-hearing."
what are the treatments for balance problems ?,"your doctor can recommend strategies to help reduce the effects of a balance disorder. scientists are studying ways to develop new, more effective methods to treat and prevent balance disorders. balance disorders can be signs of other health problems, such as an ear infection, stroke, or multiple sclerosis. in some cases, you can help treat a balance disorder by seeking medical treatment for the illness that is causing the disorder. exercises for balance disorders some exercises help make up for a balance disorder by moving the head and body in certain ways. the exercises are developed especially for a patient by a professional (often a physical therapist) who understands the balance system and its relationship with other systems in the body. in benign paroxysmal positional vertigo, or bppv, small calcium particles in the inner ear become displaced, causing dizziness. bppv can often be effectively treated by carefully moving the head and torso to move the displaced calcium particles back to their original position. for some people, one session will be all that is needed. others might need to repeat the procedure several times at home to relieve their dizziness. treating mnire's disease mnire's disease is caused by changes in fluid volumes in the inner ear. people with mnire's disease can help reduce its dizzying effects by lowering the amount of sodium, or salt (sodium) in their diets. limiting alcohol or caffeine also may be helpful. see suggestions for limiting salt (sodium) in your diet. medications such as corticosteroids and the antibiotic gentamicin are used to treat mnire's disease. gentamicin can help reduce the dizziness that occurs with mnire's disease, but in some cases it can also destroy sensory cells in the inner ear, resulting in permanent hearing loss. corticosteroids don't cause hearing loss, but research is underway to determine if they are as effective as gentamicin. learn more about ways to treat mnire's disease. in some cases, surgery may be necessary to relieve a balance disorder. treating problems due to high or low blood pressure balance problems due to high blood pressure can be managed by eating less salt (sodium), maintaining a healthy weight, and exercising. balance problems due to low blood pressure may be managed by drinking plenty of fluids, such as water, avoiding alcohol, and being cautious regarding your body's posture and movement, such as standing up slowly and avoiding crossing your legs when youre seated. learn more about managing high blood pressure (hypertension). learn more about managing low blood pressure (hypotension). coping with a balance disorder some people with a balance disorder may not be able to fully relieve their dizziness and will need to find ways to cope with it. a vestibular rehabilitation therapist can help you develop an individualized treatment plan. talk to your doctor about whether its safe to drive, as well as ways to lower your risk of falling and getting hurt during daily activities, such as when you walk up or down stairs, use the bathroom, or exercise. to reduce your risk of injury from dizziness, avoid walking in the dark. you should also wear low-heeled shoes or walking shoes outdoors. if necessary, use a cane or walker and modify conditions at your home and workplace, such as by adding handrails. current research scientists are working to understand the complex interactions between the brain and the part of the inner ear responsible for balance. they are also studying the effectiveness of certain exercises as a treatment option for balance disorders. in a study funded by the national institute on deafness and other communication disorders (nidcd), researchers created a virtual reality grocery store. this virtual store is a computer-simulated environment that seems to be a physical place in the real world, designed so people with balance disorders can safely walk on a treadmill as they practice looking for items on store shelves. the goal is to help reduce a person's dizziness in confusing environments. nidcd-supported scientists are also studying the use of a vestibular implant to stop a mnires attack by restoring normal electrical activity in the vestibular nerve. this nerve conveys balance information to the brain. the device uses the same technology found in a cochlear implant, a medical device that currently provides a sense of sound to people who are deaf or hard-of-hearing. an nidcd-supported clinical trial in benign paroxysmal positioning vertigo (bppv) showed that repositioning maneuvers work well, and offered clinicians a range of choices in selecting the treatment best suited to each individuals unique needs. see more information about research on balance problems."
what are the symptoms of balance problems ?,"if you have a balance disorder, you may stagger when you try to walk, or teeter or fall when you try to stand up. you might experience other symptoms such as - dizziness or vertigo (a spinning sensation) - falling or feeling as if you are going to fall - lightheadedness, faintness, or a floating sensation - blurred vision - confusion or disorientation. dizziness or vertigo (a spinning sensation) falling or feeling as if you are going to fall lightheadedness, faintness, or a floating sensation blurred vision confusion or disorientation. other symptoms might include nausea and vomiting, diarrhea, changes in heart rate and blood pressure, and fear, anxiety, or panic. symptoms may come and go over short time periods or last for a long time, and can lead to fatigue and depression."
what causes balance problems ?,"yes. many prescription medications, such as those used to lower blood pressure, can make a person feel dizzy. other medicines might damage the inner ear. these medicines, called ototoxic medicines, can make you feel off balance. sometimes the damage lasts only as long as you take the drug. other times it is permanent. groups of drugs that are more likely to be ototoxic include - antidepressants - anti-seizure drugs (anticonvulsants) - hypertensive (high blood pressure) drugs - sedatives - tranquilizers - anxiolytics (anti-anxiety drugs) - aminoglycosides (a type of antibiotic) - diuretics - vasodilators - certain analgesics (painkillers) - certain chemotherapeutics (anti-cancer drugs). antidepressants anti-seizure drugs (anticonvulsants) hypertensive (high blood pressure) drugs sedatives tranquilizers anxiolytics (anti-anxiety drugs) aminoglycosides (a type of antibiotic) diuretics vasodilators certain analgesics (painkillers) certain chemotherapeutics (anti-cancer drugs)."
who is at risk for breast cancer? ?,"key points - avoiding risk factors and increasing protective factors may help prevent cancer. - the following are risk factors for breast cancer: - older age - a personal history of breast cancer or benign (noncancer) breast disease - inherited risk of breast cancer - dense breasts - exposure of breast tissue to estrogen made in the body - taking hormone therapy for symptoms of menopause - radiation therapy to the breast or chest - obesity - drinking alcohol - the following are protective factors for breast cancer: - less exposure of breast tissue to estrogen made by the body - taking estrogen-only hormone therapy after hysterectomy, selective estrogen receptor modulators, or aromatase inhibitors and inactivators - estrogen-only hormone therapy after hysterectomy - selective estrogen receptor modulators - aromatase inhibitors and inactivators - risk-reducing mastectomy - ovarian ablation - getting enough exercise - it is not clear whether the following affect the risk of breast cancer: - oral contraceptives - environment - studies have shown that some factors do not affect the risk of breast cancer. - cancer prevention clinical trials are used to study ways to prevent cancer. - new ways to prevent breast cancer are being studied in clinical trials. avoiding risk factors and increasing protective factors may help prevent cancer. avoiding cancer risk factors may help prevent certain cancers. risk factors include smoking, being overweight, and not getting enough exercise. increasing protective factors such as quitting smoking and exercising may also help prevent some cancers. talk to your doctor or other health care professional about how you might lower your risk of cancer. nci's breast cancer risk assessment tool uses a woman's risk factors to estimate her risk for breast cancer during the next five years and up to age 90. this online tool is meant to be used by a health care provider. for more information on breast cancer risk, call 1-800-4-cancer. the following are risk factors for breast cancer: older age older age is the main risk factor for most cancers. the chance of getting cancer increases as you get older. a personal history of breast cancer or benign (noncancer) breast disease women with any of the following have an increased risk of breast cancer: - a personal history of invasive breast cancer, ductal carcinoma in situ (dcis), or lobular carcinoma in situ (lcis). - a personal history of benign (noncancer) breast disease. inherited risk of breast cancer women with a family history of breast cancer in a first-degree relative (mother, sister, or daughter) have an increased risk of breast cancer. women who have inherited changes in the brca1 and brca2 genes or in certain other genes have a higher risk of breast cancer. the risk of breast cancer caused by inherited gene changes depends on the type of gene mutation, family history of cancer, and other factors. dense breasts having breast tissue that is dense on a mammogram is a factor in breast cancer risk. the level of risk depends on how dense the breast tissue is. women with very dense breasts have a higher risk of breast cancer than women with low breast density. increased breast density is often an inherited trait, but it may also occur in women who have not had children, have a first pregnancy late in life, take postmenopausal hormones, or drink alcohol. exposure of breast tissue to estrogen made in the body estrogen is a hormone made by the body. it helps the body develop and maintain female sex characteristics. being exposed to estrogen over a long time may increase the risk of breast cancer. estrogen levels are highest during the years a woman is menstruating. a woman's exposure to estrogen is increased in the following ways: - early menstruation: beginning to have menstrual periods at age 11 or younger increases the number of years the breast tissue is exposed to estrogen. - starting menopause at a later age: the more years a woman menstruates, the longer her breast tissue is exposed to estrogen. - older age at first birth or never having given birth: because estrogen levels are lower during pregnancy, breast tissue is exposed to more estrogen in women who become pregnant for the first time after age 35 or who never become pregnant. taking hormone therapy for symptoms of menopause hormones, such as estrogen and progesterone, can be made into a pill form in a laboratory. estrogen, progestin, or both may be given to replace the estrogen no longer made by the ovaries in postmenopausal women or women who have had their ovaries removed. this is called hormone replacement therapy (hrt) or hormone therapy (ht). combination hrt/ht is estrogen combined with progestin. this type of hrt/ht increases the risk of breast cancer. studies show that when women stop taking estrogen combined with progestin, the risk of breast cancer decreases. radiation therapy to the breast or chest radiation therapy to the chest for the treatment of cancer increases the risk of breast cancer, starting 10 years after treatment. the risk of breast cancer depends on the dose of radiation and the age at which it is given. the risk is highest if radiation treatment was used during puberty, when breasts are forming. radiation therapy to treat cancer in one breast does not appear to increase the risk of cancer in the other breast. for women who have inherited changes in the brca1 and brca2 genes, exposure to radiation, such as that from chest x-rays, may further increase the risk of breast cancer, especially in women who were x-rayed before 20 years of age. obesity obesity increases the risk of breast cancer, especially in postmenopausal women who have not used hormone replacement therapy. drinking alcohol drinking alcohol increases the risk of breast cancer. the level of risk rises as the amount of alcohol consumed rises. the following are protective factors for breast cancer: less exposure of breast tissue to estrogen made by the body decreasing the length of time a woman's breast tissue is exposed to estrogen may help prevent breast cancer. exposure to estrogen is reduced in the following ways: - early pregnancy: estrogen levels are lower during pregnancy. women who have a full-term pregnancy before age 20 have a lower risk of breast cancer than women who have not had children or who give birth to their first child after age 35. - breast-feeding: estrogen levels may remain lower while a woman is breast-feeding. women who breastfed have a lower risk of breast cancer than women who have had children but did not breastfeed. taking estrogen-only hormone therapy after hysterectomy, selective estrogen receptor modulators, or aromatase inhibitors and inactivators estrogen-only hormone therapy after hysterectomy hormone therapy with estrogen only may be given to women who have had a hysterectomy. in these women, estrogen-only therapy after menopause may decrease the risk of breast cancer. there is an increased risk of stroke and heart and blood vessel disease in postmenopausal women who take estrogen after a hysterectomy. selective estrogen receptor modulators tamoxifen and raloxifene belong to the family of drugs called selective estrogen receptor modulators (serms). serms act like estrogen on some tissues in the body, but block the effect of estrogen on other tissues. treatment with tamoxifen lowers the risk of estrogen receptor-positive (er-positive) breast cancer and ductal carcinoma in situ in premenopausal and postmenopausal women at high risk. treatment with raloxifene also lowers the risk of breast cancer in postmenopausal women. with either drug, the reduced risk lasts for several years or longer after treatment is stopped. lower rates of broken bones have been noted in patients taking raloxifene. taking tamoxifen increases the risk of hot flashes, endometrial cancer, stroke, cataracts, and blood clots (especially in the lungs and legs). the risk of having these problems increases markedly in women older than 50 years compared with younger women. women younger than 50 years who have a high risk of breast cancer may benefit the most from taking tamoxifen. the risk of having these problems decreases after tamoxifen is stopped. talk with your doctor about the risks and benefits of taking this drug. taking raloxifene increases the risk of blood clots in the lungs and legs, but does not appear to increase the risk of endometrial cancer. in postmenopausal women with osteoporosis (decreased bone density), raloxifene lowers the risk of breast cancer for women who have a high or low risk of breast cancer. it is not known if raloxifene would have the same effect in women who do not have osteoporosis. talk with your doctor about the risks and benefits of taking this drug. other serms are being studied in clinical trials. aromatase inhibitors and inactivators aromatase inhibitors (anastrozole, letrozole) and inactivators (exemestane) lower the risk of recurrence and of new breast cancers in women who have a history of breast cancer. aromatase inhibitors also decrease the risk of breast cancer in women with the following conditions: - postmenopausal women with a personal history of breast cancer. - women with no personal history of breast cancer who are 60 years and older, have a history of ductal carcinoma in situ with mastectomy, or have a high risk of breast cancer based on the gail model tool (a tool used to estimate the risk of breast cancer). in women with an increased risk of breast cancer, taking aromatase inhibitors decreases the amount of estrogen made by the body. before menopause, estrogen is made by the ovaries and other tissues in a woman's body, including the brain, fat tissue, and skin. after menopause, the ovaries stop making estrogen, but the other tissues do not. aromatase inhibitors block the action of an enzyme called aromatase, which is used to make all of the body's estrogen. aromatase inactivators stop the enzyme from working. possible harms from taking aromatase inhibitors include muscle and joint pain, osteoporosis, hot flashes, and feeling very tired. risk-reducing mastectomy some women who have a high risk of breast cancer may choose to have a risk-reducing mastectomy (the removal of both breasts when there are no signs of cancer). the risk of breast cancer is much lower in these women and most feel less anxious about their risk of breast cancer. however, it is very important to have a cancer risk assessment and counseling about the different ways to prevent breast cancer before making this decision. ovarian ablation the ovaries make most of the estrogen that is made by the body. treatments that stop or lower the amount of estrogen made by the ovaries include surgery to remove the ovaries, radiation therapy, or taking certain drugs. this is called ovarian ablation. premenopausal women who have a high risk of breast cancer due to certain changes in the brca1 and brca2 genes may choose to have a risk-reducing oophorectomy (the removal of both ovaries when there are no signs of cancer). this decreases the amount of estrogen made by the body and lowers the risk of breast cancer. risk-reducing oophorectomy also lowers the risk of breast cancer in normal premenopausal women and in women with an increased risk of breast cancer due to radiation to the chest. however, it is very important to have a cancer risk assessment and counseling before making this decision. the sudden drop in estrogen levels may cause the symptoms of menopause to begin. these include hot flashes, trouble sleeping, anxiety, and depression. long-term effects include decreased sex drive, vaginal dryness, and decreased bone density. getting enough exercise women who exercise four or more hours a week have a lower risk of breast cancer. the effect of exercise on breast cancer risk may be greatest in premenopausal women who have normal or low body weight. it is not clear whether the following affect the risk of breast cancer: oral contraceptives certain oral contraceptives contain estrogen. some studies have shown that taking oral contraceptives (""the pill"") may slightly increase the risk of breast cancer in current users. this risk decreases over time. other studies have not shown an increased risk of breast cancer in women who take oral contraceptives. progestin -only contraceptives that are injected or implanted do not appear to increase the risk of breast cancer. more studies are needed to know whether progestin-only oral contraceptives increase the risk of breast cancer. environment studies have not proven that being exposed to certain substances in the environment, such as chemicals, increases the risk of breast cancer. studies have shown that some factors do not affect the risk of breast cancer. the following do not affect the risk of breast cancer: - having an abortion. - making diet changes such as eating less fat or more fruits and vegetables. - taking vitamins, including fenretinide (a type of vitamin a). - cigarette smoking, both active and passive (inhaling secondhand smoke). - using underarm deodorant or antiperspirant. - taking statins (cholesterol -lowering drugs). - taking bisphosphonates (drugs used to treat osteoporosis and hypercalcemia) by mouth or by intravenous infusion."
what is (are) breast cancer ?,"a mammogram can often detect breast changes in women who have no signs of breast cancer. often, it can find a breast lump before it can be felt. if the results indicate that cancer might be present, your doctor will advise you to have a follow-up test called a biopsy."
what is (are) breast cancer ?,"there are two types of breast-conserving surgery -- lumpectomy and partial mastectomy. - lumpectomy is the removal of the tumor and a small amount of normal tissue around it. a woman who has a lumpectomy almost always has radiation therapy as well. most surgeons also take out some of the lymph nodes under the arm. lumpectomy is the removal of the tumor and a small amount of normal tissue around it. a woman who has a lumpectomy almost always has radiation therapy as well. most surgeons also take out some of the lymph nodes under the arm. - partial or segmental mastectomy is removal of the cancer, some of the breast tissue around the tumor, and the lining over the chest muscles below the tumor. often, surgeons remove some of the lymph nodes under the arm. in most cases, radiation therapy follows. partial or segmental mastectomy is removal of the cancer, some of the breast tissue around the tumor, and the lining over the chest muscles below the tumor. often, surgeons remove some of the lymph nodes under the arm. in most cases, radiation therapy follows."
what are the symptoms of breast cancer ?,"signs of breast cancer include a lump or change in the breast. these and other signs may be caused by breast cancer or by other conditions. check with your doctor if you have any of the following: - a lump or thickening in or near the breast or in the underarm area. - a change in the size or shape of the breast. - a dimple or puckering in the skin of the breast. - a nipple turned inward into the breast. - fluid, other than breast milk, from the nipple, especially if it's bloody. - scaly, red, or swollen skin on the breast, nipple, or areola (the dark area of skin around the nipple). - dimples in the breast that look like the skin of an orange, called peau dorange. it may be difficult to detect (find) breast cancer early in pregnant or nursing women. the breasts usually get larger, tender, or lumpy in women who are pregnant, nursing, or have just given birth. this occurs because of normal hormone changes that take place during pregnancy. these changes can make small lumps difficult to detect. the breasts may also become denser. it is more difficult to detect breast cancer in women with dense breasts using mammography. because these breast changes can delay diagnosis, breast cancer is often found at a later stage in these women."
what are the treatments for breast cancer ?,"you can seek conventional treatment from a specialized cancer doctor, called an oncologist. the oncologist will usually assemble a team of specialists to guide your therapy. besides the oncologist, the team may include a surgeon, a radiation oncologist who is a specialist in radiation therapy, and others. before starting treatment, you may want another doctor to review the diagnosis and treatment plan. some insurance companies require a second opinion. others may pay for a second opinion if you request it. you might also be eligible to enroll in a clinical trial to receive treatment that conventional therapies may not offer."
how to diagnose breast cancer ?,"tests that examine the breasts are used to detect (find) and diagnose breast cancer. check with your doctor if you notice any changes in your breasts. the following tests and procedures may be used: - physical exam and history : an exam of the body to check general signs of health, including checking for signs of disease, such as lumps or anything else that seems unusual. a history of the patients health habits and past illnesses and treatments will also be taken. - clinical breast exam (cbe): an exam of the breast by a doctor or other health professional. the doctor will carefully feel the breasts and under the arms for lumps or anything else that seems unusual. - mammogram: an x-ray of the breast. - ultrasound exam: a procedure in which high-energy sound waves (ultrasound) are bounced off internal tissues or organs and make echoes. the echoes form a picture of body tissues called a sonogram. the picture can be printed to be looked at later. - mri (magnetic resonance imaging): a procedure that uses a magnet, radio waves, and a computer to make a series of detailed pictures of both breasts. this procedure is also called nuclear magnetic resonance imaging (nmri). - blood chemistry studies : a procedure in which a blood sample is checked to measure the amounts of certain substances released into the blood by organs and tissues in the body. an unusual (higher or lower than normal) amount of a substance can be a sign of disease. - biopsy : the removal of cells or tissues so they can be viewed under a microscope by a pathologist to check for signs of cancer. if a lump in the breast is found, a biopsy may be done. there are four types of biopsy used to check for breast cancer: - excisional biopsy : the removal of an entire lump of tissue. - incisional biopsy : the removal of part of a lump or a sample of tissue. - core biopsy : the removal of tissue using a wide needle. - fine-needle aspiration (fna) biopsy : the removal of tissue or fluid, using a thin needle. if cancer is found, tests are done to study the cancer cells. decisions about the best treatment are based on the results of these tests. the tests give information about: - how quickly the cancer may grow. - how likely it is that the cancer will spread through the body. - how well certain treatments might work. - how likely the cancer is to recur (come back). tests include the following: - estrogen and progesterone receptor test : a test to measure the amount of estrogen and progesterone (hormones) receptors in cancer tissue. if there are more estrogen and progesterone receptors than normal, the cancer is called estrogen and/or progesterone receptor positive. this type of breast cancer may grow more quickly. the test results show whether treatment to block estrogen and progesterone may stop the cancer from growing. - human epidermal growth factor type 2 receptor (her2/neu) test : a laboratory test to measure how many her2/neu genes there are and how much her2/neu protein is made in a sample of tissue. if there are more her2/neu genes or higher levels of her2/neu protein than normal, the cancer is called her2/neu positive. this type of breast cancer may grow more quickly and is more likely to spread to other parts of the body. the cancer may be treated with drugs that target the her2/neu protein, such as trastuzumab and pertuzumab. - multigene tests: tests in which samples of tissue are studied to look at the activity of many genes at the same time. these tests may help predict whether cancer will spread to other parts of the body or recur (come back). there are many types of multigene tests. the following multigene tests have been studied in clinical trials: - oncotype dx : this test helps predict whether stage i or stage ii breast cancer that is estrogen receptor positive and node negative will spread to other parts of the body. if the risk that the cancer will spread is high, chemotherapy may be given to lower the risk. - mammaprint : this test helps predict whether stage i or stage ii breast cancer that is node negative will spread to other parts of the body. if the risk that the cancer will spread is high, chemotherapy may be given to lower the risk. based on these tests, breast cancer is described as one of the following types: - hormone receptor positive (estrogen and/or progesterone receptor positive) or hormone receptor negative (estrogen and/or progesterone receptor negative). - her2/neu positive or her2/neu negative. - triple negative (estrogen receptor, progesterone receptor, and her2/neu negative). this information helps the doctor decide which treatments will work best for your cancer."
what is (are) breast cancer ?,"key points - breast cancer is a disease in which malignant (cancer) cells form in the tissues of the breast. - breast cancer is the second most common type of cancer in american women. breast cancer is a disease in which malignant (cancer) cells form in the tissues of the breast. the breast is made up of lobes and ducts. each breast has 15 to 20 sections called lobes, which have many smaller sections called lobules. lobules end in dozens of tiny bulbs that can make milk. the lobes, lobules, and bulbs are linked by thin tubes called ducts. each breast also has blood vessels and lymph vessels. the lymph vessels carry an almost colorless fluid called lymph. lymph vessels lead to organs called lymph nodes. lymph nodes are small bean-shaped structures that are found throughout the body. they filter lymph and store white blood cells that help fight infection and disease. clusters of lymph nodes are found near the breast in the axilla (under the arm), above the collarbone, and in the chest. see the following pdq summaries for more information about breast cancer: - breast cancer screening - breast cancer treatment - breast cancer treatment and pregnancy - male breast cancer treatment - genetics of breast and ovarian cancer breast cancer is the second most common type of cancer in american women. women in the united states get breast cancer more than any other type of cancer except skin cancer. breast cancer is second to lung cancer as a cause of cancer death in american women. however, deaths from breast cancer have decreased a little bit every year between 2003 and 2012. breast cancer also occurs in men, but the number of new cases is small."
what are the treatments for breast cancer ?,"chemotherapy is the use of drugs to kill cancer cells. a patient may take chemotherapy by mouth in pill form, or it may be put into the body by inserting a needle into a vein or muscle. chemotherapy is called whole body or systemic treatment if the drug(s) enter the bloodstream, travel through the body, and kill cancer cells throughout the body. treatment with standard chemotherapy can be as short as two months or as long as two years. targeted therapies, usually in pill form, have become more common and focus on either a gene or protein abnormality and usually have few adverse side-effects as they directly affect the abnormality and not other cells or tissues in the body. sometimes chemotherapy is the only treatment the doctor will recommend. more often, however, chemotherapy is used in addition to surgery, radiation therapy, and/or biological therapy."
is breast cancer inherited ?,"breast cancer is sometimes caused by inherited gene mutations (changes). the genes in cells carry the hereditary information that is received from a persons parents. hereditary breast cancer makes up about 5% to 10% of all breast cancer. some mutated genes related to breast cancer are more common in certain ethnic groups. women who have certain gene mutations, such as a brca1 or brca2 mutation, have an increased risk of breast cancer. these women also have an increased risk of ovarian cancer, and may have an increased risk of other cancers. men who have a mutated gene related to breast cancer also have an increased risk of breast cancer. for more information, see the pdq summary on male breast cancer treatment. there are tests that can detect (find) mutated genes. these genetic tests are sometimes done for members of families with a high risk of cancer. see the pdq summary on genetics of breast and gynecologic cancers for more information."
what is (are) breast cancer ?,"the body is made up of many types of cells. normally, cells grow, divide, and produce more cells as needed to keep the body healthy. sometimes, however, the process goes wrong. cells become abnormal and form more cells in an uncontrolled way. these extra cells form a mass of tissue, called a growth or tumor. tumors can be benign, which means not cancerous, or malignant, which means cancerous."
how to diagnose breast cancer ?,"breast exams should be part of prenatal and postnatal care. to detect breast cancer, pregnant and nursing women should examine their breasts themselves. women should also receive clinical breast exams during their regular prenatal and postnatal check-ups. talk to your doctor if you notice any changes in your breasts that you do not expect or that worry you. tests that examine the breasts are used to detect (find) and diagnose breast cancer. the following tests and procedures may be used: - physical exam and history : an exam of the body to check general signs of health, including checking for signs of disease, such as lumps or anything else that seems unusual. a history of the patients health habits and past illnesses and treatments will also be taken. - clinical breast exam (cbe): an exam of the breast by a doctor or other health professional. the doctor will carefully feel the breasts and under the arms for lumps or anything else that seems unusual. - mri (magnetic resonance imaging): a procedure that uses a magnet, radio waves, and a computer to make a series of detailed pictures of both breasts. this procedure is also called nuclear magnetic resonance imaging (nmri). - ultrasound exam: a procedure in which high-energy sound waves (ultrasound) are bounced off internal tissues or organs and make echoes. the echoes form a picture of body tissues called a sonogram. the picture can be printed to look at later. - mammogram : an x-ray of the breast. a mammogram can be done with little risk to the unborn baby. mammograms in pregnant women may appear negative even though cancer is present. - blood chemistry studies : a procedure in which a blood sample is checked to measure the amounts of certain substances released into the blood by organs and tissues in the body. an unusual (higher or lower than normal) amount of a substance can be a sign of disease. - biopsy : the removal of cells or tissues so they can be viewed under a microscope by a pathologist to check for signs of cancer. if a lump in the breast is found, a biopsy may be done. there are four types of breast biopsies: - excisional biopsy : the removal of an entire lump of tissue. - incisional biopsy : the removal of part of a lump or a sample of tissue. - core biopsy : the removal of tissue using a wide needle. - fine-needle aspiration (fna) biopsy : the removal of tissue or fluid, using a thin needle. if cancer is found, tests are done to study the cancer cells. decisions about the best treatment are based on the results of these tests and the age of the unborn baby. the tests give information about: - how quickly the cancer may grow. - how likely it is that the cancer will spread to other parts of the body. - how well certain treatments might work. - how likely the cancer is to recur (come back). tests may include the following: - estrogen and progesterone receptor test : a test to measure the amount of estrogen and progesterone (hormones) receptors in cancer tissue. if there are more estrogen and progesterone receptors than normal, the cancer is called estrogen and/or progesterone receptor positive. this type of breast cancer may grow more quickly. the test results show whether treatment to block estrogen and progesterone given after the baby is born may stop the cancer from growing. - human epidermal growth factor type 2 receptor (her2/neu) test : a laboratory test to measure how many her2/neu genes there are and how much her2/neu protein is made in a sample of tissue. if there are more her2/neu genes or higher levels of her2/neu protein than normal, the cancer is called her2/neu positive. this type of breast cancer may grow more quickly and is more likely to spread to other parts of the body. the cancer may be treated with drugs that target the her2/neu protein, such as trastuzumab and pertuzumab, after the baby is born. - multigene tests: tests in which samples of tissue are studied to look at the activity of many genes at the same time. these tests may help predict whether cancer will spread to other parts of the body or recur (come back). - oncotype dx : this test helps predict whether stage i or stage ii breast cancer that is estrogen receptor positive and node-negative will spread to other parts of the body. if the risk of the cancer spreading is high, chemotherapy may be given to lower the risk. - mammaprint : this test helps predict whether stage i or stage ii breast cancer that is node-negative will spread to other parts of the body. if the risk of the cancer spreading is high, chemotherapy may be given to lower the risk."
what are the treatments for breast cancer ?,"key points - there are different types of treatment for patients with breast cancer. - five types of standard treatment are used: - surgery - radiation therapy - chemotherapy - hormone therapy - targeted therapy - new types of treatment are being tested in clinical trials. - high-dose chemotherapy with stem cell transplant - treatment for breast cancer may cause side effects. - patients may want to think about taking part in a clinical trial. - patients can enter clinical trials before, during, or after starting their cancer treatment. - follow-up tests may be needed. there are different types of treatment for patients with breast cancer. different types of treatment are available for patients with breast cancer. some treatments are standard (the currently used treatment), and some are being tested in clinical trials. a treatment clinical trial is a research study meant to help improve current treatments or obtain information on new treatments for patients with cancer. when clinical trials show that a new treatment is better than the standard treatment, the new treatment may become the standard treatment. patients may want to think about taking part in a clinical trial. some clinical trials are open only to patients who have not started treatment. five types of standard treatment are used: surgery most patients with breast cancer have surgery to remove the cancer. sentinel lymph node biopsy is the removal of the sentinel lymph node during surgery. the sentinel lymph node is the first lymph node to receive lymphatic drainage from a tumor. it is the first lymph node where the cancer is likely to spread. a radioactive substance and/or blue dye is injected near the tumor. the substance or dye flows through the lymph ducts to the lymph nodes. the first lymph node to receive the substance or dye is removed. a pathologist views the tissue under a microscope to look for cancer cells. after the sentinel lymph node biopsy, the surgeon removes the tumor using breast-conserving surgery or mastectomy. if cancer cells were not found in the sentinel lymph node, it may not be necessary to remove more lymph nodes. if cancer cells were found, more lymph nodes will be removed through a separate incision. this is called a lymph node dissection. types of surgery include the following: - breast-conserving surgery is an operation to remove the cancer and some normal tissue around it, but not the breast itself. part of the chest wall lining may also be removed if the cancer is near it. this type of surgery may also be called lumpectomy, partial mastectomy, segmental mastectomy, quadrantectomy, or breast-sparing surgery. - total mastectomy: surgery to remove the whole breast that has cancer. this procedure is also called a simple mastectomy. some of the lymph nodes under the arm may be removed and checked for cancer. this may be done at the same time as the breast surgery or after. this is done through a separate incision. - modified radical mastectomy: surgery to remove the whole breast that has cancer, many of the lymph nodes under the arm, the lining over the chest muscles, and sometimes, part of the chest wall muscles. chemotherapy may be given before surgery to remove the tumor. when given before surgery, chemotherapy will shrink the tumor and reduce the amount of tissue that needs to be removed during surgery. treatment given before surgery is called preoperative therapy or neoadjuvant therapy. even if the doctor removes all the cancer that can be seen at the time of the surgery, some patients may be given radiation therapy, chemotherapy, or hormone therapy after surgery, to kill any cancer cells that are left. treatment given after the surgery, to lower the risk that the cancer will come back, is called postoperative therapy or adjuvant therapy. if a patient is going to have a mastectomy, breast reconstruction (surgery to rebuild a breasts shape after a mastectomy) may be considered. breast reconstruction may be done at the time of the mastectomy or at some time after. the reconstructed breast may be made with the patients own (nonbreast) tissue or by using implants filled with saline or silicone gel. before the decision to get an implant is made, patients can call the food and drug administration's (fda) center for devices and radiologic health at 1-888-info-fda (1-888-463-6332) or visit the fda website for more information on breast implants. radiation therapy radiation therapy is a cancer treatment that uses high-energy x-rays or other types of radiation to kill cancer cells or keep them from growing. there are two types of radiation therapy: - external radiation therapy uses a machine outside the body to send radiation toward the cancer. - internal radiation therapy uses a radioactive substance sealed in needles, seeds, wires, or catheters that are placed directly into or near the cancer. the way the radiation therapy is given depends on the type and stage of the cancer being treated. external radiation therapy is used to treat breast cancer. internal radiation therapy with strontium-89 (a radionuclide) is used to relieve bone pain caused by breast cancer that has spread to the bones. strontium-89 is injected into a vein and travels to the surface of the bones. radiation is released and kills cancer cells in the bones. chemotherapy chemotherapy is a cancer treatment that uses drugs to stop the growth of cancer cells, either by killing the cells or by stopping them from dividing. when chemotherapy is taken by mouth or injected into a vein or muscle, the drugs enter the bloodstream and can reach cancer cells throughout the body (systemic chemotherapy). when chemotherapy is placed directly into the cerebrospinal fluid, an organ, or a body cavity such as the abdomen, the drugs mainly affect cancer cells in those areas (regional chemotherapy). the way the chemotherapy is given depends on the type and stage of the cancer being treated. systemic chemotherapy is used in the treatment of breast cancer. see drugs approved for breast cancer for more information. hormone therapy hormone therapy is a cancer treatment that removes hormones or blocks their action and stops cancer cells from growing. hormones are substances made by glands in the body and circulated in the bloodstream. some hormones can cause certain cancers to grow. if tests show that the cancer cells have places where hormones can attach (receptors), drugs, surgery, or radiation therapy is used to reduce the production of hormones or block them from working. the hormone estrogen, which makes some breast cancers grow, is made mainly by the ovaries. treatment to stop the ovaries from making estrogen is called ovarian ablation. hormone therapy with tamoxifen is often given to patients with early localized breast cancer that can be removed by surgery and those with metastatic breast cancer (cancer that has spread to other parts of the body). hormone therapy with tamoxifen or estrogens can act on cells all over the body and may increase the chance of developing endometrial cancer. women taking tamoxifen should have a pelvic exam every year to look for any signs of cancer. any vaginal bleeding, other than menstrual bleeding, should be reported to a doctor as soon as possible. hormone therapy with a luteinizing hormone-releasing hormone (lhrh) agonist is given to some premenopausal women who have just been diagnosed with hormone receptor positive breast cancer. lhrh agonists decrease the body's estrogen and progesterone. hormone therapy with an aromatase inhibitor is given to some postmenopausal women who have hormone receptor positive breast cancer. aromatase inhibitors decrease the body's estrogen by blocking an enzyme called aromatase from turning androgen into estrogen. anastrozole, letrozole, and exemestane are types of aromatase inhibitors. for the treatment of early localized breast cancer that can be removed by surgery, certain aromatase inhibitors may be used as adjuvant therapy instead of tamoxifen or after 2 to 3 years of tamoxifen use. for the treatment of metastatic breast cancer, aromatase inhibitors are being tested in clinical trials to compare them to hormone therapy with tamoxifen. other types of hormone therapy include megestrol acetate or anti-estrogen therapy such as fulvestrant. see drugs approved for breast cancer for more information. targeted therapy targeted therapy is a type of treatment that uses drugs or other substances to identify and attack specific cancer cells without harming normal cells. monoclonal antibodies, tyrosine kinase inhibitors, cyclin-dependent kinase inhibitors, mammalian target of rapamycin (mtor) inhibitors, and parp inhibitors are types of targeted therapies used in the treatment of breast cancer. monoclonal antibody therapy is a cancer treatment that uses antibodies made in the laboratory, from a single type of immune system cell. these antibodies can identify substances on cancer cells or normal substances that may help cancer cells grow. the antibodies attach to the substances and kill the cancer cells, block their growth, or keep them from spreading. monoclonal antibodies are given by infusion. they may be used alone or to carry drugs, toxins, or radioactive material directly to cancer cells. monoclonal antibodies may be used in combination with chemotherapy as adjuvant therapy. types of monoclonal antibody therapy include the following: - trastuzumab is a monoclonal antibody that blocks the effects of the growth factor protein her2, which sends growth signals to breast cancer cells. it may be used with other therapies to treat her2 positive breast cancer. - pertuzumab is a monoclonal antibody that may be combined with trastuzumab and chemotherapy to treat breast cancer. it may be used to treat certain patients with her2 positive breast cancer that has metastasized (spread to other parts of the body). it may also be used as neoadjuvant therapy in certain patients with early stage her2 positive breast cancer. - ado-trastuzumab emtansine is a monoclonal antibody linked to an anticancer drug. this is called an antibody-drug conjugate. it is used to treat her2 positive breast cancer that has spread to other parts of the body or recurred (come back). tyrosine kinase inhibitors are targeted therapy drugs that block signals needed for tumors to grow. tyrosine kinase inhibitors may be used with other anticancer drugs as adjuvant therapy. tyrosine kinase inhibitors include the following: - lapatinib is a tyrosine kinase inhibitor that blocks the effects of the her2 protein and other proteins inside tumor cells. it may be used with other drugs to treat patients with her2 positive breast cancer that has progressed after treatment with trastuzumab. cyclin-dependent kinase inhibitors are targeted therapy drugs that block proteins called cyclin-dependent kinases, which cause the growth of cancer cells. cyclin-dependent kinase inhibitors include the following: - palbociclib is a cyclin-dependent kinase inhibitor used with the drug letrozole to treat breast cancer that is estrogen receptor positive and her2 negative and has spread to other parts of the body. it is used in postmenopausal women whose cancer has not been treated with hormone therapy. palbociclib may also be used with fulvestrant in women whose disease has gotten worse after treatment with hormone therapy. - ribociclib is a cyclin-dependent kinase inhibitor used with letrozole to treat breast cancer that is hormone receptor positive and her2 negative and has come back or spread to other parts of the body. it is used in postmenopausal women whose cancer has not been treated with hormone therapy. mammalian target of rapamycin (mtor) inhibitors block a protein called mtor, which may keep cancer cells from growing and prevent the growth of new blood vessels that tumors need to grow. mtor inhibitors include the following: - everolimus is an mtor inhibitor used in postmenopausal women with advanced hormone receptor positive breast cancer that is also her2 negative and has not gotten better with other treatment. parp inhibitors are a type of targeted therapy that block dna repair and may cause cancer cells to die. parp inhibitor therapy is being studied for the treatment of patients with triple negative breast cancer or tumors with brca1 or brca2 mutations. see drugs approved for breast cancer for more information. new types of treatment are being tested in clinical trials. this summary section describes treatments that are being studied in clinical trials. it may not mention every new treatment being studied. information about clinical trials is available from the nci website. high-dose chemotherapy with stem cell transplant high-dose chemotherapy with stem cell transplant is a way of giving high doses of chemotherapy and replacing blood -forming cells destroyed by the cancer treatment. stem cells (immature blood cells) are removed from the blood or bone marrow of the patient or a donor and are frozen and stored. after the chemotherapy is completed, the stored stem cells are thawed and given back to the patient through an infusion. these reinfused stem cells grow into (and restore) the bodys blood cells. studies have shown that high-dose chemotherapy followed by stem cell transplant does not work better than standard chemotherapy in the treatment of breast cancer. doctors have decided that, for now, high-dose chemotherapy should be tested only in clinical trials. before taking part in such a trial, women should talk with their doctors about the serious side effects, including death, that may be caused by high-dose chemotherapy. treatment for breast cancer may cause side effects. for information about side effects that begin during treatment for cancer, see our side effects page. some treatments for breast cancer may cause side effects that continue or appear months or years after treatment has ended. these are called late effects. late effects of radiation therapy are not common, but may include: - inflammation of the lung after radiation therapy to the breast, especially when chemotherapy is given at the same time. - arm lymphedema, especially when radiation therapy is given after lymph node dissection. - in women younger than 45 years who receive radiation therapy to the chest wall after mastectomy, there may be a higher risk of developing breast cancer in the other breast. late effects of chemotherapy depend on the drugs used, but may include: - heart failure. - blood clots. - premature menopause. - second cancer, such as leukemia. late effects of targeted therapy with trastuzumab, lapatinib, or pertuzumab may include: - heart problems such as heart failure. patients may want to think about taking part in a clinical trial. for some patients, taking part in a clinical trial may be the best treatment choice. clinical trials are part of the cancer research process. clinical trials are done to find out if new cancer treatments are safe and effective or better than the standard treatment. many of today's standard treatments for cancer are based on earlier clinical trials. patients who take part in a clinical trial may receive the standard treatment or be among the first to receive a new treatment. patients who take part in clinical trials also help improve the way cancer will be treated in the future. even when clinical trials do not lead to effective new treatments, they often answer important questions and help move research forward. patients can enter clinical trials before, during, or after starting their cancer treatment. some clinical trials only include patients who have not yet received treatment. other trials test treatments for patients whose cancer has not gotten better. there are also clinical trials that test new ways to stop cancer from recurring (coming back) or reduce the side effects of cancer treatment. clinical trials are taking place in many parts of the country. see the treatment options section that follows for links to current treatment clinical trials. these have been retrieved from nci's listing of clinical trials. follow-up tests may be needed. some of the tests that were done to diagnose the cancer or to find out the stage of the cancer may be repeated. some tests will be repeated in order to see how well the treatment is working. decisions about whether to continue, change, or stop treatment may be based on the results of these tests. some of the tests will continue to be done from time to time after treatment has ended. the results of these tests can show if your condition has changed or if the cancer has recurred (come back). these tests are sometimes called follow-up tests or check-ups. treatment options for breast cancer early, localized, or operable breast cancer treatment of early, localized, or operable breast cancer may include the following: surgery - breast-conserving surgery and sentinel lymph node biopsy. if cancer is found in the lymph nodes, a lymph node dissection may be done. - modified radical mastectomy. breast reconstruction surgery may also be done. postoperative radiation therapy for women who had breast-conserving surgery, radiation therapy is given to the whole breast to lessen the chance the cancer will come back. radiation therapy may also be given to lymph nodes in the area. for women who had a modified radical mastectomy, radiation therapy may be given to lessen the chance the cancer will come back if any of the following are true: - cancer was found in 4 or more lymph nodes. - cancer had spread to tissue around the lymph nodes. - the tumor was large. - there is tumor close to or remaining in the tissue near the edges of where the tumor was removed. postoperative systemic therapy systemic therapy is the use of drugs that can enter the bloodstream and reach cancer cells throughout the body. postoperative systemic therapy is given to lessen the chance the cancer will come back after surgery to remove the tumor. postoperative systemic therapy is given depending on whether: - the tumor is hormone receptor negative or positive. - the tumor is her2/neu negative or positive. - the tumor is hormone receptor negative and her2/neu negative (triple negative). - the size of the tumor. in premenopausal women with hormone receptor positive tumors, no more treatment may be needed or postoperative therapy may include: - tamoxifen therapy with or without chemotherapy. - tamoxifen therapy and treatment to stop or lessen how much estrogen is made by the ovaries. drug therapy, surgery to remove the ovaries, or radiation therapy to the ovaries may be used. - aromatase inhibitor therapy and treatment to stop or lessen how much estrogen is made by the ovaries. drug therapy, surgery to remove the ovaries, or radiation therapy to the ovaries may be used. in postmenopausal women with hormone receptor positive tumors, no more treatment may be needed or postoperative therapy may include: - aromatase inhibitor therapy with or without chemotherapy. - tamoxifen followed by aromatase inhibitor therapy, with or without chemotherapy. in women with hormone receptor negative tumors, no more treatment may be needed or postoperative therapy may include: - chemotherapy. in women with her2/neu negative tumors, postoperative therapy may include: - chemotherapy. in women with small, her2/neu positive tumors, and no cancer in the lymph nodes, no more treatment may be needed. if there is cancer in the lymph nodes, or the tumor is large, postoperative therapy may include: - chemotherapy and targeted therapy (trastuzumab). - hormone therapy, such as tamoxifen or aromatase inhibitor therapy, for tumors that are also hormone receptor positive. in women with small, hormone receptor negative and her2/neu negative tumors (triple negative) and no cancer in the lymph nodes, no more treatment may be needed. if there is cancer in the lymph nodes or the tumor is large, postoperative therapy may include: - chemotherapy. - radiation therapy. - a clinical trial of a new chemotherapy regimen. - a clinical trial of parp inhibitor therapy. preoperative systemic therapy systemic therapy is the use of drugs that can enter the bloodstream and reach cancer cells throughout the body. preoperative systemic therapy is given to shrink the tumor before surgery. in postmenopausal women with hormone receptor positive tumors, preoperative therapy may include: - chemotherapy. - hormone therapy, such as tamoxifen or aromatase inhibitor therapy, for women who cannot have chemotherapy. in premenopausal women with hormone receptor positive tumors, preoperative therapy may include: - a clinical trial of hormone therapy, such as tamoxifen or aromatase inhibitor therapy. in women with her2/neu positive tumors, preoperative therapy may include: - chemotherapy and targeted therapy (trastuzumab). - targeted therapy (pertuzumab). in women with her2/neu negative tumors or triple negative tumors, preoperative therapy may include: - chemotherapy. check the list of nci-supported cancer clinical trials that are now accepting patients with stage i breast cancer, stage ii breast cancer, stage iiia breast cancer and stage iiic breast cancer. for more specific results, refine the search by using other search features, such as the location of the trial, the type of treatment, or the name of the drug. talk with your doctor about clinical trials that may be right for you. general information about clinical trials is available from the nci website. locally advanced or inflammatory breast cancer treatment of locally advanced or inflammatory breast cancer is a combination of therapies that may include the following: - surgery (breast-conserving surgery or total mastectomy) with lymph node dissection. - chemotherapy before and/or after surgery. - radiation therapy after surgery. - hormone therapy after surgery for tumors that are estrogen receptor positive or estrogen receptor unknown. - clinical trials testing new anticancer drugs, new drug combinations, and new ways of giving treatment. check the list of nci-supported cancer clinical trials that are now accepting patients with stage iiib breast cancer, stage iiic breast cancer, stage iv breast cancer and inflammatory breast cancer. for more specific results, refine the search by using other search features, such as the location of the trial, the type of treatment, or the name of the drug. talk with your doctor about clinical trials that may be right for you. general information about clinical trials is available from the nci website. locoregional recurrent breast cancer treatment of locoregional recurrent breast cancer (cancer that has come back after treatment in the breast, in the chest wall, or in nearby lymph nodes), may include the following: - chemotherapy. - hormone therapy for tumors that are hormone receptor positive. - radiation therapy. - surgery. - targeted therapy (trastuzumab). - a clinical trial of a new treatment. see the metastatic breast cancer section for information about treatment options for breast cancer that has spread to parts of the body outside the breast, chest wall, or nearby lymph nodes. check the list of nci-supported cancer clinical trials that are now accepting patients with recurrent breast cancer. for more specific results, refine the search by using other search features, such as the location of the trial, the type of treatment, or the name of the drug. talk with your doctor about clinical trials that may be right for you. general information about clinical trials is available from the nci website. metastatic breast cancer treatment options for metastatic breast cancer (cancer that has spread to distant parts of the body) may include the following: hormone therapy in postmenopausal women who have just been diagnosed with metastatic breast cancer that is hormone receptor positive or if the hormone receptor status is not known, treatment may include: - tamoxifen therapy. - aromatase inhibitor therapy (anastrozole, letrozole, or exemestane). sometimes cyclin-dependent kinase inhibitor therapy (palbociclib) is also given. in premenopausal women who have just been diagnosed with metastatic breast cancer that is hormone receptor positive, treatment may include: - tamoxifen, an lhrh agonist, or both. in women whose tumors are hormone receptor positive or hormone receptor unknown, with spread to the bone or soft tissue only, and who have been treated with tamoxifen, treatment may include: - aromatase inhibitor therapy. - other hormone therapy such as megestrol acetate, estrogen or androgen therapy, or anti-estrogen therapy such as fulvestrant. targeted therapy in women with metastatic breast cancer that is hormone receptor positive and has not responded to other treatments, options may include targeted therapy such as: - trastuzumab, lapatinib, pertuzumab, or mtor inhibitors. - antibody-drug conjugate therapy with ado-trastuzumab emtansine. - cyclin-dependent kinase inhibitor therapy (palbociclib) combined with letrozole. in women with metastatic breast cancer that is her2/neu positive, treatment may include: - targeted therapy such as trastuzumab, pertuzumab, ado-trastuzumab emtansine, or lapatinib. chemotherapy in women with metastatic breast cancer that is hormone receptor negative, has not responded to hormone therapy, has spread to other organs or has caused symptoms, treatment may include: - chemotherapy with one or more drugs. surgery - total mastectomy for women with open or painful breast lesions. radiation therapy may be given after surgery. - surgery to remove cancer that has spread to the brain or spine. radiation therapy may be given after surgery. - surgery to remove cancer that has spread to the lung. - surgery to repair or help support weak or broken bones. radiation therapy may be given after surgery. - surgery to remove fluid that has collected around the lungs or heart. radiation therapy - radiation therapy to the bones, brain, spinal cord, breast, or chest wall to relieve symptoms and improve quality of life. - strontium-89 (a radionuclide) to relieve pain from cancer that has spread to bones throughout the body. other treatment options other treatment options for metastatic breast cancer include: - drug therapy with bisphosphonates or denosumab to reduce bone disease and pain when cancer has spread to the bone. (see the pdq summary on cancer pain for more information about bisphosphonates.) - a clinical trial of high-dose chemotherapy with stem cell transplant. - clinical trials testing new anticancer drugs, new drug combinations, and new ways of giving treatment. check the list of nci-supported cancer clinical trials that are now accepting patients with metastatic cancer. for more specific results, refine the search by using other search features, such as the location of the trial, the type of treatment, or the name of the drug. talk with your doctor about clinical trials that may be right for you. general information about clinical trials is available from the nci website."
who is at risk for breast cancer? ?,"some women develop breast cancer and others do not, and the risk factors for the disease vary. breast cancer may affect younger women, but three-fourths of all breast cancers occur in women between the ages of 45 to 85. in situ and invasive breast cancer researchers often talk about breast cancer in two ways: in situ and invasive. in situ refers to cancer that has not spread beyond its site of origin. invasive applies to cancer that has spread to the tissue around it. this chart shows what the approximate chances are of a woman getting invasive breast cancer in her lifetime. risk factors risk factors are conditions or agents that increase a person's chances of getting a disease. here are the most common risk factors for breast cancer. - older age. the risk of breast cancer in a 70 year old woman is about 10 times that of a 30 year old woman, but risk decreases after age 85. older age. the risk of breast cancer in a 70 year old woman is about 10 times that of a 30 year old woman, but risk decreases after age 85. - personal and family history. a personal history of breast cancer or breast cancer among one or more of your close relatives, such as a sister, mother, or daughter. personal and family history. a personal history of breast cancer or breast cancer among one or more of your close relatives, such as a sister, mother, or daughter. - estrogen levels in the body. high estrogen levels over a long time may increase the risk of breast cancer. estrogen levels are highest during the years a woman is menstruating. estrogen levels in the body. high estrogen levels over a long time may increase the risk of breast cancer. estrogen levels are highest during the years a woman is menstruating. - never being pregnant or having your first child in your mid-30s or later. never being pregnant or having your first child in your mid-30s or later. - early menstruation. having your first menstrual period before age 12. early menstruation. having your first menstrual period before age 12. - breast density. women with very dense breasts have a higher risk of breast cancer than women with low or normal breast density. breast density. women with very dense breasts have a higher risk of breast cancer than women with low or normal breast density. - combination hormone replacement therapy/hormone therapy. estrogen, progestin, or both may be given to replace the estrogen no longer made by the ovaries in postmenopausal women or women who have had their ovaries removed. this is called hormone replacement therapy. (hrt) or hormone therapy (ht). combination hrt/ht is estrogen combined with progestin. this type of hrt/ht can increase the risk of breast cancer. combination hormone replacement therapy/hormone therapy. estrogen, progestin, or both may be given to replace the estrogen no longer made by the ovaries in postmenopausal women or women who have had their ovaries removed. this is called hormone replacement therapy. (hrt) or hormone therapy (ht). combination hrt/ht is estrogen combined with progestin. this type of hrt/ht can increase the risk of breast cancer. - exposure to radiation. radiation therapy to the chest for the treatment of cancer can increase the risk of breast cancer, starting 10 years after treatment. radiation therapy to treat cancer in one breast does not appear to increase the risk of cancer in the other breast. exposure to radiation. radiation therapy to the chest for the treatment of cancer can increase the risk of breast cancer, starting 10 years after treatment. radiation therapy to treat cancer in one breast does not appear to increase the risk of cancer in the other breast. - obesity. obesity increases the risk of breast cancer, especially in postmenopausal women who have not used hormone replacement therapy. obesity. obesity increases the risk of breast cancer, especially in postmenopausal women who have not used hormone replacement therapy. - alcohol. drinking alcohol increases the risk of breast cancer. the level of risk rises as the amount of alcohol consumed rises. alcohol. drinking alcohol increases the risk of breast cancer. the level of risk rises as the amount of alcohol consumed rises. - gaining weight after menopause, especially after natural menopause and/or after age 60. gaining weight after menopause, especially after natural menopause and/or after age 60. - race. white women are at greater risk than black women. however, black women diagnosed with breast cancer are more likely to die of the disease. race. white women are at greater risk than black women. however, black women diagnosed with breast cancer are more likely to die of the disease. - inherited gene changes. women who have inherited certain changes in the genes named brca1 and brca2 have a higher risk of breast cancer, ovarian cancer and maybe colon cancer. the risk of breast cancer caused by inherited gene changes depends on the type of gene mutation, family history of cancer, and other factors. men who have inherited certain changes in the brca2 gene have a higher risk of breast, prostate and pancreatic cancers, and lymphoma. inherited gene changes. women who have inherited certain changes in the genes named brca1 and brca2 have a higher risk of breast cancer, ovarian cancer and maybe colon cancer. the risk of breast cancer caused by inherited gene changes depends on the type of gene mutation, family history of cancer, and other factors. men who have inherited certain changes in the brca2 gene have a higher risk of breast, prostate and pancreatic cancers, and lymphoma. five percent to 10 percent of all breast cancers are thought to be inherited. get information about the brca1 and brca2 genetic mutations and testing for them. warning signs when breast cancer first develops, there may be no symptoms at all. but as the cancer grows, it can cause changes that women should watch for. you can help safeguard your health by learning the following warning signs of breast cancer. - a lump or thickening in or near the breast or in the underarm area - a change in the size or shape of the breast - a dimple or puckering in the skin of the breast - a nipple turned inward into the breast - fluid, other than breast milk, from the nipple, especially if it's bloody - scaly, red, or swollen skin on the breast, nipple, or areola (the dark area of skin around the nipple) - dimples in the breast that look like the skin of an orange. a lump or thickening in or near the breast or in the underarm area a change in the size or shape of the breast a dimple or puckering in the skin of the breast a nipple turned inward into the breast fluid, other than breast milk, from the nipple, especially if it's bloody scaly, red, or swollen skin on the breast, nipple, or areola (the dark area of skin around the nipple) dimples in the breast that look like the skin of an orange. don't ignore symptoms you should see your doctor about any symptoms like these. most often, they are not cancer, but it's important to check with the doctor so that any problems can be diagnosed and treated as early as possible. some women believe that as they age, health problems are due to ""growing older."" because of this myth, many illnesses go undiagnosed and untreated. don't ignore your symptoms because you think they are not important or because you believe they are normal for your age. talk to your doctor."
what is (are) copd ?,"copd (chronic obstructive pulmonary disease) makes it hard for you to breathe. the two main types are chronic bronchitis and emphysema. the main cause of copd is long-term exposure to substances that irritate and damage the lungs. this is usually cigarette smoke. air pollution, chemical fumes, or dust can also cause it. at first, copd may cause no symptoms or only mild symptoms. as the disease gets worse, symptoms usually become more severe. they include - a cough that produces a lot of mucus - shortness of breath, especially with physical activity - wheezing - chest tightness doctors use lung function tests, imaging tests, and blood tests to diagnose copd. there is no cure. treatments may relieve symptoms. they include medicines, oxygen therapy, surgery, or a lung transplant. quitting smoking is the most important step you can take to treat copd. nih: national heart, lung, and blood institute"
what is (are) copd ?,"chronic obstructive pulmonary disease, or copd, is a progressive lung disease in which the airways of the lungs become damaged, making it hard to breathe. you may also have heard copd called other names, like emphysema or chronic bronchitis. in people who have copd, the airways that carry air in and out of the lungs are partially blocked, making it difficult to get air in and out. copd is a major cause of death and illness throughout the world. it kills more than 120,000 americans each year. that's one death every 4 minutes. how copd affects airways the ""airways"" are the tubes that carry air in and out of the lungs through the nose and mouth. the airways of the lungs branch out like an upside-down tree. at the end of each branch are many small, balloon-like air sacs. in healthy people, the airways and air sacs are elastic (stretchy). when you breathe in, each air sac fills up with air, like a small balloon, and when you breathe out, the balloon deflates and the air goes out. in people with copd, the airways and air sacs lose their shape and become floppy. less air gets in and less air goes out of the airways because - the airways and air sacs lose their elasticity like an old rubber band. - the walls between many of the air sacs are destroyed. - the walls of the airways become thick and inflamed or swollen. - cells in the airways make more mucus or sputum than usual, which tends to clog the airways. the airways and air sacs lose their elasticity like an old rubber band. the walls between many of the air sacs are destroyed. the walls of the airways become thick and inflamed or swollen. cells in the airways make more mucus or sputum than usual, which tends to clog the airways. copd develops slowly, has no cure when copd is severe, shortness of breath and other symptoms of copd can get in the way of even the most basic tasks, such as doing light housework, taking a walk, even washing and dressing. copd develops slowly, and it may be many years before you notice symptoms like feeling short of breath. most of the time, copd is diagnosed in middle-aged or older people. there is no cure for copd. the damage to your airways and lungs cannot be reversed, but there are things you can do to control the disabling effects of the disease. copd is not contagious. you cannot catch it from someone else."
what is (are) copd ?,"chronic obstructive pulmonary disease, or copd, is a progressive lung disease in which the airways of the lungs become damaged, making it harder to breathe. with copd, airways become blocked, making it harder to get air in and out."
what are the symptoms of copd ?,"call your doctor right away if your symptoms worsen suddenly. people with copd may have symptoms that suddenly get worse. when this happens, you have a much harder time catching your breath. symptoms that worsen suddenly can include sudden chest tightness, more coughing, a change in your sputum (mucus), or fever. your doctor will look at things that may be causing these sudden symptoms. sometimes the symptoms are caused by a lung infection."
what are the treatments for copd ?,"bronchodilators and inhaled steroids are two medications used to treat copd. bronchodilators work by relaxing the muscles around the airways, opening them and making it easier to breathe. people with mild copd take bronchodilators using an inhaler only when needed. those with moderate or severe copd may need more regular treatment. inhaled steroids also are used for people with moderate or severe copd in order to reduce swelling in the airways."
how to diagnose copd ?,"if you have not been exercising regularly, you should get the advice of your doctor before starting. the symptoms of copd are different for each person. people with mild copd may not have much difficulty walking or exercising. as the symptoms of copd get worse over time, a person may have more difficulty with walking and exercising. you should talk to your doctor about exercising and whether you would benefit from a pulmonary or lung rehabilitation program."
what are the symptoms of copd ?,"the most common symptoms of copd are a cough that does not go away and coughing up a lot of sputum (mucus). these symptoms may occur years before lung damage has reduced the flow of air in and out of the lungs. other symptoms of copd include shortness of breath, especially with exercise; wheezing (a whistling sound when you breathe); and tightness in the chest."
how to diagnose copd ?,"to confirm a copd diagnosis, a doctor will use a breathing test called spirometry. the test is easy and painless. it shows how well the lungs are working. the spirometer measures how much air the lungs can hold and how fast air is blown out of the lungs. other tests, such as bronchodilator reversibility testing, a chest x-ray, and arterial blood gas test, may be ordered."
what causes copd ?,"smoking most cases of copd develop over time, from breathing in fumes and other things that irritate the lungs. some of the things that put you at risk for copd include smoking, environmental exposure, and genetic factors. cigarette smoking is the most common cause of copd in the united states (either current or former smokers). pipe, cigar, and other types of tobacco smoking can also cause copd, especially if the smoke is inhaled. environmental exposure copd can also occur in people who have had long-term exposure to things that can irritate your lungs, like chemical fumes, or dust from the environment or workplace. heavy or long-term exposure to secondhand smoke or other air pollutants may also contribute to copd even if you have never smoked or had long-term exposure to harmful pollutants. secondhand smoke is smoke in the air from other people smoking. genetic factors in a small number of people, copd is caused by a genetic condition known as alpha-1 antitrypsin, or aat, deficiency. people who have this condition have low levels of alpha-1 antitrypsin (aat)a protein made in the liver. having a low level of the aat protein can lead to lung damage and copd if you're exposed to smoke or other lung irritants. if you have this condition and smoke, copd can worsen very quickly. while very few people know if they have aat deficiency, it is estimated that about 1 in every 1,600 people to about 1 in every 5,000 people have it. people with aat deficiency can get copd even if they have never smoked or had long-term exposure to harmful pollutants. asthma although uncommon, some people who have asthma can develop copd. asthma is a chronic (long-term) lung disease that inflames and narrows the airways. treatment usually can reverse the inflammation and narrowing. however, if not, copd can develop."
what is (are) copd ?,"more information on copd is available at: what is copd? and at the learn more, breathe better campaign for information on quitting smoking, visit or smokefree.gov. for information on the h1n1 flu and copd, go to the centers for disease control and prevention."
what are the symptoms of copd ?,"common symptoms the most common symptoms of copd are - a cough that does not go away - coughing up lots of sputum (mucus). a cough that does not go away coughing up lots of sputum (mucus). these symptoms often start years before the flow of air in and out of the lungs is reduced. not everyone who has a cough and sputum goes on to develop copd. other common symptoms of copd include - shortness of breath while doing activities you used to be able to do - wheezing (a whistling sound when you breathe) - tightness in the chest. shortness of breath while doing activities you used to be able to do wheezing (a whistling sound when you breathe) tightness in the chest. getting a diagnosis your doctor will diagnose copd based on your signs and symptoms, your medical and family histories, and test results. if your doctor thinks you may have copd, he or she will examine you, listen to your lungs, and ask you questions about your medical history, and what lung irritants you may have been around for long periods of time. the spirometry test to confirm a diagnosis of copd, your doctor will use a breathing test called spirometry. the test is easy and painless and shows how much air you can breathe out and measures how fast you can breathe it out. in a spirometry test, you breathe hard into a large hose connected to a machine called a spirometer. when you breathe out, the spirometer measures how much air your lungs can hold and how fast you can blow air out of your lungs. spirometry can detect copd before symptoms develop. your doctor also might use the test results to find out how severe your copd is and to help set your treatment goals. the test results also may help find out whether another condition, such as asthma or heart failure, is causing your symptoms. determining copd severity based on this test, your doctor can determine if you have copd and how severe it is. there are four levels of severity for copd: - people at risk for copd - people with mild copd - people with moderate copd - people with severe copd. people at risk for copd people with mild copd people with moderate copd people with severe copd. people at risk for developing copd have a normal breathing test and mild symptoms such as chronic cough and sputum (mucus) production. people with mild copd have mild breathing limitation. symptoms may include a chronic cough and sputum (mucus) production. at this stage, you may not be aware that airflow in your lungs is reduced. people with moderate copd have a breathing test that shows worsening airflow blockages. symptoms may be worse than with mild copd and you may experience shortness of breath while working hard, walking fast, or doing brisk activity. at this stage, you would seek medical attention. people with severe copd have a breathing test that shows severe limitation of the airflow. people with severe copd will be short of breath after just a little activity. in very severe copd, complications like respiratory failure or signs of heart failure may develop. at this stage, quality of life is impaired and worsening symptoms may be life-threatening. other tests other tests are used to rule out other causes of the symptoms. - bronchodilator reversibility testing uses the spirometer and medications called bronchodilators to assess whether breathing problems may be caused by asthma. bronchodilator reversibility testing uses the spirometer and medications called bronchodilators to assess whether breathing problems may be caused by asthma. - a chest x-ray or a chest ct scan may also be ordered by your doctor. these tests create pictures of the structures inside your chest, such as your heart, lungs, and blood vessels. the pictures can show signs of copd. they also may show whether another condition, such as heart failure, is causing your symptoms. a chest x-ray or a chest ct scan may also be ordered by your doctor. these tests create pictures of the structures inside your chest, such as your heart, lungs, and blood vessels. the pictures can show signs of copd. they also may show whether another condition, such as heart failure, is causing your symptoms. - an arterial blood gas test is another test that is used. this blood test shows the oxygen level in the blood to see how severe your copd is and whether you need oxygen therapy. an arterial blood gas test is another test that is used. this blood test shows the oxygen level in the blood to see how severe your copd is and whether you need oxygen therapy."
what causes copd ?,"cigarette smoking is the most common cause of copd. most people with copd are smokers or have been smokers in the past. breathing in other fumes and dusts over long periods of time can also lead to copd. pipe, cigar, and other types of tobacco smoking can cause copd, especially if the smoke is inhaled. exposure to secondhand smoke can play a role in causing copd. most people with copd are at least 40 years old or around middle age when symptoms start."
what are the treatments for copd ?,"treatment for copd can be different for each person and is based on whether symptoms are mild, moderate or severe. treatments include medication, pulmonary or lung rehabilitation, oxygen treatment, and surgery. there are also treatments to manage complications or a sudden onset of symptoms."
what is (are) cataract ?,"a cataract is a clouding of the lens in your eye. it affects your vision. cataracts are very common in older people. by age 80, more than half of all americans either have a cataract or have had cataract surgery. a cataract can occur in either or both eyes. it cannot spread from one eye to the other. common symptoms are - blurry vision - colors that seem faded - glare - headlights, lamps or sunlight may seem too bright. you may also see a halo around lights. - not being able to see well at night - double vision - frequent prescription changes in your eye wear cataracts usually develop slowly. new glasses, brighter lighting, anti-glare sunglasses or magnifying lenses can help at first. surgery is also an option. it involves removing the cloudy lens and replacing it with an artificial lens. wearing sunglasses and a hat with a brim to block ultraviolet sunlight may help to delay cataracts. nih: national eye institute"
what is (are) cataract ?,"a clouding of the lens in the eye a cataract is a clouding of the lens in the eye that affects vision. the lens is a clear part of the eye that helps to focus light, or an image, on the retina. the retina is the light-sensitive tissue at the back of the eye. in a normal eye, light passes through the transparent lens to the retina. once it reaches the retina, light is changed into nerve signals that are sent to the brain. in a normal eye, light passes through the transparent lens to the retina. once it reaches the retina, light is changed into nerve signals that are sent to the brain. a cataract can occur in either or both eyes. it cannot spread from one eye to the other. cataracts and aging most cataracts are related to aging. cataracts are very common in older people. by age 80, more than half of all americans either have a cataract or have had cataract surgery."
what are the treatments for cataract ?,"a cataract needs to be removed only when vision loss interferes with your everyday activities, such as driving, reading, or watching tv. you and your eye care professional can make this decision together. is surgery right for you? once you understand the benefits and risks of surgery, you can make an informed decision about whether cataract surgery is right for you. in most cases, delaying cataract surgery will not cause long-term damage to your eye or make the surgery more difficult. you do not have to rush into surgery. sometimes a cataract should be removed even if it does not cause problems with your vision. for example, a cataract should be removed if it prevents examination or treatment of another eye problem, such as age-related macular degeneration or diabetic retinopathy. if you choose surgery, your eye care professional may refer you to a specialist to remove the cataract. if you have cataracts in both eyes that require surgery, the surgery will be performed on each eye at separate times, usually four to eight weeks apart. cataract removal is one of the most common operations performed in the united states. it also is one of the safest and most effective types of surgery. in about 90 percent of cases, people who have cataract surgery have better vision afterward. types of cataract surgery there are two types of cataract surgery, phacoemulsification and extracapsular surgery. your doctor can explain the differences and help determine which is better for you. with phacoemulsification, or phaco, a small incision is made on the side of the cornea, the clear, dome-shaped surface that covers the front of the eye. your doctor inserts a tiny probe into the eye. this device emits ultrasound waves that soften and break up the lens so that it can be removed by suction. most cataract surgery today is done by phacoemulsification, also called small incision cataract surgery. with extracapsular surgery, your doctor makes a longer incision on the side of the cornea and removes the cloudy core of the lens in one piece. the rest of the lens is removed by suction. an artificial lens replaces the natural lens after the natural lens has been removed, it usually is replaced by an artificial lens, called an intraocular lens, or iol. an iol is a clear, plastic lens that requires no care and becomes a permanent part of your eye. light is focused clearly by the iol onto the retina, improving your vision. you will not feel or see the new lens. the operation usually lasts less than one hour and is almost painless. many people choose to stay awake during surgery. you can return quickly to many everyday activities, but your vision may be blurry. the healing eye needs time to adjust so that it can focus properly with the other eye, especially if the other eye has a cataract. ask your doctor when you can resume driving. wearing sunglasses and a hat with a brim to block ultraviolet sunlight may help to delay cataract. if you smoke, stop. researchers also believe good nutrition can help reduce the risk of age-related cataract. they recommend eating green leafy vegetables, fruit, and other foods with antioxidants. if you are age 60 or older, you should have a comprehensive dilated eye exam at least once a year. in addition to cataract, your eye care professional can check for signs of age-related macular degeneration, glaucoma, and other vision disorders. for many eye diseases, early treatment may save your sight."
who is at risk for cataract? ?,"as with any surgery, cataract surgery poses risks such as infection and bleeding. before cataract surgery, your doctor may ask you to temporarily stop taking certain medications that increase the risk of bleeding during surgery. after surgery, you must keep your eye clean, wash your hands before touching your eye, and use the prescribed medications to help minimize the risk of infection. serious infection can result in loss of vision. cataract surgery slightly increases your risk of retinal detachment. other eye disorders, such as nearsightedness, can further increase your risk of retinal detachment after cataract surgery. a retinal detachment causes no pain. early treatment for retinal detachment often can prevent permanent loss of vision. the longer the retina stays detached, the less likely you will regain good vision once you are treated. even if you are treated promptly, some vision may be lost. talk to your eye care professional about these risks. make sure cataract surgery is right for you."
what is (are) cataract ?,"yes. there are two types of cataract surgery, phacoemulsification and extracapsular surgery. your doctor can explain the differences and help determine which is better for you. with phacoemulsification, or phaco, a small incision is made on the side of the cornea, the clear, dome-shaped surface that covers the front of the eye. your doctor inserts a tiny probe into the eye. this device emits ultrasound waves that soften and break up the lens so that it can be removed by suction. most cataract surgery today is done by phacoemulsification, also called ""small incision cataract surgery."" with extracapsular surgery, your doctor makes a longer incision on the side of the cornea and removes the cloudy core of the lens in one piece. the rest of the lens is removed by suction."
who is at risk for cataract? ?,"here are several things you can do to lower your risk for cataract. have regular eye exams. eye exams can help detect cataracts and other age-related eye problems at their earliest stages. if you are age 60 or older, you should have a comprehensive dilated eye exam at least once a year. in addition to cataract, your eye care professional can check for signs of age-related macular degeneration, glaucoma, and other vision disorders. for many eye diseases, early treatment may save your sight. quit smoking. ask your doctor for help to stop smoking. medications, counseling and other strategies are available to help you. wear sunglasses. wear sunglasses that block ultraviolet b (uvb) rays when you're outdoors. take care of other health problems. follow your treatment plan if you have diabetes or other medical conditions that can increase your risk of cataracts. maintain a healthy weight. if your current weight is a healthy one, work to maintain it by exercising most days of the week. if you're overweight or obese, work to lose weight slowly by reducing your calorie intake and increasing the amount of exercise you get each day. choose a healthy diet. a diet that includes plenty of colorful fruits and vegetables ensures that you're getting a lot of vitamins and nutrients, which in theory could prevent damage to your eye's lens."
who is at risk for cataract? ?,"the risk of cataract increases as you get older. besides age, other risk factors for cataract include - certain diseases like diabetes - personal behavior like smoking or alcohol use - environmental factors such as prolonged exposure to ultraviolet sunlight. certain diseases like diabetes personal behavior like smoking or alcohol use environmental factors such as prolonged exposure to ultraviolet sunlight."
what are the symptoms of cataract ?,"the most common symptoms of a cataract are - cloudy or blurry vision - colors seem faded - glare -- headlights, lamps, or sunlight appearing too bright, or a halo may appear around lights - poor night vision - double vision or multiple images in one eye - frequent prescription changes in your eyeglasses or contact lenses. cloudy or blurry vision colors seem faded glare -- headlights, lamps, or sunlight appearing too bright, or a halo may appear around lights poor night vision double vision or multiple images in one eye frequent prescription changes in your eyeglasses or contact lenses. these symptoms can also be a sign of other eye problems. if you have any of these symptoms, check with your eye care professional."
who is at risk for cataract? ?,"age-related cataracts develop in two ways. - clumps of protein reduce the sharpness of the image reaching the retina. - the clear lens slowly changes to a yellowish/brownish color, adding a brownish tint to vision. clumps of protein reduce the sharpness of the image reaching the retina. the clear lens slowly changes to a yellowish/brownish color, adding a brownish tint to vision. protein clumpings cloud the lens the lens consists mostly of water and protein. when the protein clumps up, it clouds the lens and reduces the light that reaches the retina. the clouding may become severe enough to cause blurred vision. most age-related cataracts develop from protein clumpings. when a cataract is small, the cloudiness affects only a small part of the lens. you may not notice any changes in your vision. cataracts tend to grow slowly, so vision gets worse gradually. over time, the cloudy area in the lens may get larger, and the cataract may increase in size. seeing may become more difficult. your vision may get duller or blurrier. discoloration of the lens cataracts cause the lens to change to a yellowish/brownish color. as the clear lens slowly colors with age, your vision gradually may acquire a brownish shade. at first, the amount of tinting may be small and may not cause a vision problem. over time, increased tinting may make it more difficult to read and perform other routine activities. this gradual change in the amount of tinting does not affect the sharpness of the image transmitted to the retina. if you have advanced lens discoloration, you may not be able to identify blues and purples. you may be wearing what you believe to be a pair of black socks, only to find out from friends that you are wearing purple socks. risk factors the risk of cataract increases as you get older. other risk factors for cataract include - certain diseases like diabetes - personal behavior like smoking or alcohol use - environmental factors such as prolonged exposure to ultraviolet sunlight. certain diseases like diabetes personal behavior like smoking or alcohol use environmental factors such as prolonged exposure to ultraviolet sunlight."
what is (are) cataract ?,"national eye institute national institutes of health 2020 vision place bethesda, md 20892-3655 301-496-5248 e-mail: 2020@nei.nih.gov for more information about intraocular lenses, or iols, contact: u.s. food and drug administration 10903 new hampshire avenue silver spring, md 20993-0002 1-888-463-6332 e-mail: webmail@oc.fda.gov"
what are the symptoms of cataract ?,"common symptoms the most common symptoms of a cataract are - cloudy or blurry vision and poor night vision - glare -- headlights, lamps, or sunlight may appear too bright or a halo may appear around lights - double vision or multiple images in one eye - frequent prescription changes in your eyeglasses or contact lenses. cloudy or blurry vision and poor night vision glare -- headlights, lamps, or sunlight may appear too bright or a halo may appear around lights double vision or multiple images in one eye frequent prescription changes in your eyeglasses or contact lenses. tests for cataract cataract is detected through a comprehensive eye exam that includes a visual acuity test, dilated eye exam, and tonometry. tests for cataract - the visual acuity test is an eye chart test that measures how well you see at various distances. - in the dilated eye exam, drops are placed in your eyes to widen, or dilate, the pupils. your eye care professional uses a special magnifying lens to examine your retina and optic nerve for signs of damage and other eye problems. - in tonometry, an instrument measures the pressure inside the eye. numbing drops may be applied to your eye for this test. the visual acuity test is an eye chart test that measures how well you see at various distances. in the dilated eye exam, drops are placed in your eyes to widen, or dilate, the pupils. your eye care professional uses a special magnifying lens to examine your retina and optic nerve for signs of damage and other eye problems. in tonometry, an instrument measures the pressure inside the eye. numbing drops may be applied to your eye for this test. dealing with symptoms the symptoms of early cataract may be improved with new eyeglasses, brighter lighting, anti-glare sunglasses, or magnifying lenses. if these measures do not help, surgery is the only effective treatment. surgery involves removing the cloudy lens and replacing it with an artificial lens."
what is (are) cataract ?,"the lens is a clear part of the eye that helps to focus light, or an image, on the retina. the retina is the light-sensitive tissue at the back of the eye. in a normal eye, light passes through the transparent lens to the retina. once it reaches the retina, light is changed into nerve signals that are sent to the brain. the lens must be clear for the retina to receive a sharp image. if the lens is cloudy from a cataract, the image you see will be blurred."
what is (are) cataract ?,"yes. although most cataracts are related to aging, there are other types of cataract. these include - secondary cataract - traumatic cataract - congenital cataract - radiation cataract. secondary cataract traumatic cataract congenital cataract radiation cataract. secondary cataracts can form after surgery for other eye problems, such as glaucoma. they also can develop in people who have other health problems, such as diabetes. secondary cataracts are sometimes linked to steroid use. traumatic cataracts can develop after an eye injury, sometimes years later. some babies are born with cataracts or develop them in childhood, often in both eyes. these congenital cataracts may be so small that they do not affect vision. if they do, the lenses may need to be removed. radiation cataracts can develop after exposure to some types of radiation."
what causes causes of diabetes ?,"type 2 diabetesthe most common form of diabetesis caused by a combination of factors, including insulin resistance, a condition in which the bodys muscle, fat, and liver cells do not use insulin effectively. type 2 diabetes develops when the body can no longer produce enough insulin to compensate for the impaired ability to use insulin. symptoms of type 2 diabetes may develop gradually and can be subtle; some people with type 2 diabetes remain undiagnosed for years. type 2 diabetes develops most often in middle-aged and older people who are also overweight or obese. the disease, once rare in youth, is becoming more common in overweight and obese children and adolescents. scientists think genetic susceptibility and environmental factors are the most likely triggers of type 2 diabetes. genetic susceptibility genes play a significant part in susceptibility to type 2 diabetes. having certain genes or combinations of genes may increase or decrease a persons risk for developing the disease. the role of genes is suggested by the high rate of type 2 diabetes in families and identical twins and wide variations in diabetes prevalence by ethnicity. type 2 diabetes occurs more frequently in african americans, alaska natives, american indians, hispanics/latinos, and some asian americans, native hawaiians, and pacific islander americans than it does in non-hispanic whites. recent studies have combined genetic data from large numbers of people, accelerating the pace of gene discovery. though scientists have now identified many gene variants that increase susceptibility to type 2 diabetes, the majority have yet to be discovered. the known genes appear to affect insulin production rather than insulin resistance. researchers are working to identify additional gene variants and to learn how they interact with one another and with environmental factors to cause diabetes. studies have shown that variants of the tcf7l2 gene increase susceptibility to type 2 diabetes. for people who inherit two copies of the variants, the risk of developing type 2 diabetes is about 80 percent higher than for those who do not carry the gene variant.1 however, even in those with the variant, diet and physical activity leading to weight loss help delay diabetes, according to the diabetes prevention program (dpp), a major clinical trial involving people at high risk. genes can also increase the risk of diabetes by increasing a persons tendency to become overweight or obese. one theory, known as the thrifty gene hypothesis, suggests certain genes increase the efficiency of metabolism to extract energy from food and store the energy for later use. this survival trait was advantageous for populations whose food supplies were scarce or unpredictable and could help keep people alive during famine. in modern times, however, when high-calorie foods are plentiful, such a trait can promote obesity and type 2 diabetes. obesity and physical inactivity physical inactivity and obesity are strongly associated with the development of type 2 diabetes. people who are genetically susceptible to type 2 diabetes are more vulnerable when these risk factors are present. an imbalance between caloric intake and physical activity can lead to obesity, which causes insulin resistance and is common in people with type 2 diabetes. central obesity, in which a person has excess abdominal fat, is a major risk factor not only for insulin resistance and type 2 diabetes but also for heart and blood vessel disease, also called cardiovascular disease (cvd). this excess belly fat produces hormones and other substances that can cause harmful, chronic effects in the body such as damage to blood vessels. the dpp and other studies show that millions of people can lower their risk for type 2 diabetes by making lifestyle changes and losing weight. the dpp proved that people with prediabetesat high risk of developing type 2 diabetescould sharply lower their risk by losing weight through regular physical activity and a diet low in fat and calories. in 2009, a follow-up study of dpp participantsthe diabetes prevention program outcomes study (dppos)showed that the benefits of weight loss lasted for at least 10 years after the original study began.2 read more about the dpp, funded under national institutes of health (nih) clinical trial number nct00004992, and the dppos, funded under nih clinical trial number nct00038727 in diabetes prevention program. insulin resistance insulin resistance is a common condition in people who are overweight or obese, have excess abdominal fat, and are not physically active. muscle, fat, and liver cells stop responding properly to insulin, forcing the pancreas to compensate by producing extra insulin. as long as beta cells are able to produce enough insulin, blood glucose levels stay in the normal range. but when insulin production falters because of beta cell dysfunction, glucose levels rise, leading to prediabetes or diabetes. abnormal glucose production by the liver in some people with diabetes, an abnormal increase in glucose production by the liver also contributes to high blood glucose levels. normally, the pancreas releases the hormone glucagon when blood glucose and insulin levels are low. glucagon stimulates the liver to produce glucose and release it into the bloodstream. but when blood glucose and insulin levels are high after a meal, glucagon levels drop, and the liver stores excess glucose for later, when it is needed. for reasons not completely understood, in many people with diabetes, glucagon levels stay higher than needed. high glucagon levels cause the liver to produce unneeded glucose, which contributes to high blood glucose levels. metformin, the most commonly used drug to treat type 2 diabetes, reduces glucose production by the liver. the roles of insulin and glucagon in normal blood glucose regulation a healthy persons body keeps blood glucose levels in a normal range through several complex mechanisms. insulin and glucagon, two hormones made in the pancreas, help regulate blood glucose levels: - insulin, made by beta cells, lowers elevated blood glucose levels. - glucagon, made by alpha cells, raises low blood glucose levels. - insulin helps muscle, fat, and liver cells absorb glucose from the bloodstream, lowering blood glucose levels. - insulin stimulates the liver and muscle tissue to store excess glucose. the stored form of glucose is called glycogen. - insulin also lowers blood glucose levels by reducing glucose production in the liver. - glucagon signals the liver and muscle tissue to break down glycogen into glucose, which enters the bloodstream and raises blood glucose levels. - if the body needs more glucose, glucagon stimulates the liver to make glucose from amino acids. metabolic syndrome metabolic syndrome, also called insulin resistance syndrome, refers to a group of conditions common in people with insulin resistance, including - higher than normal blood glucose levels - increased waist size due to excess abdominal fat - high blood pressure - abnormal levels of cholesterol and triglycerides in the blood cell signaling and regulation cells communicate through a complex network of molecular signaling pathways. for example, on cell surfaces, insulin receptor molecules capture, or bind, insulin molecules circulating in the bloodstream. this interaction between insulin and its receptor prompts the biochemical signals that enable the cells to absorb glucose from the blood and use it for energy. problems in cell signaling systems can set off a chain reaction that leads to diabetes or other diseases. many studies have focused on how insulin signals cells to communicate and regulate action. researchers have identified proteins and pathways that transmit the insulin signal and have mapped interactions between insulin and body tissues, including the way insulin helps the liver control blood glucose levels. researchers have also found that key signals also come from fat cells, which produce substances that cause inflammation and insulin resistance. this work holds the key to combating insulin resistance and diabetes. as scientists learn more about cell signaling systems involved in glucose regulation, they will have more opportunities to develop effective treatments. beta cell dysfunction scientists think beta cell dysfunction is a key contributor to type 2 diabetes. beta cell impairment can cause inadequate or abnormal patterns of insulin release. also, beta cells may be damaged by high blood glucose itself, a condition called glucose toxicity. scientists have not determined the causes of beta cell dysfunction in most cases. single gene defects lead to specific forms of diabetes called maturity-onset diabetes of the young (mody). the genes involved regulate insulin production in the beta cells. although these forms of diabetes are rare, they provide clues as to how beta cell function may be affected by key regulatory factors. other gene variants are involved in determining the number and function of beta cells. but these variants account for only a small percentage of type 2 diabetes cases. malnutrition early in life is also being investigated as a cause of beta cell dysfunction. the metabolic environment of the developing fetus may also create a predisposition for diabetes later in life. risk factors for type 2 diabetes people who develop type 2 diabetes are more likely to have the following characteristics: - age 45 or older - overweight or obese - physically inactive - parent or sibling with diabetes - family background that is african american, alaska native, american indian, asian american, hispanic/latino, or pacific islander american - history of giving birth to a baby weighing more than 9 pounds - history of gestational diabetes - high blood pressure140/90 or aboveor being treated for high blood pressure - high-density lipoprotein (hdl), or good, cholesterol below 35 milligrams per deciliter (mg/dl), or a triglyceride level above 250 mg/dl - polycystic ovary syndrome, also called pcos - prediabetesan a1c level of 5.7 to 6.4 percent; a fasting plasma glucose test result of 100125 mg/dl, called impaired fasting glucose; or a 2-hour oral glucose tolerance test result of 140199, called impaired glucose tolerance - acanthosis nigricans, a condition associated with insulin resistance, characterized by a dark, velvety rash around the neck or armpits - history of cvd the american diabetes association (ada) recommends that testing to detect prediabetes and type 2 diabetes be considered in adults who are overweight or obese and have one or more additional risk factors for diabetes. in adults without these risk factors, testing should begin at age 45."
what causes causes of diabetes ?,"other types of diabetes have a variety of possible causes. genetic mutations affecting beta cells, insulin, and insulin action some relatively uncommon forms of diabetes known as monogenic diabetes are caused by mutations, or changes, in a single gene. these mutations are usually inherited, but sometimes the gene mutation occurs spontaneously. most of these gene mutations cause diabetes by reducing beta cells ability to produce insulin. the most common types of monogenic diabetes are neonatal diabetes mellitus (ndm) and mody. ndm occurs in the first 6 months of life. mody is usually found during adolescence or early adulthood but sometimes is not diagnosed until later in life. more information about ndm and mody is provided in the niddk health topic, monogenic forms of diabetes. other rare genetic mutations can cause diabetes by damaging the quality of insulin the body produces or by causing abnormalities in insulin receptors. other genetic diseases diabetes occurs in people with down syndrome, klinefelter syndrome, and turner syndrome at higher rates than the general population. scientists are investigating whether genes that may predispose people to genetic syndromes also predispose them to diabetes. the genetic disorders cystic fibrosis and hemochromatosis are linked to diabetes. cystic fibrosis produces abnormally thick mucus, which blocks the pancreas. the risk of diabetes increases with age in people with cystic fibrosis. hemochromatosis causes the body to store too much iron. if the disorder is not treated, iron can build up in and damage the pancreas and other organs. damage to or removal of the pancreas pancreatitis, cancer, and trauma can all harm the pancreatic beta cells or impair insulin production, thus causing diabetes. if the damaged pancreas is removed, diabetes will occur due to the loss of the beta cells. endocrine diseases endocrine diseases affect organs that produce hormones. cushings syndrome and acromegaly are examples of hormonal disorders that can cause prediabetes and diabetes by inducing insulin resistance. cushings syndrome is marked by excessive production of cortisolsometimes called the stress hormone. acromegaly occurs when the body produces too much growth hormone. glucagonoma, a rare tumor of the pancreas, can also cause diabetes. the tumor causes the body to produce too much glucagon. hyperthyroidism, a disorder that occurs when the thyroid gland produces too much thyroid hormone, can also cause elevated blood glucose levels. autoimmune disorders rare disorders characterized by antibodies that disrupt insulin action can lead to diabetes. this kind of diabetes is often associated with other autoimmune disorders such as lupus erythematosus. another rare autoimmune disorder called stiff-man syndrome is associated with antibodies that attack the beta cells, similar to type 1 diabetes. medications and chemical toxins some medications, such as nicotinic acid and certain types of diuretics, anti-seizure drugs, psychiatric drugs, and drugs to treat human immunodeficiency virus (hiv), can impair beta cells or disrupt insulin action. pentamidine, a drug prescribed to treat a type of pneumonia, can increase the risk of pancreatitis, beta cell damage, and diabetes. also, glucocorticoidssteroid hormones that are chemically similar to naturally produced cortisolmay impair insulin action. glucocorticoids are used to treat inflammatory illnesses such as rheumatoid arthritis, asthma, lupus, and ulcerative colitis. many chemical toxins can damage or destroy beta cells in animals, but only a few have been linked to diabetes in humans. for example, dioxina contaminant of the herbicide agent orange, used during the vietnam warmay be linked to the development of type 2 diabetes. in 2000, based on a report from the institute of medicine, the u.s. department of veterans affairs (va) added diabetes to the list of conditions for which vietnam veterans are eligible for disability compensation. also, a chemical in a rat poison no longer in use has been shown to cause diabetes if ingested. some studies suggest a high intake of nitrogen-containing chemicals such as nitrates and nitrites might increase the risk of diabetes. arsenic has also been studied for possible links to diabetes. lipodystrophy lipodystrophy is a condition in which fat tissue is lost or redistributed in the body. the condition is associated with insulin resistance and type 2 diabetes."
what causes causes of diabetes ?,"type 1 diabetes is caused by a lack of insulin due to the destruction of insulin-producing beta cells in the pancreas. in type 1 diabetesan autoimmune diseasethe bodys immune system attacks and destroys the beta cells. normally, the immune system protects the body from infection by identifying and destroying bacteria, viruses, and other potentially harmful foreign substances. but in autoimmune diseases, the immune system attacks the bodys own cells. in type 1 diabetes, beta cell destruction may take place over several years, but symptoms of the disease usually develop over a short period of time. type 1 diabetes typically occurs in children and young adults, though it can appear at any age. in the past, type 1 diabetes was called juvenile diabetes or insulin-dependent diabetes mellitus. latent autoimmune diabetes in adults (lada) may be a slowly developing kind of type 1 diabetes. diagnosis usually occurs after age 30. in lada, as in type 1 diabetes, the bodys immune system destroys the beta cells. at the time of diagnosis, people with lada may still produce their own insulin, but eventually most will need insulin shots or an insulin pump to control blood glucose levels. genetic susceptibility heredity plays an important part in determining who is likely to develop type 1 diabetes. genes are passed down from biological parent to child. genes carry instructions for making proteins that are needed for the bodys cells to function. many genes, as well as interactions among genes, are thought to influence susceptibility to and protection from type 1 diabetes. the key genes may vary in different population groups. variations in genes that affect more than 1 percent of a population group are called gene variants. certain gene variants that carry instructions for making proteins called human leukocyte antigens (hlas) on white blood cells are linked to the risk of developing type 1 diabetes. the proteins produced by hla genes help determine whether the immune system recognizes a cell as part of the body or as foreign material. some combinations of hla gene variants predict that a person will be at higher risk for type 1 diabetes, while other combinations are protective or have no effect on risk. while hla genes are the major risk genes for type 1 diabetes, many additional risk genes or gene regions have been found. not only can these genes help identify people at risk for type 1 diabetes, but they also provide important clues to help scientists better understand how the disease develops and identify potential targets for therapy and prevention. genetic testing can show what types of hla genes a person carries and can reveal other genes linked to diabetes. however, most genetic testing is done in a research setting and is not yet available to individuals. scientists are studying how the results of genetic testing can be used to improve type 1 diabetes prevention or treatment. autoimmune destruction of beta cells in type 1 diabetes, white blood cells called t cells attack and destroy beta cells. the process begins well before diabetes symptoms appear and continues after diagnosis. often, type 1 diabetes is not diagnosed until most beta cells have already been destroyed. at this point, a person needs daily insulin treatment to survive. finding ways to modify or stop this autoimmune process and preserve beta cell function is a major focus of current scientific research. recent research suggests insulin itself may be a key trigger of the immune attack on beta cells. the immune systems of people who are susceptible to developing type 1 diabetes respond to insulin as if it were a foreign substance, or antigen. to combat antigens, the body makes proteins called antibodies. antibodies to insulin and other proteins produced by beta cells are found in people with type 1 diabetes. researchers test for these antibodies to help identify people at increased risk of developing the disease. testing the types and levels of antibodies in the blood can help determine whether a person has type 1 diabetes, lada, or another type of diabetes. environmental factors environmental factors, such as foods, viruses, and toxins, may play a role in the development of type 1 diabetes, but the exact nature of their role has not been determined. some theories suggest that environmental factors trigger the autoimmune destruction of beta cells in people with a genetic susceptibility to diabetes. other theories suggest that environmental factors play an ongoing role in diabetes, even after diagnosis. viruses and infections. a virus cannot cause diabetes on its own, but people are sometimes diagnosed with type 1 diabetes during or after a viral infection, suggesting a link between the two. also, the onset of type 1 diabetes occurs more frequently during the winter when viral infections are more common. viruses possibly associated with type 1 diabetes include coxsackievirus b, cytomegalovirus, adenovirus, rubella, and mumps. scientists have described several ways these viruses may damage or destroy beta cells or possibly trigger an autoimmune response in susceptible people. for example, anti-islet antibodies have been found in patients with congenital rubella syndrome, and cytomegalovirus has been associated with significant beta cell damage and acute pancreatitisinflammation of the pancreas. scientists are trying to identify a virus that can cause type 1 diabetes so that a vaccine might be developed to prevent the disease. infant feeding practices. some studies have suggested that dietary factors may raise or lower the risk of developing type 1 diabetes. for example, breastfed infants and infants receiving vitamin d supplements may have a reduced risk of developing type 1 diabetes, while early exposure to cows milk and cereal proteins may increase risk. more research is needed to clarify how infant nutrition affects the risk for type 1 diabetes. read more in the centers for disease control and preventions (cdcs) publication national diabetes statistics report, 2014 at for information about research studies related to type 1 diabetes."
what is (are) causes of diabetes ?,"diabetes is a complex group of diseases with a variety of causes. people with diabetes have high blood glucose, also called high blood sugar or hyperglycemia. diabetes is a disorder of metabolismthe way the body uses digested food for energy. the digestive tract breaks down carbohydratessugars and starches found in many foodsinto glucose, a form of sugar that enters the bloodstream. with the help of the hormone insulin, cells throughout the body absorb glucose and use it for energy. diabetes develops when the body doesnt make enough insulin or is not able to use insulin effectively, or both. insulin is made in the pancreas, an organ located behind the stomach. the pancreas contains clusters of cells called islets. beta cells within the islets make insulin and release it into the blood. if beta cells dont produce enough insulin, or the body doesnt respond to the insulin that is present, glucose builds up in the blood instead of being absorbed by cells in the body, leading to prediabetes or diabetes. prediabetes is a condition in which blood glucose levels or a1c levelswhich reflect average blood glucose levelsare higher than normal but not high enough to be diagnosed as diabetes. in diabetes, the bodys cells are starved of energy despite high blood glucose levels. over time, high blood glucose damages nerves and blood vessels, leading to complications such as heart disease, stroke, kidney disease, blindness, dental disease, and amputations. other complications of diabetes may include increased susceptibility to other diseases, loss of mobility with aging, depression, and pregnancy problems. no one is certain what starts the processes that cause diabetes, but scientists believe genes and environmental factors interact to cause diabetes in most cases. the two main types of diabetes are type 1 diabetes and type 2 diabetes. a third type, gestational diabetes, develops only during pregnancy. other types of diabetes are caused by defects in specific genes, diseases of the pancreas, certain drugs or chemicals, infections, and other conditions. some people show signs of both type 1 and type 2 diabetes."
what is (are) causes of diabetes ?,"diabetes is a complex group of diseases with a variety of causes. people with diabetes have high blood glucose, also called high blood sugar or hyperglycemia. diabetes is a disorder of metabolismthe way the body uses digested food for energy. the digestive tract breaks down carbohydratessugars and starches found in many foodsinto glucose, a form of sugar that enters the bloodstream. with the help of the hormone insulin, cells throughout the body absorb glucose and use it for energy. diabetes develops when the body doesnt make enough insulin or is not able to use insulin effectively, or both. insulin is made in the pancreas, an organ located behind the stomach. the pancreas contains clusters of cells called islets. beta cells within the islets make insulin and release it into the blood. if beta cells dont produce enough insulin, or the body doesnt respond to the insulin that is present, glucose builds up in the blood instead of being absorbed by cells in the body, leading to prediabetes or diabetes. prediabetes is a condition in which blood glucose levels or a1c levelswhich reflect average blood glucose levelsare higher than normal but not high enough to be diagnosed as diabetes. in diabetes, the bodys cells are starved of energy despite high blood glucose levels. over time, high blood glucose damages nerves and blood vessels, leading to complications such as heart disease, stroke, kidney disease, blindness, dental disease, and amputations. other complications of diabetes may include increased susceptibility to other diseases, loss of mobility with aging, depression, and pregnancy problems. no one is certain what starts the processes that cause diabetes, but scientists believe genes and environmental factors interact to cause diabetes in most cases. the two main types of diabetes are type 1 diabetes and type 2 diabetes. a third type, gestational diabetes, develops only during pregnancy. other types of diabetes are caused by defects in specific genes, diseases of the pancreas, certain drugs or chemicals, infections, and other conditions. some people show signs of both type 1 and type 2 diabetes."
what causes causes of diabetes ?,"other types of diabetes have a variety of possible causes. genetic mutations affecting beta cells, insulin, and insulin action some relatively uncommon forms of diabetes known as monogenic diabetes are caused by mutations, or changes, in a single gene. these mutations are usually inherited, but sometimes the gene mutation occurs spontaneously. most of these gene mutations cause diabetes by reducing beta cells ability to produce insulin. the most common types of monogenic diabetes are neonatal diabetes mellitus (ndm) and mody. ndm occurs in the first 6 months of life. mody is usually found during adolescence or early adulthood but sometimes is not diagnosed until later in life. more information about ndm and mody is provided in the niddk health topic, monogenic forms of diabetes. other rare genetic mutations can cause diabetes by damaging the quality of insulin the body produces or by causing abnormalities in insulin receptors. other genetic diseases diabetes occurs in people with down syndrome, klinefelter syndrome, and turner syndrome at higher rates than the general population. scientists are investigating whether genes that may predispose people to genetic syndromes also predispose them to diabetes. the genetic disorders cystic fibrosis and hemochromatosis are linked to diabetes. cystic fibrosis produces abnormally thick mucus, which blocks the pancreas. the risk of diabetes increases with age in people with cystic fibrosis. hemochromatosis causes the body to store too much iron. if the disorder is not treated, iron can build up in and damage the pancreas and other organs. damage to or removal of the pancreas pancreatitis, cancer, and trauma can all harm the pancreatic beta cells or impair insulin production, thus causing diabetes. if the damaged pancreas is removed, diabetes will occur due to the loss of the beta cells. endocrine diseases endocrine diseases affect organs that produce hormones. cushings syndrome and acromegaly are examples of hormonal disorders that can cause prediabetes and diabetes by inducing insulin resistance. cushings syndrome is marked by excessive production of cortisolsometimes called the stress hormone. acromegaly occurs when the body produces too much growth hormone. glucagonoma, a rare tumor of the pancreas, can also cause diabetes. the tumor causes the body to produce too much glucagon. hyperthyroidism, a disorder that occurs when the thyroid gland produces too much thyroid hormone, can also cause elevated blood glucose levels. autoimmune disorders rare disorders characterized by antibodies that disrupt insulin action can lead to diabetes. this kind of diabetes is often associated with other autoimmune disorders such as lupus erythematosus. another rare autoimmune disorder called stiff-man syndrome is associated with antibodies that attack the beta cells, similar to type 1 diabetes. medications and chemical toxins some medications, such as nicotinic acid and certain types of diuretics, anti-seizure drugs, psychiatric drugs, and drugs to treat human immunodeficiency virus (hiv), can impair beta cells or disrupt insulin action. pentamidine, a drug prescribed to treat a type of pneumonia, can increase the risk of pancreatitis, beta cell damage, and diabetes. also, glucocorticoidssteroid hormones that are chemically similar to naturally produced cortisolmay impair insulin action. glucocorticoids are used to treat inflammatory illnesses such as rheumatoid arthritis, asthma, lupus, and ulcerative colitis. many chemical toxins can damage or destroy beta cells in animals, but only a few have been linked to diabetes in humans. for example, dioxina contaminant of the herbicide agent orange, used during the vietnam warmay be linked to the development of type 2 diabetes. in 2000, based on a report from the institute of medicine, the u.s. department of veterans affairs (va) added diabetes to the list of conditions for which vietnam veterans are eligible for disability compensation. also, a chemical in a rat poison no longer in use has been shown to cause diabetes if ingested. some studies suggest a high intake of nitrogen-containing chemicals such as nitrates and nitrites might increase the risk of diabetes. arsenic has also been studied for possible links to diabetes. lipodystrophy lipodystrophy is a condition in which fat tissue is lost or redistributed in the body. the condition is associated with insulin resistance and type 2 diabetes."
what causes causes of diabetes ?,"insulin resistance and beta cell dysfunction hormones produced by the placenta and other pregnancy-related factors contribute to insulin resistance, which occurs in all women during late pregnancy. insulin resistance increases the amount of insulin needed to control blood glucose levels. if the pancreas cant produce enough insulin due to beta cell dysfunction, gestational diabetes occurs. as with type 2 diabetes, excess weight is linked to gestational diabetes. overweight or obese women are at particularly high risk for gestational diabetes because they start pregnancy with a higher need for insulin due to insulin resistance. excessive weight gain during pregnancy may also increase risk. family history having a family history of diabetes is also a risk factor for gestational diabetes, suggesting that genes play a role in its development. genetics may also explain why the disorder occurs more frequently in african americans, american indians, and hispanics/latinos. many gene variants or combinations of variants may increase a womans risk for developing gestational diabetes. studies have found several gene variants associated with gestational diabetes, but these variants account for only a small fraction of women with gestational diabetes. future risk of type 2 diabetes because a womans hormones usually return to normal levels soon after giving birth, gestational diabetes disappears in most women after delivery. however, women who have gestational diabetes are more likely to develop gestational diabetes with future pregnancies and develop type 2 diabetes.3 women with gestational diabetes should be tested for persistent diabetes 6 to 12 weeks after delivery and at least every 3 years thereafter. also, exposure to high glucose levels during gestation increases a childs risk for becoming overweight or obese and for developing type 2 diabetes later on. the result may be a cycle of diabetes affecting multiple generations in a family. for both mother and child, maintaining a healthy body weight and being physically active may help prevent type 2 diabetes."
what causes causes of diabetes ?,"type 1 diabetes is caused by a lack of insulin due to the destruction of insulin-producing beta cells in the pancreas. in type 1 diabetesan autoimmune diseasethe bodys immune system attacks and destroys the beta cells. normally, the immune system protects the body from infection by identifying and destroying bacteria, viruses, and other potentially harmful foreign substances. but in autoimmune diseases, the immune system attacks the bodys own cells. in type 1 diabetes, beta cell destruction may take place over several years, but symptoms of the disease usually develop over a short period of time. type 1 diabetes typically occurs in children and young adults, though it can appear at any age. in the past, type 1 diabetes was called juvenile diabetes or insulin-dependent diabetes mellitus. latent autoimmune diabetes in adults (lada) may be a slowly developing kind of type 1 diabetes. diagnosis usually occurs after age 30. in lada, as in type 1 diabetes, the bodys immune system destroys the beta cells. at the time of diagnosis, people with lada may still produce their own insulin, but eventually most will need insulin shots or an insulin pump to control blood glucose levels. genetic susceptibility heredity plays an important part in determining who is likely to develop type 1 diabetes. genes are passed down from biological parent to child. genes carry instructions for making proteins that are needed for the bodys cells to function. many genes, as well as interactions among genes, are thought to influence susceptibility to and protection from type 1 diabetes. the key genes may vary in different population groups. variations in genes that affect more than 1 percent of a population group are called gene variants. certain gene variants that carry instructions for making proteins called human leukocyte antigens (hlas) on white blood cells are linked to the risk of developing type 1 diabetes. the proteins produced by hla genes help determine whether the immune system recognizes a cell as part of the body or as foreign material. some combinations of hla gene variants predict that a person will be at higher risk for type 1 diabetes, while other combinations are protective or have no effect on risk. while hla genes are the major risk genes for type 1 diabetes, many additional risk genes or gene regions have been found. not only can these genes help identify people at risk for type 1 diabetes, but they also provide important clues to help scientists better understand how the disease develops and identify potential targets for therapy and prevention. genetic testing can show what types of hla genes a person carries and can reveal other genes linked to diabetes. however, most genetic testing is done in a research setting and is not yet available to individuals. scientists are studying how the results of genetic testing can be used to improve type 1 diabetes prevention or treatment. autoimmune destruction of beta cells in type 1 diabetes, white blood cells called t cells attack and destroy beta cells. the process begins well before diabetes symptoms appear and continues after diagnosis. often, type 1 diabetes is not diagnosed until most beta cells have already been destroyed. at this point, a person needs daily insulin treatment to survive. finding ways to modify or stop this autoimmune process and preserve beta cell function is a major focus of current scientific research. recent research suggests insulin itself may be a key trigger of the immune attack on beta cells. the immune systems of people who are susceptible to developing type 1 diabetes respond to insulin as if it were a foreign substance, or antigen. to combat antigens, the body makes proteins called antibodies. antibodies to insulin and other proteins produced by beta cells are found in people with type 1 diabetes. researchers test for these antibodies to help identify people at increased risk of developing the disease. testing the types and levels of antibodies in the blood can help determine whether a person has type 1 diabetes, lada, or another type of diabetes. environmental factors environmental factors, such as foods, viruses, and toxins, may play a role in the development of type 1 diabetes, but the exact nature of their role has not been determined. some theories suggest that environmental factors trigger the autoimmune destruction of beta cells in people with a genetic susceptibility to diabetes. other theories suggest that environmental factors play an ongoing role in diabetes, even after diagnosis. viruses and infections. a virus cannot cause diabetes on its own, but people are sometimes diagnosed with type 1 diabetes during or after a viral infection, suggesting a link between the two. also, the onset of type 1 diabetes occurs more frequently during the winter when viral infections are more common. viruses possibly associated with type 1 diabetes include coxsackievirus b, cytomegalovirus, adenovirus, rubella, and mumps. scientists have described several ways these viruses may damage or destroy beta cells or possibly trigger an autoimmune response in susceptible people. for example, anti-islet antibodies have been found in patients with congenital rubella syndrome, and cytomegalovirus has been associated with significant beta cell damage and acute pancreatitisinflammation of the pancreas. scientists are trying to identify a virus that can cause type 1 diabetes so that a vaccine might be developed to prevent the disease. infant feeding practices. some studies have suggested that dietary factors may raise or lower the risk of developing type 1 diabetes. for example, breastfed infants and infants receiving vitamin d supplements may have a reduced risk of developing type 1 diabetes, while early exposure to cows milk and cereal proteins may increase risk. more research is needed to clarify how infant nutrition affects the risk for type 1 diabetes. read more in the centers for disease control and preventions (cdcs) publication national diabetes statistics report, 2014 at for information about research studies related to type 1 diabetes."
what causes causes of diabetes ?,"other types of diabetes have a variety of possible causes. genetic mutations affecting beta cells, insulin, and insulin action some relatively uncommon forms of diabetes known as monogenic diabetes are caused by mutations, or changes, in a single gene. these mutations are usually inherited, but sometimes the gene mutation occurs spontaneously. most of these gene mutations cause diabetes by reducing beta cells ability to produce insulin. the most common types of monogenic diabetes are neonatal diabetes mellitus (ndm) and mody. ndm occurs in the first 6 months of life. mody is usually found during adolescence or early adulthood but sometimes is not diagnosed until later in life. more information about ndm and mody is provided in the niddk health topic, monogenic forms of diabetes. other rare genetic mutations can cause diabetes by damaging the quality of insulin the body produces or by causing abnormalities in insulin receptors. other genetic diseases diabetes occurs in people with down syndrome, klinefelter syndrome, and turner syndrome at higher rates than the general population. scientists are investigating whether genes that may predispose people to genetic syndromes also predispose them to diabetes. the genetic disorders cystic fibrosis and hemochromatosis are linked to diabetes. cystic fibrosis produces abnormally thick mucus, which blocks the pancreas. the risk of diabetes increases with age in people with cystic fibrosis. hemochromatosis causes the body to store too much iron. if the disorder is not treated, iron can build up in and damage the pancreas and other organs. damage to or removal of the pancreas pancreatitis, cancer, and trauma can all harm the pancreatic beta cells or impair insulin production, thus causing diabetes. if the damaged pancreas is removed, diabetes will occur due to the loss of the beta cells. endocrine diseases endocrine diseases affect organs that produce hormones. cushings syndrome and acromegaly are examples of hormonal disorders that can cause prediabetes and diabetes by inducing insulin resistance. cushings syndrome is marked by excessive production of cortisolsometimes called the stress hormone. acromegaly occurs when the body produces too much growth hormone. glucagonoma, a rare tumor of the pancreas, can also cause diabetes. the tumor causes the body to produce too much glucagon. hyperthyroidism, a disorder that occurs when the thyroid gland produces too much thyroid hormone, can also cause elevated blood glucose levels. autoimmune disorders rare disorders characterized by antibodies that disrupt insulin action can lead to diabetes. this kind of diabetes is often associated with other autoimmune disorders such as lupus erythematosus. another rare autoimmune disorder called stiff-man syndrome is associated with antibodies that attack the beta cells, similar to type 1 diabetes. medications and chemical toxins some medications, such as nicotinic acid and certain types of diuretics, anti-seizure drugs, psychiatric drugs, and drugs to treat human immunodeficiency virus (hiv), can impair beta cells or disrupt insulin action. pentamidine, a drug prescribed to treat a type of pneumonia, can increase the risk of pancreatitis, beta cell damage, and diabetes. also, glucocorticoidssteroid hormones that are chemically similar to naturally produced cortisolmay impair insulin action. glucocorticoids are used to treat inflammatory illnesses such as rheumatoid arthritis, asthma, lupus, and ulcerative colitis. many chemical toxins can damage or destroy beta cells in animals, but only a few have been linked to diabetes in humans. for example, dioxina contaminant of the herbicide agent orange, used during the vietnam warmay be linked to the development of type 2 diabetes. in 2000, based on a report from the institute of medicine, the u.s. department of veterans affairs (va) added diabetes to the list of conditions for which vietnam veterans are eligible for disability compensation. also, a chemical in a rat poison no longer in use has been shown to cause diabetes if ingested. some studies suggest a high intake of nitrogen-containing chemicals such as nitrates and nitrites might increase the risk of diabetes. arsenic has also been studied for possible links to diabetes. lipodystrophy lipodystrophy is a condition in which fat tissue is lost or redistributed in the body. the condition is associated with insulin resistance and type 2 diabetes."
what to do for causes of diabetes ?,"- diabetes is a complex group of diseases with a variety of causes. scientists believe genes and environmental factors interact to cause diabetes in most cases. - people with diabetes have high blood glucose, also called high blood sugar or hyperglycemia. diabetes develops when the body doesnt make enough insulin or is not able to use insulin effectively, or both. - insulin is a hormone made by beta cells in the pancreas. insulin helps cells throughout the body absorb and use glucose for energy. if the body does not produce enough insulin or cannot use insulin effectively, glucose builds up in the blood instead of being absorbed by cells in the body, and the body is starved of energy. - prediabetes is a condition in which blood glucose levels or a1c levels are higher than normal but not high enough to be diagnosed as diabetes. people with prediabetes can substantially reduce their risk of developing diabetes by losing weight and increasing physical activity. - the two main types of diabetes are type 1 diabetes and type 2 diabetes. gestational diabetes is a third form of diabetes that develops only during pregnancy. - type 1 diabetes is caused by a lack of insulin due to the destruction of insulin-producing beta cells. in type 1 diabetesan autoimmune diseasethe bodys immune system attacks and destroys the beta cells. - type 2 diabetesthe most common form of diabetesis caused by a combination of factors, including insulin resistance, a condition in which the bodys muscle, fat, and liver cells do not use insulin effectively. type 2 diabetes develops when the body can no longer produce enough insulin to compensate for the impaired ability to use insulin. - scientists believe gestational diabetes is caused by the hormonal changes and metabolic demands of pregnancy together with genetic and environmental factors. risk factors for gestational diabetes include being overweight and having a family history of diabetes. - monogenic forms of diabetes are relatively uncommon and are caused by mutations in single genes that limit insulin production, quality, or action in the body. - other types of diabetes are caused by diseases and injuries that damage the pancreas; certain chemical toxins and medications; infections; and other conditions."
what causes causes of diabetes ?,"type 1 diabetes is caused by a lack of insulin due to the destruction of insulin-producing beta cells in the pancreas. in type 1 diabetesan autoimmune diseasethe bodys immune system attacks and destroys the beta cells. normally, the immune system protects the body from infection by identifying and destroying bacteria, viruses, and other potentially harmful foreign substances. but in autoimmune diseases, the immune system attacks the bodys own cells. in type 1 diabetes, beta cell destruction may take place over several years, but symptoms of the disease usually develop over a short period of time. type 1 diabetes typically occurs in children and young adults, though it can appear at any age. in the past, type 1 diabetes was called juvenile diabetes or insulin-dependent diabetes mellitus. latent autoimmune diabetes in adults (lada) may be a slowly developing kind of type 1 diabetes. diagnosis usually occurs after age 30. in lada, as in type 1 diabetes, the bodys immune system destroys the beta cells. at the time of diagnosis, people with lada may still produce their own insulin, but eventually most will need insulin shots or an insulin pump to control blood glucose levels. genetic susceptibility heredity plays an important part in determining who is likely to develop type 1 diabetes. genes are passed down from biological parent to child. genes carry instructions for making proteins that are needed for the bodys cells to function. many genes, as well as interactions among genes, are thought to influence susceptibility to and protection from type 1 diabetes. the key genes may vary in different population groups. variations in genes that affect more than 1 percent of a population group are called gene variants. certain gene variants that carry instructions for making proteins called human leukocyte antigens (hlas) on white blood cells are linked to the risk of developing type 1 diabetes. the proteins produced by hla genes help determine whether the immune system recognizes a cell as part of the body or as foreign material. some combinations of hla gene variants predict that a person will be at higher risk for type 1 diabetes, while other combinations are protective or have no effect on risk. while hla genes are the major risk genes for type 1 diabetes, many additional risk genes or gene regions have been found. not only can these genes help identify people at risk for type 1 diabetes, but they also provide important clues to help scientists better understand how the disease develops and identify potential targets for therapy and prevention. genetic testing can show what types of hla genes a person carries and can reveal other genes linked to diabetes. however, most genetic testing is done in a research setting and is not yet available to individuals. scientists are studying how the results of genetic testing can be used to improve type 1 diabetes prevention or treatment. autoimmune destruction of beta cells in type 1 diabetes, white blood cells called t cells attack and destroy beta cells. the process begins well before diabetes symptoms appear and continues after diagnosis. often, type 1 diabetes is not diagnosed until most beta cells have already been destroyed. at this point, a person needs daily insulin treatment to survive. finding ways to modify or stop this autoimmune process and preserve beta cell function is a major focus of current scientific research. recent research suggests insulin itself may be a key trigger of the immune attack on beta cells. the immune systems of people who are susceptible to developing type 1 diabetes respond to insulin as if it were a foreign substance, or antigen. to combat antigens, the body makes proteins called antibodies. antibodies to insulin and other proteins produced by beta cells are found in people with type 1 diabetes. researchers test for these antibodies to help identify people at increased risk of developing the disease. testing the types and levels of antibodies in the blood can help determine whether a person has type 1 diabetes, lada, or another type of diabetes. environmental factors environmental factors, such as foods, viruses, and toxins, may play a role in the development of type 1 diabetes, but the exact nature of their role has not been determined. some theories suggest that environmental factors trigger the autoimmune destruction of beta cells in people with a genetic susceptibility to diabetes. other theories suggest that environmental factors play an ongoing role in diabetes, even after diagnosis. viruses and infections. a virus cannot cause diabetes on its own, but people are sometimes diagnosed with type 1 diabetes during or after a viral infection, suggesting a link between the two. also, the onset of type 1 diabetes occurs more frequently during the winter when viral infections are more common. viruses possibly associated with type 1 diabetes include coxsackievirus b, cytomegalovirus, adenovirus, rubella, and mumps. scientists have described several ways these viruses may damage or destroy beta cells or possibly trigger an autoimmune response in susceptible people. for example, anti-islet antibodies have been found in patients with congenital rubella syndrome, and cytomegalovirus has been associated with significant beta cell damage and acute pancreatitisinflammation of the pancreas. scientists are trying to identify a virus that can cause type 1 diabetes so that a vaccine might be developed to prevent the disease. infant feeding practices. some studies have suggested that dietary factors may raise or lower the risk of developing type 1 diabetes. for example, breastfed infants and infants receiving vitamin d supplements may have a reduced risk of developing type 1 diabetes, while early exposure to cows milk and cereal proteins may increase risk. more research is needed to clarify how infant nutrition affects the risk for type 1 diabetes. read more in the centers for disease control and preventions (cdcs) publication national diabetes statistics report, 2014 at for information about research studies related to type 1 diabetes."
what causes causes of diabetes ?,"type 1 diabetes is caused by a lack of insulin due to the destruction of insulin-producing beta cells in the pancreas. in type 1 diabetesan autoimmune diseasethe bodys immune system attacks and destroys the beta cells. normally, the immune system protects the body from infection by identifying and destroying bacteria, viruses, and other potentially harmful foreign substances. but in autoimmune diseases, the immune system attacks the bodys own cells. in type 1 diabetes, beta cell destruction may take place over several years, but symptoms of the disease usually develop over a short period of time. type 1 diabetes typically occurs in children and young adults, though it can appear at any age. in the past, type 1 diabetes was called juvenile diabetes or insulin-dependent diabetes mellitus. latent autoimmune diabetes in adults (lada) may be a slowly developing kind of type 1 diabetes. diagnosis usually occurs after age 30. in lada, as in type 1 diabetes, the bodys immune system destroys the beta cells. at the time of diagnosis, people with lada may still produce their own insulin, but eventually most will need insulin shots or an insulin pump to control blood glucose levels. genetic susceptibility heredity plays an important part in determining who is likely to develop type 1 diabetes. genes are passed down from biological parent to child. genes carry instructions for making proteins that are needed for the bodys cells to function. many genes, as well as interactions among genes, are thought to influence susceptibility to and protection from type 1 diabetes. the key genes may vary in different population groups. variations in genes that affect more than 1 percent of a population group are called gene variants. certain gene variants that carry instructions for making proteins called human leukocyte antigens (hlas) on white blood cells are linked to the risk of developing type 1 diabetes. the proteins produced by hla genes help determine whether the immune system recognizes a cell as part of the body or as foreign material. some combinations of hla gene variants predict that a person will be at higher risk for type 1 diabetes, while other combinations are protective or have no effect on risk. while hla genes are the major risk genes for type 1 diabetes, many additional risk genes or gene regions have been found. not only can these genes help identify people at risk for type 1 diabetes, but they also provide important clues to help scientists better understand how the disease develops and identify potential targets for therapy and prevention. genetic testing can show what types of hla genes a person carries and can reveal other genes linked to diabetes. however, most genetic testing is done in a research setting and is not yet available to individuals. scientists are studying how the results of genetic testing can be used to improve type 1 diabetes prevention or treatment. autoimmune destruction of beta cells in type 1 diabetes, white blood cells called t cells attack and destroy beta cells. the process begins well before diabetes symptoms appear and continues after diagnosis. often, type 1 diabetes is not diagnosed until most beta cells have already been destroyed. at this point, a person needs daily insulin treatment to survive. finding ways to modify or stop this autoimmune process and preserve beta cell function is a major focus of current scientific research. recent research suggests insulin itself may be a key trigger of the immune attack on beta cells. the immune systems of people who are susceptible to developing type 1 diabetes respond to insulin as if it were a foreign substance, or antigen. to combat antigens, the body makes proteins called antibodies. antibodies to insulin and other proteins produced by beta cells are found in people with type 1 diabetes. researchers test for these antibodies to help identify people at increased risk of developing the disease. testing the types and levels of antibodies in the blood can help determine whether a person has type 1 diabetes, lada, or another type of diabetes. environmental factors environmental factors, such as foods, viruses, and toxins, may play a role in the development of type 1 diabetes, but the exact nature of their role has not been determined. some theories suggest that environmental factors trigger the autoimmune destruction of beta cells in people with a genetic susceptibility to diabetes. other theories suggest that environmental factors play an ongoing role in diabetes, even after diagnosis. viruses and infections. a virus cannot cause diabetes on its own, but people are sometimes diagnosed with type 1 diabetes during or after a viral infection, suggesting a link between the two. also, the onset of type 1 diabetes occurs more frequently during the winter when viral infections are more common. viruses possibly associated with type 1 diabetes include coxsackievirus b, cytomegalovirus, adenovirus, rubella, and mumps. scientists have described several ways these viruses may damage or destroy beta cells or possibly trigger an autoimmune response in susceptible people. for example, anti-islet antibodies have been found in patients with congenital rubella syndrome, and cytomegalovirus has been associated with significant beta cell damage and acute pancreatitisinflammation of the pancreas. scientists are trying to identify a virus that can cause type 1 diabetes so that a vaccine might be developed to prevent the disease. infant feeding practices. some studies have suggested that dietary factors may raise or lower the risk of developing type 1 diabetes. for example, breastfed infants and infants receiving vitamin d supplements may have a reduced risk of developing type 1 diabetes, while early exposure to cows milk and cereal proteins may increase risk. more research is needed to clarify how infant nutrition affects the risk for type 1 diabetes. read more in the centers for disease control and preventions (cdcs) publication national diabetes statistics report, 2014 at for information about research studies related to type 1 diabetes."
what causes causes of diabetes ?,"other types of diabetes have a variety of possible causes. genetic mutations affecting beta cells, insulin, and insulin action some relatively uncommon forms of diabetes known as monogenic diabetes are caused by mutations, or changes, in a single gene. these mutations are usually inherited, but sometimes the gene mutation occurs spontaneously. most of these gene mutations cause diabetes by reducing beta cells ability to produce insulin. the most common types of monogenic diabetes are neonatal diabetes mellitus (ndm) and mody. ndm occurs in the first 6 months of life. mody is usually found during adolescence or early adulthood but sometimes is not diagnosed until later in life. more information about ndm and mody is provided in the niddk health topic, monogenic forms of diabetes. other rare genetic mutations can cause diabetes by damaging the quality of insulin the body produces or by causing abnormalities in insulin receptors. other genetic diseases diabetes occurs in people with down syndrome, klinefelter syndrome, and turner syndrome at higher rates than the general population. scientists are investigating whether genes that may predispose people to genetic syndromes also predispose them to diabetes. the genetic disorders cystic fibrosis and hemochromatosis are linked to diabetes. cystic fibrosis produces abnormally thick mucus, which blocks the pancreas. the risk of diabetes increases with age in people with cystic fibrosis. hemochromatosis causes the body to store too much iron. if the disorder is not treated, iron can build up in and damage the pancreas and other organs. damage to or removal of the pancreas pancreatitis, cancer, and trauma can all harm the pancreatic beta cells or impair insulin production, thus causing diabetes. if the damaged pancreas is removed, diabetes will occur due to the loss of the beta cells. endocrine diseases endocrine diseases affect organs that produce hormones. cushings syndrome and acromegaly are examples of hormonal disorders that can cause prediabetes and diabetes by inducing insulin resistance. cushings syndrome is marked by excessive production of cortisolsometimes called the stress hormone. acromegaly occurs when the body produces too much growth hormone. glucagonoma, a rare tumor of the pancreas, can also cause diabetes. the tumor causes the body to produce too much glucagon. hyperthyroidism, a disorder that occurs when the thyroid gland produces too much thyroid hormone, can also cause elevated blood glucose levels. autoimmune disorders rare disorders characterized by antibodies that disrupt insulin action can lead to diabetes. this kind of diabetes is often associated with other autoimmune disorders such as lupus erythematosus. another rare autoimmune disorder called stiff-man syndrome is associated with antibodies that attack the beta cells, similar to type 1 diabetes. medications and chemical toxins some medications, such as nicotinic acid and certain types of diuretics, anti-seizure drugs, psychiatric drugs, and drugs to treat human immunodeficiency virus (hiv), can impair beta cells or disrupt insulin action. pentamidine, a drug prescribed to treat a type of pneumonia, can increase the risk of pancreatitis, beta cell damage, and diabetes. also, glucocorticoidssteroid hormones that are chemically similar to naturally produced cortisolmay impair insulin action. glucocorticoids are used to treat inflammatory illnesses such as rheumatoid arthritis, asthma, lupus, and ulcerative colitis. many chemical toxins can damage or destroy beta cells in animals, but only a few have been linked to diabetes in humans. for example, dioxina contaminant of the herbicide agent orange, used during the vietnam warmay be linked to the development of type 2 diabetes. in 2000, based on a report from the institute of medicine, the u.s. department of veterans affairs (va) added diabetes to the list of conditions for which vietnam veterans are eligible for disability compensation. also, a chemical in a rat poison no longer in use has been shown to cause diabetes if ingested. some studies suggest a high intake of nitrogen-containing chemicals such as nitrates and nitrites might increase the risk of diabetes. arsenic has also been studied for possible links to diabetes. lipodystrophy lipodystrophy is a condition in which fat tissue is lost or redistributed in the body. the condition is associated with insulin resistance and type 2 diabetes."
how to prevent colorectal cancer ?,"scientists have done research on chemoprevention -- the use of drugs to prevent cancer from developing in the first place. most of these studies have looked at people with high risk for the disease (where it runs in families) and not in the general population. for example, researchers have found that anti-inflammatory drugs helped keep intestinal tumors from forming, but serious side effects have been noted so researchers are proceeding cautiously. studies have shown that non-steroidal anti-inflammatory drugs can keep large bowel polyps from forming. bowel polyps can start out benign, or non-cancerous, but can become cancerous. serious cardiac effects of these drugs have been noted so researchers are also proceeding cautiously in recommending these drugs for prevention."
who is at risk for colorectal cancer? ?,"studies show that the following risk factors may increase a person's chances of developing colorectal cancer: age, polyps, personal history, family history, and ulcerative colitis."
what research (or clinical trials) is being done for colorectal cancer ?,"researchers continue to look at new ways to treat, diagnose, and prevent colorectal cancer. many are testing other types of treatments in clinical trials. advances in treatments studies have found that patients who took the drug avastin, a targeted chemotherapy drug, with their standard chemotherapy treatment had a longer progression-free survival than those who did not take avastin, but some studies have indicated that avastin does not extend life. (the generic name for avastin is bevacizumab.) scientists are also working on vaccines therapies and monoclonal antibodies that may improve how patients' immune systems respond to colorectal cancers. monoclonal antibodies are a single type of antibody that researchers make in large amounts in a laboratory. surgical techniques have reduced the number of patients needing a permanent colostomy. a colostomy is an opening made in the abdomen for waste to pass out of the body before it reaches the rectum. in many cases, the surgeon can reconnect the healthy parts of the colon back together after removing the cancer. this way, the colon can function just as it did before. the plco trial the national cancer institute's prostate, lung, colorectal, and ovarian cancer screening trial, or plco trial, recently provided results about the role of sigmoidoscopy in reducing deaths from colon and rectal cancers. the plco trial, involving 148,000 volunteers aged 55 to 74, compared two groups of people over a 10-year period and found that the group that received sigmoidoscopies had fewer deaths from colorectal cancer than those who did not get a sigmoidoscopy. nsaids and polyp formation preventing colorectal cancer is a concern of many researchers. studies have shown that non-steroidal anti-inflammatory drugs (nsaids) can keep large-bowel polyps from forming. bowel polyps can start out benign, or non-cancerous, but can become cancerous. however, the effects that these drugs have on the heart and other parts of the body is of concern, therefore these drugs should only be used for prevention under a doctor's supervision. genetic research genes involved in colorectal cancer continue to be identified and understood. hereditary nonpolyposis colorectal cancer, or hnpcc, is one condition that causes people in a certain family to develop colorectal cancer at a young age. the discovery of four genes involved with this disease has provided crucial clues about the role of dna repair in colorectal and other cancers. scientists are continuing to identify genes associated with colon cancers that run in families. using traditional screening methods on people from families that carry these genes may be another way to identify cancers at an early stage and cut deaths from colorectal cancer. genetic screening of people at high risk may become more common in the near future besides looking at genes in families, researchers in the the cancer genome atlas study looked at the genes of actual colon tumors to better understand the contribution that genes make to cancer. by looking at the genetic composition of the tumor, researchers were able to identify new mutations (changes) in the genes that can lead to cancer, including the genes braf and egrf."
what is (are) colorectal cancer ?,"the three standard treatments for colon cancer are surgery, chemotherapy, and radiation. surgery, however, is the most common first step in the treatment for all stages of colon cancer. surgery is an operation to remove the cancer. a doctor may remove the cancer using several types of surgery. for rectal cancer, radiation treatment also is an option."
who is at risk for colorectal cancer? ?,"scientists don't know exactly what causes colorectal cancer, but they have been able to identify some risk factors for the disease. a risk factor is anything that increases your chances of getting a disease. studies show that the following risk factors may increase a person's chances of developing colorectal cancer: age, polyps, personal history, family history, and ulcerative colitis. age colorectal cancer is more likely to occur as people get older. it is more common in people over the age of 50, but younger people can get it, too. in rare cases, it can occur in adolescence. polyps polyps are benign, or non-cancerous, growths on the inner wall of the colon and rectum. they are fairly common in people over age 50. some types of polyps increase a person's risk of developing colorectal cancer. not all polyps become cancerous, but nearly all colon cancers start as polyps. diet the link between diet and colorectal cancer is not firmly established. there is evidence that smoking cigarettes and drinking 3 or more alcoholic beverages daily may be associated with an increased risk of colorectal cancer. personal history research shows that women with a history of cancer of the ovary, uterus, or breast have a somewhat increased chance of developing colorectal cancer. also, a person who has already had colorectal cancer may develop this disease a second time. family history the parents, siblings, and children of a person who has had colorectal cancer are somewhat more likely to develop this type of cancer themselves. this is especially true if the relative had the cancer at a young age. if many family members have had colorectal cancer, the chances increase even more. ulcerative colitis ulcerative colitis is a condition in which there is a chronic break in the lining of the colon. having this condition increases a person's chance of developing colorectal cancer. genetic mutations researchers have identified genetic mutations, or abnormalities, that may be linked to the development of colon cancer. they are working to unravel the exact ways these genetic changes occur. recent results from the cancer genome atlas study of colorectal cancer point to several genes (braf and egrf among others) that may increase risk. if you have risk factors if you have one or more of these risk factors, it doesn't mean you will get colorectal cancer. it just increases the chances. you may wish to talk to your doctor about these risk factors. he or she may be able to suggest ways you can reduce your chances of developing colorectal cancer and plan an appropriate schedule for checkups."
what are the symptoms of colorectal cancer ?,"most cancers in their early, most treatable stages don't cause any symptoms. that is why it is important to have regular tests to check for cancer even when you might not notice anything wrong. common signs and symptoms when colorectal cancer first develops, there may be no symptoms at all. but as the cancer grows, it can cause changes that people should watch for. common signs and symptoms of colorectal cancer include: - a change in the frequency of bowel movements - diarrhea, constipation, or feeling that the bowel does not empty completely - either bright red or very dark blood in the stool - stools that are narrower than usual - general abdominal discomfort such as frequent gas pains, bloating, fullness, and/or cramps - weight loss with no known reason - constant tiredness - vomiting a change in the frequency of bowel movements diarrhea, constipation, or feeling that the bowel does not empty completely either bright red or very dark blood in the stool stools that are narrower than usual general abdominal discomfort such as frequent gas pains, bloating, fullness, and/or cramps weight loss with no known reason constant tiredness vomiting these symptoms may be caused by colorectal cancer or by other conditions. it is important to check with a doctor if you have symptoms because only a doctor can make a diagnosis. don't wait to feel pain. early cancer usually doesn't cause pain. lowering your risk factors lower your risk factors where possible. colon cancer can be prevented if polyps that lead to the cancer are detected and removed. if colon cancer is found in its earliest stages, it is up to 90 percent curable. tools for early detection beginning at age 50, the following tools are all used for early detection. they can help identify pre-cancerous conditions. if you are younger than 50 and one of your first-degree relatives has had colon cancer, you should consult with your doctor. tools used for early detection: - a fecal occult blood test, or fobt, is a test used to check for hidden blood in the stool. sometimes cancers or polyps can bleed, and fobt can detect small amounts of bleeding. newer, genetically-based stool tests are proving to be more accurate than older tests. - a sigmoidoscopy is an examination of the rectum and lower colon -- or sigmoid colon -- using a lighted instrument called a sigmoidoscope. - a colonoscopy is an examination of the rectum and the large intestine (but not the small intestine) using a lighted instrument called a colonoscope. - a virtual colonoscopy, which requires the same preparation as a standard colonoscopy, is done with an external scanning machine as opposed to a device inserted into the colon, although the colon does need to be inflated with gas for proper scanning. a fecal occult blood test, or fobt, is a test used to check for hidden blood in the stool. sometimes cancers or polyps can bleed, and fobt can detect small amounts of bleeding. newer, genetically-based stool tests are proving to be more accurate than older tests. a sigmoidoscopy is an examination of the rectum and lower colon -- or sigmoid colon -- using a lighted instrument called a sigmoidoscope. a colonoscopy is an examination of the rectum and the large intestine (but not the small intestine) using a lighted instrument called a colonoscope. a virtual colonoscopy, which requires the same preparation as a standard colonoscopy, is done with an external scanning machine as opposed to a device inserted into the colon, although the colon does need to be inflated with gas for proper scanning."
what is (are) colorectal cancer ?,"yes. in july 2008, the u.s. preventive services task force made its strongest ever recommendation for colorectal cancer screening: it suggested that all adults between ages 50 and 75 get screened, or tested, for the disease. the task force noted that various screening tests are available, making it possible for patients and their clinicians to decide which test is best for each person."
what is (are) colorectal cancer ?,"key points - colorectal cancer is a disease in which malignant (cancer) cells form in the tissues of the colon or the rectum. - colorectal cancer is the second leading cause of death from cancer in the united states. colorectal cancer is a disease in which malignant (cancer) cells form in the tissues of the colon or the rectum. the colon is part of the body's digestive system. the digestive system removes and processes nutrients (vitamins, minerals, carbohydrates, fats, proteins, and water) from foods and helps pass waste material out of the body. the digestive system is made up of the mouth, throat, esophagus, stomach, and the small and large intestines. the colon (large bowel) is the first part of the large intestine and is about 5 feet long. together, the rectum and anal canal make up the last part of the large intestine and are 6 to 8 inches long. the anal canal ends at the anus (the opening of the large intestine to the outside of the body). cancer that begins in the colon is called colon cancer, and cancer that begins in the rectum is called rectal cancer. cancer that affects either of these organs may also be called colorectal cancer. see the following pdq summaries for more information about colorectal cancer: - colorectal cancer screening - colon cancer treatment - rectal cancer treatment - genetics of colorectal cancer colorectal cancer is the second leading cause of death from cancer in the united states. the number of new colorectal cancer cases and the number of deaths from colorectal cancer are both decreasing a little bit each year. however, in adults younger than 50 years, the number of new colorectal cancer cases has slowly increased since 1998. the number of new colorectal cancers and deaths from colorectal cancer are higher in african americans than in other races. finding and treating colorectal cancer early may prevent death from colorectal cancer. screening tests may be used to help find colorectal cancer."
what is (are) colorectal cancer ?,"various drugs are under study as possible treatments for colorectal cancer. a 2005 study found that patients who took the drug avastintm with their standard chemotherapy treatment had a longer progression-free survival than those who did not take avastin, but the evidence is mixed on whether or not avastin can extend life. (the generic name for avastin is bevacizumab.) scientists are also working on vaccine therapies and monoclonal antibodies that may improve how patients' immune systems respond to colorectal cancers. monoclonal antibodies are a single type of antibody that researchers make in large amounts in a laboratory."
what is (are) colorectal cancer ?,"the body is made up of many types of cells. normally, cells grow, divide, and produce more cells as needed to keep the body healthy and functioning properly. sometimes, however, the process goes wrong. cells become abnormal and form more cells in an uncontrolled way. these extra cells form a mass of tissue, called a growth or tumor. tumors can be benign, which means non-cancerous, or malignant, which means cancerous."
how many people are affected by colorectal cancer ?,colorectal cancer accounts for almost ten percent of all cancer deaths in the united states. the risk of developing colorectal cancer rises after age 50. it is common in both men and women.
what are the treatments for colorectal cancer ?,"treatments are available for all patients who have colon cancer. the choice of treatment depends on the size, location, and stage of the cancer and on the patient's general health. doctors may suggest several treatments or combinations of treatments. surgery is the most common first step in a treatment regimen the three standard treatments for colon cancer are surgery, chemotherapy, and radiation. surgery, however, is the most common first step in the treatment for all stages of colon cancer. surgery is an operation to remove the cancer. a doctor may remove the cancer using several types of surgery. local excision if the cancer is found at a very early stage, the doctor may remove it without cutting through the abdominal wall. instead, the doctor may put a tube up the rectum into the colon and cut the cancer out. this is called a local excision. if the cancer is found in a polyp, which is a small bulging piece of tissue, the operation is called a polypectomy. colectomy if the cancer is larger, the surgeon will remove the cancer and a small amount of healthy tissue around it. this is called a colectomy. the surgeon may then sew the healthy parts of the colon together. usually, the surgeon will also remove lymph nodes near the colon and examine them under a microscope to see whether they contain cancer. colostomy if the doctor is not able to sew the two ends of the colon back together, an opening called a stoma is made on the abdomen for waste to pass out of the body before it reaches the rectum. this procedure is called a colostomy. sometimes the colostomy is needed only until the lower colon has healed, and then it can be reversed. but if the doctor needs to remove the entire lower colon or rectum, the colostomy may be permanent. adjuvant chemotherapy even if the doctor removes all of the cancer that can be seen at the time of the operation, many patients receive chemotherapy after surgery to kill any cancer cells that are left. chemotherapy treatment after surgery -- to increase the chances of a cure -- is called adjuvant therapy. researchers have found that patients who received adjuvant therapy usually survived longer and went for longer periods of time without a recurrence of colon cancer than patients treated with surgery alone. patients age 70 and older benefited from adjuvant treatment as much as their younger counterparts. in fact, adjuvant therapy is equally as effective -- and no more toxic -- for patients 70 and older as it is for younger patients, provided the older patients have no other serious diseases. adjuvant chemotherapy is standard treatment for patients whose cancer is operable and who are at high risk for a recurrence of the disease. most cases of colon cancer occur in individuals age 65 and over. but studies have shown that older patients receive adjuvant chemotherapy less frequently than younger patients. chemotherapy chemotherapy is the use of anti-cancer drugs to kill cancer cells. chemotherapy may be taken by mouth, or it may be put into the body by inserting a needle into a vein or muscle. one form of chemotherapy is called systemic treatment because the drugs enter the bloodstream, travel through the body, and can kill cancer cells throughout the body. the other form of chemotherapy is called targeted therapy because the drug affects only the factors that are causing the cancer and does not perturb the rest of the body. radiation therapy radiation therapy is the use of x-rays or other types of radiation to kill cancer cells and shrink tumors. most often, doctors use it for patients whose cancer is in the rectum. doctors may use radiation before surgery to shrink a tumor in the rectum and make it easier to remove. or, they may use it after surgery to destroy any cancer cells that remain in the treated area. the radiation may come from a machine or from implants placed directly into or near the tumor. radiation that comes from a machine is called external radiation. radiation that uses implants is known as internal radiation. some patients have both kinds of therapy."
who is at risk for colorectal cancer? ?,yes. ulcerative colitis is a condition in which there is a chronic break in the lining of the colon. it has been associated with an increased risk of colon cancer.
what is (are) diabetes ?,"diabetes is a disease in which your blood glucose, or blood sugar, levels are too high. glucose comes from the foods you eat. insulin is a hormone that helps the glucose get into your cells to give them energy. with type 1 diabetes, your body does not make insulin. with type 2 diabetes, the more common type, your body does not make or use insulin well. without enough insulin, the glucose stays in your blood. you can also have prediabetes. this means that your blood sugar is higher than normal but not high enough to be called diabetes. having prediabetes puts you at a higher risk of getting type 2 diabetes. over time, having too much glucose in your blood can cause serious problems. it can damage your eyes, kidneys, and nerves. diabetes can also cause heart disease, stroke and even the need to remove a limb. pregnant women can also get diabetes, called gestational diabetes. blood tests can show if you have diabetes. one type of test, the a1c, can also check on how you are managing your diabetes. exercise, weight control and sticking to your meal plan can help control your diabetes. you should also monitor your blood glucose level and take medicine if prescribed. nih: national institute of diabetes and digestive and kidney diseases"
what are the treatments for diabetes ?,"see your health care team at least twice a year to find and treat any problems early. ask what steps you can take to reach your goals. if you have diabetes, take these steps. at each visit, be sure you have a - blood pressure check - foot check - weight check - review of your self-care plan. blood pressure check foot check weight check review of your self-care plan. two times each year, get - an a1c test. it may be checked more often if it is over 7. an a1c test. it may be checked more often if it is over 7. once each year, be sure you have a - cholesterol test - triglyceride (try-gliss-er-ide) test - a type of blood fat - complete foot exam - dental exam to check teeth and gums. tell your dentist you have diabetes. - dilated eye exam to check for eye problems - flu shot - urine and a blood test to check for kidney problems. cholesterol test triglyceride (try-gliss-er-ide) test - a type of blood fat complete foot exam dental exam to check teeth and gums. tell your dentist you have diabetes. dilated eye exam to check for eye problems flu shot urine and a blood test to check for kidney problems. at least once, get a - pneumonia (nu-moh-nya) shot. pneumonia (nu-moh-nya) shot. if you have medicare, ask your health care team if medicare will cover some of the costs for - learning about healthy eating and diabetes self-care - special shoes, if you need them - medical supplies - diabetes medicines. learning about healthy eating and diabetes self-care special shoes, if you need them medical supplies diabetes medicines. (watch the video for important things to remember when visiting your health care team. to enlarge the video, click the brackets in the lower right-hand corner. to reduce the video, press the escape (esc) button on your keyboard.)"
what are the treatments for diabetes ?,"people with type 1 diabetes control their blood sugar with insulin -- either with shots or an insulin pen. many people with type 2 diabetes can control blood glucose levels with diet and exercise alone. others require oral medications or insulin, and some people may need to take both, along with lifestyle modification. (watch the video to learn how one woman manages her type 2 diabetes. to enlarge the video, click the brackets in the lower right-hand corner. to reduce the video, press the escape (esc) button on your keyboard.) to manage your diabetes, here are things to do every day. - take your medicines for diabetes and for any other health problems, even when you feel good. take your medicines for diabetes and for any other health problems, even when you feel good. - keep track of your blood glucose (blood sugar). you may want to check it one or more times a day. be sure to talk about it with your health care team. keep track of your blood glucose (blood sugar). you may want to check it one or more times a day. be sure to talk about it with your health care team. - check your blood pressure if your doctor advises and keep a record of it. check your blood pressure if your doctor advises and keep a record of it. - check your feet every day for cuts, blisters, red spots and swelling. call your health care team right away about any sores that do not go away. check your feet every day for cuts, blisters, red spots and swelling. call your health care team right away about any sores that do not go away. - brush your teeth and floss every day to keep your mouth, teeth and gums healthy. brush your teeth and floss every day to keep your mouth, teeth and gums healthy. - stop smoking. ask for help to quit. call 1-800 quit now ( 1-800-784-8669) stop smoking. ask for help to quit. call 1-800 quit now ( 1-800-784-8669) - eat well. ask your doctor to give you the name of someone trained to help you create a healthy eating plan, such as a dietitian. see small steps for eating healthy foods. eat well. ask your doctor to give you the name of someone trained to help you create a healthy eating plan, such as a dietitian. see small steps for eating healthy foods. - be active. try to exercise almost every day for a total of about 30 minutes. if you haven't exercised lately, begin slowly. to learn more, see exercise: how to get started, or visit go4life, the exercise and physical activity campaign for older adults from the national institute on aging. be active. try to exercise almost every day for a total of about 30 minutes. if you haven't exercised lately, begin slowly. to learn more, see exercise: how to get started, or visit go4life, the exercise and physical activity campaign for older adults from the national institute on aging."
what is (are) diabetes ?,"too much glucose in the blood diabetes means your blood glucose (often called blood sugar) is too high. your blood always has some glucose in it because your body needs glucose for energy to keep you going. but too much glucose in the blood isn't good for your health. glucose comes from the food you eat and is also made in your liver and muscles. your blood carries the glucose to all of the cells in your body. insulin is a chemical (a hormone) made by the pancreas. the pancreas releases insulin into the blood. insulin helps the glucose from food get into your cells. if your body does not make enough insulin or if the insulin doesn't work the way it should, glucose can't get into your cells. it stays in your blood instead. your blood glucose level then gets too high, causing pre-diabetes or diabetes. types of diabetes there are three main kinds of diabetes: type 1, type 2, and gestational diabetes. the result of type 1 and type 2 diabetes is the same: glucose builds up in the blood, while the cells are starved of energy. over the years, high blood glucose damages nerves and blood vessels, oftentimes leading to complications such as heart disease, stroke, blindness, kidney disease, nerve problems, gum infections, and amputation. type 1 diabetes type 1 diabetes, which used to be called called juvenile diabetes or insulin-dependent diabetes, develops most often in young people. however, type 1 diabetes can also develop in adults. with this form of diabetes, your body no longer makes insulin or doesnt make enough insulin because your immune system has attacked and destroyed the insulin-producing cells. about 5 to 10 percent of people with diabetes have type 1 diabetes. to survive, people with type 1 diabetes must have insulin delivered by injection or a pump. learn more about type 1 diabetes here. type 2 diabetes type 2 diabetes, which used to be called adult-onset diabetes or non insulin-dependent diabetes, is the most common form of diabetes. although people can develop type 2 diabetes at any age -- even during childhood -- type 2 diabetes develops most often in middle-aged and older people. type 2 diabetes usually begins with insulin resistancea condition that occurs when fat, muscle, and liver cells do not use insulin to carry glucose into the bodys cells to use for energy. as a result, the body needs more insulin to help glucose enter cells. at first, the pancreas keeps up with the added demand by making more insulin. over time, the pancreas doesnt make enough insulin when blood sugar levels increase, such as after meals. if your pancreas can no longer make enough insulin, you will need to treat your type 2 diabetes. learn more about type 2 diabetes here. gestational diabetes some women develop gestational diabetes during the late stages of pregnancy. gestational diabetes is caused by the hormones of pregnancy or a shortage of insulin. although this form of diabetes usually goes away after the baby is born, a woman who has had it and her child are more likely to develop diabetes later in life. prediabetes prediabetes means your blood glucose levels are higher than normal but not high enough for a diagnosis of diabetes. people with prediabetes are at an increased risk for developing type 2 diabetes and for heart disease and stroke. the good news is that if you have prediabetes, you can reduce your risk of getting type 2 diabetes. with modest weight loss and moderate physical activity, you can delay or prevent type 2 diabetes. learn more about prediabetes here. signs of diabetes many people with diabetes experience one or more symptoms, including extreme thirst or hunger, a frequent need to urinate and/or fatigue. some lose weight without trying. additional signs include sores that heal slowly, dry, itchy skin, loss of feeling or tingling in the feet and blurry eyesight. some people with diabetes, however, have no symptoms at all. how many have diabetes? nearly 29 million americans age 20 or older (12.3 percent of all people in this age group) have diabetes, according to 2014 estimates from the centers for disease control and prevention (cdc). about 1.9 million people aged 20 years or older were newly diagnosed with diabetes in 2010 alone. people can get diabetes at any age, but the risk increases as we get older. in 2014, over 11 million older adults living in the u.s -- nearly 26 percent of people 65 or older -- had diabetes. see more statistics about diabetes from the national diabetes statistics report 2014. (centers for disease control and prevention.) if diabetes is not managed diabetes is a very serious disease. over time, diabetes that is not well managed causes serious damage to the eyes, kidneys, nerves, heart, gums and teeth. if you have diabetes, you are more likely than people without diabetes to have heart disease or a stroke. people with diabetes also tend to develop heart disease or stroke at an earlier age than others. the best way to protect yourself from the serious complications of diabetes is to manage your blood glucose, blood pressure and cholesterol and to avoid smoking. it is not always easy, but people who make an ongoing effort to manage their diabetes can greatly improve their overall health."
what is (are) diabetes ?,"prediabetes means your blood glucose levels are higher than normal but not high enough for a diagnosis of diabetes. in 2012, about 86 million people in the u.s. had prediabetes, and 51% of those 65 or older had prediabetes. people with prediabetes are at an increased risk for developing type 2 diabetes and for heart disease and stroke. the good news is that if you have prediabetes, you can reduce your risk of getting type 2 diabetes. with modest weight loss and moderate physical activity, you can delay or prevent type 2 diabetes. learn more about prediabetes here."
what are the treatments for diabetes ?,"diabetes cannot be cured, but it can be managed. managing blood glucose (blood sugar) as well as blood pressure and cholesterol is the best defense against the serious complications of diabetes. know what to do every day to manage your diabetes, here are things to do every day. - take your medicines. - keep track of your blood glucose (blood sugar). - check your blood pressure if your doctor advises. - check your feet. - brush your teeth and floss. - stop smoking. - eat well. - be active. take your medicines. keep track of your blood glucose (blood sugar). check your blood pressure if your doctor advises. check your feet. brush your teeth and floss. stop smoking. eat well. be active. (watch the video to learn more about what one woman does to manage her diabetes every day. to enlarge the video, click the brackets in the lower right-hand corner. to reduce the video, press the escape (esc) button on your keyboard.) take your diabetes medicines people with type 1 diabetes control their blood sugar with insulin -- delivered either by injection or with a pump. many people with type 2 diabetes can control blood glucose levels with diet and exercise alone. others require oral medications or insulin, and some may need both, as well as lifestyle modification. ask your doctor if you need to take aspirin every day to prevent a heart attack or stroke. keep track of your blood glucose one of the best ways to find out how well you are taking care of your diabetes is to check your blood to see how much glucose is in it. if your blood has too much or too little glucose, you may need a change in your meal plan, exercise plan, or medication. ask your doctor how often you should check your blood glucose. some people check their blood glucose once a day. others do it three a day or even more. you may be told to check before eating, before bed, and sometimes in the middle of the night. your doctor or diabetes educator will show you how to check your blood using a blood glucose meter. your health insurance or medicare may pay for some of the supplies and equipment you need to check your glucose levels. see what diabetes supplies and services medicare covers. check your blood pressure check your blood pressure if your doctor advises and keep a record of it. you can check your pressure at home with a home blood pressure measurement device or monitor. blood pressure monitors can be bought at discount chain stores and drug stores. when you are taking your blood pressure at home, sit with your back supported and your feet flat on the floor. rest your arm on a table at the level of your heart. check with your health care provider to make sure you are using the monitor correctly. check your feet foot care is very important for people with diabetes. high blood glucose levels and a reduced blood supply to the limbs cause nerve damage that reduces feeling in the feet. someone with nerve damage may not feel a pebble inside his or her sock that is causing a sore. or a blister caused by poorly fitting shoes may go unnoticed. foot injuries such as these can cause ulcers, which may, if not cared for, ultimately lead to the need for amputation. if you have diabetes, - check your feet every day and watch for any cuts, sores, red spots, swelling, and infected toenails. - report sores, blisters, breaks in the skin, infections, or buildup of calluses to a podiatrist or a family doctor. - never walk barefoot. - have your feet checked at every doctor visit. - take your shoes and socks off when you go into the examining room. this will remind the doctor to check your feet. check your feet every day and watch for any cuts, sores, red spots, swelling, and infected toenails. report sores, blisters, breaks in the skin, infections, or buildup of calluses to a podiatrist or a family doctor. never walk barefoot. have your feet checked at every doctor visit. take your shoes and socks off when you go into the examining room. this will remind the doctor to check your feet. learn more about taking care of your feet. brush your teeth and floss people with diabetes can have tooth and gum problems more often if their blood glucose stays high. high blood glucose also can make tooth and gum problems worse. you can even lose your teeth. here are ways to protect your teeth and gums. - keep your blood glucose as close to normal as possible. - use dental floss at least once a day. flossing helps prevent the buildup of plaque on your teeth. plaque can harden and grow under your gums and cause problems. using a sawing motion, gently bring the floss between the teeth, scraping from bottom to top several times. - brush your teeth after each meal and snack. use a soft toothbrush. turn the bristles against the gum line and brush gently. use small, circular motions. brush the front, back, and top of each tooth. - if you wear false teeth, keep them clean. - call your dentist right away if you have problems with your teeth and gums. keep your blood glucose as close to normal as possible. use dental floss at least once a day. flossing helps prevent the buildup of plaque on your teeth. plaque can harden and grow under your gums and cause problems. using a sawing motion, gently bring the floss between the teeth, scraping from bottom to top several times. brush your teeth after each meal and snack. use a soft toothbrush. turn the bristles against the gum line and brush gently. use small, circular motions. brush the front, back, and top of each tooth. if you wear false teeth, keep them clean. call your dentist right away if you have problems with your teeth and gums. learn more about how diabetes can affect your mouth and teeth. stop smoking if you smoke, stop. smoking raises your risk for many diabetes problems, including heart attack and stroke. ask for help to quit. call 1-800 quitnow (1-800-784-8669). for more information on smoking and older adults, see quitting smoking for older adults. eat well people with diabetes don't need to buy or prepare special foods. the foods that are best for someone with diabetes are excellent choices for everyone: foods that are low in fat, salt, and sugar, and high in fiber, such as beans, fruits, vegetables, and whole grains. these foods help you reach and stay at a weight that's good for your body, keep your blood pressure, glucose and cholesterol in a desirable range, and prevent or delay heart and blood vessel disease. for more on healthy eating, see small steps for eating healthy foods. be active try to exercise almost every day for a total of about 30 to 60 minutes. if you haven't exercised lately, begin slowly. start with 5 to 10 minutes, and then add more time. or exercise for 10 minutes, three times a day. (tip: you dont need to get your exercise in all at one time.) for more information on exercise and older adults, see exercise: how to get started or visit go4life, the exercise and physical activity campaign for older adults from the national institute on aging. be sure to check with your doctor before starting an exercise program. other areas to manage here are other areas to manage if you have diabetes. - take care of your eyes. - protect your kidneys. - protect your skin. - learn how to cope with stress. take care of your eyes. protect your kidneys. protect your skin. learn how to cope with stress. take care of your eyes high blood glucose and high blood pressure from diabetes can hurt your eyes. it can even cause blindness, or other painful eye problems. here are ways to prevent diabetes eye problems. - keep your blood glucose and blood pressure as close to normal as you can. - have an eye care professional examine your eyes once a year. have this exam even if your vision is okay. keep your blood glucose and blood pressure as close to normal as you can. have an eye care professional examine your eyes once a year. have this exam even if your vision is okay. learn more about eye disease and diabetes. protect your kidneys high blood glucose and high blood pressure may damage the kidneys. damaged kidneys do not do a good job of filtering out wastes and extra fluid. here are ways to prevent diabetes kidney problems. - keep your blood glucose and blood pressure as close to your target goal as you can. - get tested at least once a year for kidney disease. ask your doctor if you should be tested. - follow the healthy eating plan you work out with your doctor or dietitian. if you already have kidney problems, your dietitian may suggest you cut back on protein. keep your blood glucose and blood pressure as close to your target goal as you can. get tested at least once a year for kidney disease. ask your doctor if you should be tested. follow the healthy eating plan you work out with your doctor or dietitian. if you already have kidney problems, your dietitian may suggest you cut back on protein. learn more about keeping your kidneys healthy. protect your skin skin care is very important, too. because people with diabetes may have more injuries and infections, they should protect their skin by keeping it clean and taking care of minor cuts and bruises. learn how to cope with stress stress can raise your blood glucose (blood sugar). while it is hard to remove stress from your life, you can learn to handle it. try deep breathing, gardening, taking a walk, meditating, working on your hobby, or listening to your favorite music."
what causes diabetes ?,"type 1 diabetes is an autoimmune disease. in an autoimmune reaction, antibodies, or immune cells, attach to the body's own healthy tissues by mistake, signaling the body to attack them. at present, scientists do not know exactly what causes the body's immune system to attack the insulin-producing cells in the pancreas in people with type 1 diabetes. however, many believe that both genetic factors and environmental factors are involved. studies now are underway to identify these factors and prevent type 1 diabetes in people at risk. type 2 diabetesthe most common form of diabetesis caused by a combination of factors, including insulin resistance, a condition in which the bodys muscle, fat, and liver cells do not use insulin effectively. type 2 diabetes develops when the body can no longer produce enough insulin to compensate for the impaired ability to use insulin. get more details about who should be tested for diabetes."
how to prevent diabetes ?,"the two most common forms of diabetes are type 1 and type 2. currently, there is no way to delay or prevent type 1 diabetes. however, research has shown that type 2 diabetes can be prevented or delayed in people at risk for the disease. preventing type 2 diabetes can mean a healthier and longer life without serious complications from the disease such as heart disease, stroke, blindness, kidney failure, and amputations. preventing type 2 diabetes before people develop type 2 diabetes, they usually have prediabetes -- a condition in which blood glucose levels are higher than normal, but not yet high enough for a diagnosis of diabetes. the good news is that if you have prediabetes, there are ways to reduce your risk of getting type 2 diabetes. with modest weight loss and moderate physical activity, you can delay or prevent type 2 diabetes benefits of weight loss and exercise the diabetes prevention program (dpp) is a landmark study by the national institute of diabetes and digestive and kidney diseases. dpp researchers found that adults at high risk for type 2 diabetes were able to cut their risk in half by losing a modest amount of weight and being active almost every day. this means losing 5 to 7 percent of body weight (that's 10 pounds if you weigh 200 pounds) and getting 150 minutes of physical activity a week. the drug metformin reduced the risk of type 2 diabetes by 34 percent but was more effective in younger and heavier adults. (watch the video to learn more about preventing type 2 diabetes. to enlarge the video, click the brackets in the lower right-hand corner. to reduce the video, press the escape (esc) button on your keyboard.) the benefits of weight loss and regular exercise have long-lasting value. in a dpp follow-up trial known as the diabetes prevention program outcome study (dppos), people at risk of type 2 diabetes who kept off the weight they had lost and who continued to exercise regularly delayed the onset of type 2 diabetes by about 4 years. the dpp study also showed that modest weight loss (achieved by following a low calorie, low-fat diet) and moderate physical activity were especially effective in preventing or delaying the development of diabetes in older people. in fact, people over the age of 60 were able to reduce their risk for developing type 2 diabetes by 71 percent. how to lower your risk making modest lifestyle changes can help prevent or delay type 2 diabetes in people who are at risk. here are some tips. reach and maintain a reasonable body weight your weight affects your health in many ways. being overweight can keep your body from making and using insulin properly. it can also cause high blood pressure. the body mass index chart (seen here) can be used to find out whether someone is normal weight, overweight, or obese. body mass index is a measurement of body weight relative to height for adults age 20 or older. to use the chart - find the person's height in the left-hand column - move across the row to find the number closest to the person's weight - find the number at the top of that column - the number at the top of the column is the persons bmi. find the person's height in the left-hand column move across the row to find the number closest to the person's weight find the number at the top of that column the number at the top of the column is the persons bmi. the words above the bmi number indicate whether the person is normal weight, overweight, or obese. people who are overweight or obese should consider talking with a health care provider about ways to lose weight and reduce the risk of diabetes. the bmi has certain limitations. the bmi may overestimate body fat in athletes and others who have a muscular build and underestimate body fat in older adults and others who have lost muscle. waist measurement. in addition to weight, the location of excess fat on the body can be important. a waist measurement of 40 inches or more for men and 35 inches or more for women is linked to insulin resistance and increases a persons risk for type 2 diabetes. this is true even if a persons body mass index (bmi) falls within the normal range. to measure the waist, a person should - place a tape measure around the bare abdomen just above the hip bone - make sure the tape is snug but isnt digging into the skin and is parallel to the floor - relax, exhale, and measure. place a tape measure around the bare abdomen just above the hip bone make sure the tape is snug but isnt digging into the skin and is parallel to the floor relax, exhale, and measure. make healthy food choices what you eat has a big impact on your weight and overall health. by developing healthy eating habits, you can help manage your body weight, blood pressure, and cholesterol. reducing portion size, increasing the amount of fiber you consume (by eating more fruits and vegetables) and limiting fatty and salty foods are key to a healthy diet. here are more tips for eating well with diabetes. - make a diabetes meal plan with help from your health care team. - choose foods that are lower in calories, saturated fat, trans fat, sugar, and salt. - eat foods with more fiber, such as whole grain cereals, breads, crackers, rice, or pasta. - choose foods such as fruits, vegetables, whole grains, bread and cereals, and low-fat or skim milk and cheese. - drink water instead of juice and regular soda. - when eating a meal, fill half of your plate with fruits and vegetables, one quarter with a lean protein, such as beans, or chicken or turkey without the skin, and one quarter with a whole grain, such as brown rice or whole wheat pasta. make a diabetes meal plan with help from your health care team. choose foods that are lower in calories, saturated fat, trans fat, sugar, and salt. eat foods with more fiber, such as whole grain cereals, breads, crackers, rice, or pasta. choose foods such as fruits, vegetables, whole grains, bread and cereals, and low-fat or skim milk and cheese. drink water instead of juice and regular soda. when eating a meal, fill half of your plate with fruits and vegetables, one quarter with a lean protein, such as beans, or chicken or turkey without the skin, and one quarter with a whole grain, such as brown rice or whole wheat pasta. for more about healthy eating and older adults see ""eating well as you get older."" be physically active get at least 30 minutes of exercise at least five days a week. regular exercise reduces diabetes risk in several ways. it - helps you lose weight - controls your cholesterol and blood pressure - improves your body's use of insulin. helps you lose weight controls your cholesterol and blood pressure improves your body's use of insulin. many people make walking part of their daily routine because its easy, fun and convenient. but you can choose any activity that gets you moving. its fine to break up your 30 minutes of exercise into smaller increments, such as three 10-minute periods. check with your doctor before beginning any exercise program. many people make walking part of their daily routine because its easy, fun and convenient. but you can choose any activity that gets you moving. its fine to break up your 30 minutes of exercise into smaller increments, such as three 10-minute periods. check with your doctor before beginning any exercise program. for more information on exercise and older adults, see exercises to try or visit go4life, the exercise and physical activity campaign for older adults from the national institute on aging."
what is (are) diabetes ?,"people with diabetes should - do aerobic activities, such as brisk walking, which use the bodys large muscles to make the heart beat faster. the large muscles are those of the upper and lower arms and legs and those that control head, shoulder, and hip movements. - do activities to strengthen muscles and bone, such as sit-ups or lifting weights. aim for two times a week. - stretch to increase flexibility, lower stress, and help prevent muscle soreness after physical activity. do aerobic activities, such as brisk walking, which use the bodys large muscles to make the heart beat faster. the large muscles are those of the upper and lower arms and legs and those that control head, shoulder, and hip movements. do activities to strengthen muscles and bone, such as sit-ups or lifting weights. aim for two times a week. stretch to increase flexibility, lower stress, and help prevent muscle soreness after physical activity. try to exercise almost every day for a total of about 30 minutes. if you haven't exercised lately, begin slowly. start with 5 to 10 minutes, and then add more time. or exercise for 10 minutes, three times a day. (tip: you dont need to get your exercise in all at one time.) for more information on exercise and older adults, see exercises to try or visit go4life, the exercise and physical activity campaign from the national institute on aging. always talk with a doctor before starting a new physical activity program."
what is (are) diabetes ?,"heart disease and stroke are the leading causes of death for people with diabetes. controlling the abcs of diabetes -- your blood glucose, your blood pressure, and your cholesterol, as well as stopping smoking -- can help prevent these and other complications from diabetes. - a is for the a1c test - b is for blood pressure - c is for cholesterol. a is for the a1c test b is for blood pressure c is for cholesterol. - the a1c test (a-one-c) shows you what your blood glucose has been over the last three months. your health care provider does this test to see what your blood glucose level is most of the time. this test should be done at least twice a year for all people with diabetes and for some people more often as needed. for many people with diabetes, an a1c test result of under 7 percent usually means that their diabetes treatment is working well and their blood glucose is under control. the a1c test (a-one-c) shows you what your blood glucose has been over the last three months. your health care provider does this test to see what your blood glucose level is most of the time. this test should be done at least twice a year for all people with diabetes and for some people more often as needed. for many people with diabetes, an a1c test result of under 7 percent usually means that their diabetes treatment is working well and their blood glucose is under control. - b is for blood pressure. the goal for most people is 140/90 but may be different for you. high blood pressure makes your heart work too hard. it can cause heart attack, stroke, and kidney disease. your blood pressure should be checked at every doctor visit. talk with your health care provider about your blood pressure goal. b is for blood pressure. the goal for most people is 140/90 but may be different for you. high blood pressure makes your heart work too hard. it can cause heart attack, stroke, and kidney disease. your blood pressure should be checked at every doctor visit. talk with your health care provider about your blood pressure goal. - c is for cholesterol (ko-les-ter-ol). the ldl goal for most people is less than 100. low density lipoprotein, or ldl-cholesterol, is the bad cholesterol that builds up in your blood vessels. it causes the vessels to narrow and harden, which can lead to a heart attack. your doctor should check your ldl at least once a year. talk with your health care provider about your cholesterol goal. c is for cholesterol (ko-les-ter-ol). the ldl goal for most people is less than 100. low density lipoprotein, or ldl-cholesterol, is the bad cholesterol that builds up in your blood vessels. it causes the vessels to narrow and harden, which can lead to a heart attack. your doctor should check your ldl at least once a year. talk with your health care provider about your cholesterol goal. ask your health care team - what your a1c, blood pressure, and cholesterol numbers are. - what your abcs should be. - what you can do to reach your target. what your a1c, blood pressure, and cholesterol numbers are. what your abcs should be. what you can do to reach your target."
who is at risk for diabetes? ?,"here are the risk factors for type 2 diabetes. - being over 45 years of age - being overweight or obese - having a first-degree relative -- a parent, brother, or sister -- with diabetes - being african american, american indian or alaska native, asian american or pacific islander, or hispanic american/latino. (watch the video to learn more about native americans and diabetes risk. to enlarge the video, click the brackets in the lower right-hand corner. to reduce the video, press the escape (esc) button on your keyboard.) - having gestational diabetes, or giving birth to at least one baby weighing more than 9 pounds - having blood pressure of 140/90 or higher, or having been told that you have high blood pressure. - having abnormal cholesterol levels -- an hdl cholesterol level of 35 or lower, or a triglyceride level of 250 or higher - being inactive or exercising fewer than three times a week. - having polycystic ovary syndrome, also called pcos (women only) - on previous testing, having prediabetes (an a1c level of 5.7 to 6.4 percent), impaired glucose tolerance (igt) or impaired fasting glucose (ifg) - history of cardiovascular disease (disease affecting the heart and blood vessels). being over 45 years of age being overweight or obese having a first-degree relative -- a parent, brother, or sister -- with diabetes being african american, american indian or alaska native, asian american or pacific islander, or hispanic american/latino. (watch the video to learn more about native americans and diabetes risk. to enlarge the video, click the brackets in the lower right-hand corner. to reduce the video, press the escape (esc) button on your keyboard.) having gestational diabetes, or giving birth to at least one baby weighing more than 9 pounds having blood pressure of 140/90 or higher, or having been told that you have high blood pressure. having abnormal cholesterol levels -- an hdl cholesterol level of 35 or lower, or a triglyceride level of 250 or higher being inactive or exercising fewer than three times a week. having polycystic ovary syndrome, also called pcos (women only) on previous testing, having prediabetes (an a1c level of 5.7 to 6.4 percent), impaired glucose tolerance (igt) or impaired fasting glucose (ifg) history of cardiovascular disease (disease affecting the heart and blood vessels)."
who is at risk for diabetes? ?,"diabetes is a serious, life-long disease. it can lead to problems such as heart disease, stroke, vision loss, kidney disease, and nerve damage. more than 8 million people in the united states have type 2 diabetes and dont know it. many people dont find out they have diabetes until they are faced with problems such as blurry vision or heart trouble. certain factors can increase your risk for diabetes, and its important to know what they are. type 1 diabetes type 1 diabetes is an autoimmune disease. in an autoimmune reaction, antibodies, or immune cells, attach to the bodys own healthy tissues by mistake, signaling the body to attack them. at present, scientists do not know exactly what causes the body's immune system to attack the cells, but many believe that both genetic factors and environmental factors, such as viruses, are involved. studies are now underway to identify these factors and prevent type 1 diabetes in people at risk. learn more about the causes of type 1 diabetes. type 2 diabetes type 2 diabetes -- the most common form -- is linked closely to overweight and obesity, high blood pressure, and abnormal cholesterol levels. many people with type 2 diabetes are overweight. being overweight can keep your body from using insulin properly. genes also play an important role in a person's risk for type 2 diabetes. having certain genes or combinations of genes may increase or decrease a persons risk for developing the disease. here are the risk factors for type 2 diabetes. - being over 45 years of age - being overweight or obese - having a first-degree relative -- a parent, brother, or sister -- with diabetes - being african american, american indian or alaska native, asian american or pacific islander, or hispanic american/latino. (watch the video to learn more about native americans and diabetes risk. to enlarge the video, click the brackets in the lower right-hand corner. to reduce the video, press the escape (esc) button on your keyboard.) being over 45 years of age being overweight or obese having a first-degree relative -- a parent, brother, or sister -- with diabetes being african american, american indian or alaska native, asian american or pacific islander, or hispanic american/latino. (watch the video to learn more about native americans and diabetes risk. to enlarge the video, click the brackets in the lower right-hand corner. to reduce the video, press the escape (esc) button on your keyboard.) - having gestational diabetes, or giving birth to at least one baby weighing more than 9 pounds - having blood pressure of 140/90 or higher, or having been told that you have high blood pressure. - having abnormal cholesterol levels -- an hdl cholesterol level of 35 or lower, or a triglyceride level of 250 or higher - being inactive or exercising fewer than three times a week. - having polycystic ovary syndrome, also called pcos (women only) - on previous testing, having prediabetes (an a1c level of 5.7 to 6.4 percent), impaired glucose tolerance (igt) or impaired fasting glucose (ifg) - history of cardiovascular disease (disease affecting the heart and blood vessels). having gestational diabetes, or giving birth to at least one baby weighing more than 9 pounds having blood pressure of 140/90 or higher, or having been told that you have high blood pressure. having abnormal cholesterol levels -- an hdl cholesterol level of 35 or lower, or a triglyceride level of 250 or higher being inactive or exercising fewer than three times a week. having polycystic ovary syndrome, also called pcos (women only) on previous testing, having prediabetes (an a1c level of 5.7 to 6.4 percent), impaired glucose tolerance (igt) or impaired fasting glucose (ifg) history of cardiovascular disease (disease affecting the heart and blood vessels). learn more about the causes of type 2 diabetes. prediabetes and type 2 diabetes before people develop type 2 diabetes, they usually have prediabetes -- a condition in which blood glucose levels are higher than normal, but not high enough for a diagnosis of diabetes. people with prediabetes are more likely to develop diabetes within 10 years and also are more likely to have a heart attack or stroke. prediabetes is increasingly common in the u.s. adult population. in 2012, about 86 million people in the u.s. had pre-diabetes, and 51% of those 65 or older had prediabetes. learn more about prediabetes. gestational diabetes some women develop diabetes during the late stages of pregnancy. this is called gestational diabetes. although this form of diabetes usually goes away after the baby is born, a woman who has had it has a lifelong risk for developing diabetes, mostly type 2."
what is (are) diabetes ?,"studies have shown that most people with prediabetes develop type 2 diabetes within a few years, unless they change their lifestyle. most people with prediabetes dont have any symptoms. your doctor can test your blood to find out if your blood glucose levels are higher than normal. losing weightat least 5 to 10 percent of your starting weightcan prevent or delay diabetes or even reverse prediabetes. thats 10 to 20 pounds for someone who weighs 200 pounds. you can lose weight by cutting the amount of calories and fat you consume and by being physically active at least 30 to 60 minutes every day. physical activity also helps your body use the hormone insulin properly. your body needs insulin to use glucose for energy. medicine can help control the amount of glucose in your blood. ask your doctor if medicine to control glucose is right for you. learn more about prediabetes here."
what is (are) diabetic retinopathy ?,"can cause vision loss, blindness diabetic retinopathy is a complication of diabetes and a leading cause of blindness. it occurs when diabetes damages the tiny blood vessels inside the retina in the back of the eye. a healthy retina is necessary for good vision. if you have diabetic retinopathy, at first you may notice no changes to your vision. but over time, diabetic retinopathy can get worse and cause vision loss. diabetic retinopathy usually affects both eyes. four stages the four stages of diabetic retinopathy are - mild nonproliferative retinopathy - moderate nonproliferative retinopathy - severe nonproliferative retinopathy - proliferative retinopathy. mild nonproliferative retinopathy moderate nonproliferative retinopathy severe nonproliferative retinopathy proliferative retinopathy. the first stage is mild nonproliferative retinopathy. at this earliest stage, there are small areas of balloon-like swelling in the retina's tiny blood vessels. the second stage is moderate nonproliferative retinopathy. as the disease progresses, some blood vessels that nourish the retina are blocked. the third stage is severe nonproliferative retinopathy. many more blood vessels are blocked, depriving several areas of the retina of their blood supply. these areas send signals to the body to grow new blood vessels for nourishment. the fourth stage is proliferative retinopathy. at this advanced stage, the signals sent by the retina for nourishment cause the growth of new blood vessels. these new blood vessels are abnormal and fragile. the new blood vessels grow along the retina and along the surface of the clear, vitreous gel that fills the inside of the eye. by themselves, these blood vessels do not cause symptoms or vision loss. however, they have thin, fragile walls. if they leak blood, severe vision loss and even blindness can result. other diabetic eye diseases in addition to diabetic retinopathy, other diabetic eye diseases that people with diabetes may face are cataract and glaucoma. see this graphic for a quick overview of diabetic eye disease, including how many people it affects, whos at risk, what to do if you have it, and how to learn more."
what is (are) diabetic retinopathy ?,"the four stages of diabetic retinopathy are - mild nonproliferative retinopathy - moderate nonproliferative retinopathy - severe nonproliferative retinopathy - proliferative retinopathy mild nonproliferative retinopathy moderate nonproliferative retinopathy severe nonproliferative retinopathy proliferative retinopathy nonproliferative retinopathy. at this earliest stage, microaneurysms occur. they are small areas of balloon-like swelling in the retina's tiny blood vessels. moderate nonproliferative retinopathy. as the disease progresses, some blood vessels that nourish the retina are blocked. severe nonproliferative retinopathy. many more blood vessels are blocked, depriving several areas of the retina of their blood supply. these areas of the retina send signals to the body to grow new blood vessels for nourishment. proliferative retinopathy. at this advanced stage, the signals sent by the retina for nourishment trigger the growth of new blood vessels. these new blood vessels are abnormal and fragile. they grow along the retina and along the surface of the clear, vitreous gel that fills the inside of the eye."
what are the treatments for diabetic retinopathy ?,"research found that that prompt treatment of macular edema with anti-vegf drugs, with or without laser treatment, resulted in better vision than laser treatment alone or steroid injections. when injected into the eye, these drugs reduce fluid leakage and interfere with the growth of new blood vessels in the retina. in some cases, focal laser treatment is used along with the eye injections. your doctor places up to several hundred small laser burns in the areas of the retina around the macula that are leaking. these burns slow the leakage of fluid and reduce the amount of fluid in the retina. the surgery is usually completed in one session. further treatment may be needed."
what causes diabetic retinopathy ?,"who is at risk? all people with diabetes -- both type 1 and type 2 -- are at risk for diabetic retinopathy. people with diabetes are also at increased risk for cataract and glaucoma. that's why everyone with diabetes should get a comprehensive dilated eye exam at least once a year. between 40 to 45 percent of americans diagnosed with diabetes have some stage of diabetic retinopathy. if you have diabetic retinopathy, your doctor can recommend treatment to help prevent its progression. how vision loss occurs blood vessels damaged from diabetic retinopathy can cause vision loss in two ways. fragile, abnormal blood vessels can develop and leak blood into the center of the eye, blurring vision. this is proliferative retinopathy and is the fourth and most advanced stage of the disease. fluid can leak into the center of the macula, the part of the eye where sharp, straight-ahead vision occurs. the fluid makes the macula swell, blurring vision. this condition is called macular edema. macular edema can occur at any stage of diabetic retinopathy, although it is more likely to occur as the disease progresses. about half of the people with proliferative retinopathy also have macular edema. macular edema can occur at any stage of diabetic retinopathy, although it is more likely to occur as the disease progresses. about half of the people with proliferative retinopathy also have macular edema. have dilated eye exams the national eye institute (nei) urges everyone with diabetes to have a comprehensive dilated eye exam at least once a year. if you have diabetic retinopathy, you may need an eye exam more often. people with proliferative retinopathy can reduce their risk of blindness by 95 percent with timely treatment and appropriate follow-up care. watch an animation to see what a comprehensive dilated eye exam includes."
what are the symptoms of diabetic retinopathy ?,diabetic retinopathy often has no early warning signs. don't wait for symptoms. be sure to have a comprehensive dilated eye exam at least once a year. learn more about a comprehensive dilated eye exam.
what research (or clinical trials) is being done for diabetic retinopathy ?,"the national eye institute, or nei, is conducting and supporting research that seeks better ways to detect, treat, and prevent vision loss in people with diabetes. this research is conducted through studies in the laboratory and with patients. for example, researchers are studying drugs for the treatment of proliferative retinopathy that may reduce the need for laser surgery."
what are the treatments for diabetic retinopathy ?,"preventing disease progression during the first three stages of diabetic retinopathy, no treatment is needed, unless you have macular edema. to prevent progression of diabetic retinopathy, people with diabetes should control their levels of blood sugar, blood pressure, and blood cholesterol. treatment for macular edema research found that that prompt treatment of macular edema with anti-vegf drugs, with or without laser treatment, resulted in better vision than laser treatment alone or steroid injections. when injected into the eye, these drugs reduce fluid leakage and interfere with the growth of new blood vessels in the retina. in some cases, focal laser treatment is used along with the eye injections. your doctor places up to several hundred small laser burns in the areas of the retina around the macula that are leaking. these burns slow the leakage of fluid and reduce the amount of fluid in the retina. the surgery is usually completed in one session. further treatment may be needed. treatment for diabetic retinopathy proliferative retinopathy is treated with laser surgery. this procedure is called scatter laser treatment. scatter laser treatment helps to shrink the abnormal blood vessels. your doctor places 1,000 to 2,000 laser burns in the areas of the retina away from the macula, causing the abnormal blood vessels to shrink. because a high number of laser burns are necessary, two or more sessions usually are required to complete treatment. although you may notice some loss of your side vision, scatter laser treatment can save the rest of your sight. scatter laser treatment may slightly reduce your color vision and night vision. scatter laser treatment works better before the fragile, new blood vessels have started to bleed. that is why it is important to have regular, comprehensive dilated eye exams. even if bleeding has started, scatter laser treatment may still be possible, depending on the amount of bleeding. learn more about laser treatment. vitrectomy if the bleeding is severe, you may need a surgical procedure called a vitrectomy. during a vitrectomy, blood is removed from the center of your eye. scatter laser treatment and vitrectomy are effective in treating proliferative retinopathy and in reducing vision loss. once you have proliferative retinopathy, you always will be at risk for new bleeding. you may need treatment more than once to protect your sight. learn more about a vitrectomy. have dilated eye exams the national eye institute (nei) urges everyone with diabetes to have a comprehensive dilated eye exam at least once a year. if you have diabetic retinopathy, you may need an exam more often. people with proliferative retinopathy can reduce their risk of blindness by 95 percent with timely treatment and appropriate follow-up care. watch an animation to see what a comprehensive dilated eye exam includes. research the national eye institute, or nei, is conducting and supporting research that seeks better ways to detect, treat, and prevent vision loss in people with diabetes. this research is conducted through studies in the laboratory and with patients. for example, researchers are studying drugs for the treatment of proliferative retinopathy that may reduce the need for laser surgery. a major study has shown that better control of blood sugar levels slows the onset and progression of retinopathy. the people with diabetes who kept their blood sugar levels as close to normal as possible also had much less kidney and nerve disease. better control also reduces the need for sight-saving laser surgery."
what are the treatments for diabetic retinopathy ?,"both focal and scatter laser treatment are performed in your doctor's office or eye clinic. before the surgery, your doctor will dilate your pupil and apply drops to numb the eye. the area behind your eye also may be numbed to prevent discomfort. the lights in the office will be dim. as you sit facing the laser machine, your doctor will hold a special lens to your eye. during the procedure, you may see flashes of light. these flashes eventually may create a stinging sensation that can be uncomfortable. you will need someone to drive you home after surgery. because your pupil will remain dilated for a few hours, you should bring a pair of sunglasses. for the rest of the day, your vision will probably be a little blurry. if your eye hurts, your doctor can suggest treatment."
what are the treatments for diabetic retinopathy ?,"yes. both treatments are very effective in reducing vision loss. people with proliferative retinopathy can reduce their risk of blindness by 95 percent with timely treatment and appropriate follow-up care. although both treatments have high success rates, they do not cure diabetic retinopathy. once you have proliferative retinopathy, you always will be at risk for new bleeding. you may need treatment more than once to protect your sight."
what to do for diabetic retinopathy ?,"if you have diabetes, get a comprehensive dilated eye exam at least once a year. proliferative retinopathy can develop without symptoms. if it gets to this advanced stage, you are at high risk for vision loss or even blindness. macular edema can develop without symptoms at any of the four stages of diabetic retinopathy. you can develop both proliferative retinopathy and macular edema and still see fine. however, you are at high risk for vision loss. your eye care professional can tell if you have macular edema or any stage of diabetic retinopathy. whether or not you have symptoms, early detection and timely treatment can prevent vision loss. see this glossary for basic terms about diabetic retinopathy."
what are the symptoms of diabetic retinopathy ?,"diabetic retinopathy often has no early warning signs. don't wait for symptoms. be sure to have a comprehensive dilated eye exam at least once a year to detect the disease before it causes damage to your vision. vision changes may indicate bleeding in the early stages of diabetic retinopathy, you may not notice any changes in your vision. but if diabetic retinopathy reaches its final stage, proliferative retinopathy, bleeding can occur. if this happens, at first, you will see a few specks of blood, or spots, floating in your vision. if spots occur, see your eye care professional as soon as possible. early treatment is important you may need treatment before more serious bleeding or hemorrhages occur causing vision loss or possibly blindness. hemorrhages tend to happen more than once, often during sleep. see how to find an eye care professional. here is a list of questions to ask your eye care professional. sometimes the spots clear without treatment, and you will see better. however, bleeding can reoccur and cause severely blurred vision. you need to be examined by your eye care professional at the first sign of blurred vision, before more bleeding occurs. if left untreated, proliferative retinopathy can cause severe vision loss and even blindness. also, the earlier you receive treatment, the more likely treatment will be successful. detection diabetic retinopathy and macular edema are detected during a comprehensive eye exam that includes a visual acuity test, dilated eye exam, and tonometry. a visual acuity test is an eye chart test that measures how well you see at various distances. during the dilated eye exam, your eye care professional checks your retina for early signs of the disease, including - leaking blood vessels - retinal swelling such as macular edema - pale, fatty deposits on the retina -- signs of leaking blood vessels - damaged nerve tissue leaking blood vessels retinal swelling such as macular edema pale, fatty deposits on the retina -- signs of leaking blood vessels damaged nerve tissue watch an animation showing what a comprehensive dilated eye exam involves. with tonometry, an instrument measures the pressure inside the eye. numbing drops may be applied to your eye for this test. if your eye care professional believes you need treatment for macular edema, he or she may suggest a fluorescein angiogram. in this test, a special dye is injected into your arm. pictures are taken as the dye passes through the blood vessels in your retina. the test allows your eye care professional to identify any leaking blood vessels and recommend treatment."
what are the symptoms of diabetic retinopathy ?,"at first, you will see a few specks of blood, or spots, ""floating"" in your vision. if spots occur, see your eye care professional as soon as possible. you may need treatment before more serious bleeding or hemorrhaging occurs. hemorrhages tend to happen more than once, often during sleep. sometimes, the spots clear without treatment, and you will see better. however, bleeding can reoccur and cause severely blurred vision. you need to be examined by your eye care professional at the first sign of blurred vision, before more bleeding occurs. if left untreated, proliferative retinopathy can cause severe vision loss and even blindness. also, the earlier you receive treatment, the more likely treatment will be effective."
what is (are) diabetic retinopathy ?,"national eye institute national institutes of health 2020 vision place bethesda, md 20892-3655 301-496-5248 e-mail: 2020@nei.nih.gov find eye health organizations that address diabetic eye disease."
what is (are) dry mouth ?,"dry mouth is the feeling that there is not enough saliva in your mouth. everyone has a dry mouth once in a while - if they are nervous, upset or under stress. but if you have a dry mouth all or most of the time, it can be uncomfortable and can lead to serious health problems. symptoms of dry mouth include - a sticky, dry feeling in the mouth - trouble chewing, swallowing, tasting, or speaking - a burning feeling in the mouth - a dry feeling in the throat - cracked lips - a dry, rough tongue - mouth sores - an infection in the mouth dry mouth is not a normal part of aging. causes include some medicines, radiation therapy, chemotherapy, and nerve damage. salivary gland diseases, sjogren's syndrome, hiv/aids, and diabetes can also cause dry mouth. treatment depends on the cause. things you can do include sipping water, avoiding drinks with caffeine, tobacco, and alcohol, and chewing sugarless gum or sucking on sugarless hard candy. nih: national institute of dental and craniofacial research"
what is (are) dry mouth ?,"dry mouth is the feeling that there is not enough saliva in the mouth. everyone has dry mouth once in a while -- if they are nervous, upset, under stress, or taking certain medications. but if you have dry mouth all or most of the time, see a dentist or physician. many older adults have dry mouth, but it is not a normal part of aging. (watch the video to learn more about dry mouth. to enlarge the video, click the brackets in the lower right-hand corner. to reduce the video, press the escape (esc) button on your keyboard.) why saliva is important saliva does more than keep your mouth wet. it protects teeth from decay, helps heal sores in your mouth, and prevents infection by controlling bacteria, viruses, and fungi in the mouth. saliva helps digest food and helps us chew and swallow. saliva is involved in taste perception as well. each of these functions of saliva is hampered when a person has dry mouth. how dry mouth feels dry mouth can be uncomfortable. some people notice a sticky, dry feeling in the mouth. others notice a burning feeling or difficulty while eating. the throat may feel dry, too, making swallowing difficult and choking common. also, people with dry mouth may get mouth sores, cracked lips, and a dry, rough tongue."
what is (are) dry mouth ?,"saliva does more than keep your mouth wet. it helps digest food, protects teeth from decay, helps to heal sores in your mouth, and prevents infection by controlling bacteria, viruses, and fungi in the mouth. saliva is also what helps us chew and swallow. each of these functions of saliva is hampered when a person has dry mouth."
what is (are) dry mouth ?,"you should avoid sticky and sugary foods. if you do eat them, brush immediately afterwards. also, be aware that spicy and salty foods can cause pain in a dry mouth. you should also avoid drinks with caffeine and alcohol. they can dry out the mouth."
what are the treatments for dry mouth ?,"dry mouth treatment will depend on what is causing the problem. if you think you have dry mouth, see your dentist or physician. he or she can help to determine what is causing your dry mouth. if your dry mouth is caused by medicine, your physician might change your medicine or adjust the dosage. if your salivary glands are not working right, but can still produce some saliva, your dentist or physician might give you a special medicine that helps the glands work better. he or she might suggest that you use artificial saliva to keep your mouth wet. (watch the video to learn how dry mouth is treated. to enlarge the video, click the brackets in the lower right-hand corner. to reduce the video, press the escape (esc) button on your keyboard.)"
what is (are) dry mouth ?,"sjgren's syndrome clinic national institute of dental and craniofacial research building 10, room 1n113 10 center drive msc 1190 bethesda, md 20892-1190 301-435-8528 molecularphysiology/sjogrenssyndrome/default.htm"
what causes dry mouth ?,"yes. more than 400 medicines, including some over-the-counter medications, can cause the salivary glands to make less saliva, or to change the composition of the saliva so that it can't perform the functions it should. as an example, medicines for urinary incontinence, allergies, high blood pressure, and depression often cause dry mouth."
what are the treatments for dry mouth ?,"certain cancer treatments can affect the salivary glands. head and neck radiation therapy can cause the glands to produce little or no saliva. chemotherapy may cause the salivary glands to produce thicker saliva, which makes the mouth feel dry and sticky."
what causes dry mouth ?,"people get dry mouth when the glands in the mouth that make saliva are not working properly. because of this, there might not be enough saliva to keep your mouth healthy. there are several reasons why these glands, called salivary glands, might not work right. medicines and dry mouth more than 400 medicines, including some over-the-counter medications, can cause the salivary glands to make less saliva, or to change the composition of the saliva so that it can't perform the functions it should. as an example, medicines for urinary incontinence, allergies, high blood pressure, and depression often cause dry mouth. diseases that can cause dry mouth some diseases can affect the salivary glands. dry mouth can occur in patients with diabetes. dry mouth is also the hallmark symptom of the fairly common autoimmune disease sjgren's syndrome. sjgren's syndrome can occur either by itself or with another autoimmune disease like rheumatoid arthritis or lupus. salivary and tear glands are the major targets of the syndrome and the result is a decrease in production of saliva and tears. the disorder can occur at any age, but the average person with the disorder at the sjgren's syndrome clinic of the national institute of dental and craniofacial research (nidcr) is in his or her late 50s. women with the disorder outnumber men 9 to 1. cancer treatments and dry mouth certain cancer treatments can affect the salivary glands. head and neck radiation therapy can cause the glands to produce little or no saliva. chemotherapy may cause the salivary glands to produce thicker saliva, which makes the mouth feel dry and sticky. injury to the head or neck can damage the nerves that tell salivary glands to make saliva."
what is (are) dry mouth ?,"national institute of dental and craniofacial research 1 nohic way bethesda, md 20892-3500 (301) 402-7364"
what is (are) dry mouth ?,"dry mouth is the condition of not having enough saliva, or spit, to keep your mouth wet. everyone has dry mouth once in a while -- if they are nervous, upset, or under stress. but if you have dry mouth all or most of the time, it can be uncomfortable and lead to serious health problems. though many older adults have dry mouth, it is not a normal part of aging. (watch the video to learn more about dry mouth. to enlarge the video, click the brackets in the lower right-hand corner. to reduce the video, press the escape (esc) button on your keyboard.)"
what are the symptoms of dry mouth ?,"dry mouth can be uncomfortable. some people notice a sticky, dry feeling in the mouth. others notice a burning feeling or difficulty while eating. the throat may feel dry, too, and swallowing without extra fluids can often be difficult. also, people with dry mouth may develop mouth sores, cracked lips, and a dry, rough tongue."
what causes dry mouth ?,some diseases affect the salivary glands. sjgren's syndrome and diabetes can cause dry mouth. injury to the head or neck can damage the nerves that tell salivary glands to make saliva.
how to prevent endometrial cancer ?,"key points - avoiding risk factors and increasing protective factors may help prevent cancer. - the following risk factors increase the risk of endometrial cancer: - endometrial hyperplasia - estrogen - tamoxifen - obesity, weight gain, metabolic syndrome, and diabetes - genetic factors - the following protective factors decrease the risk of endometrial cancer: - pregnancy and breast-feeding - combination oral contraceptives - physical activity - cigarette smoking - it is not known if the following factors affect the risk of endometrial cancer: - weight loss - fruits, vegetables, and vitamins - cancer prevention clinical trials are used to study ways to prevent cancer. - new ways to prevent endometrial cancer are being studied in clinical trials. avoiding risk factors and increasing protective factors may help prevent cancer. avoiding cancer risk factors may help prevent certain cancers. risk factors include smoking, being overweight, and not getting enough exercise. increasing protective factors such as quitting smoking and exercising may also help prevent some cancers. talk to your doctor or other health care professional about how you might lower your risk of cancer. the following risk factors increase the risk of endometrial cancer: endometrial hyperplasia endometrial hyperplasia is an abnormal thickening of the endometrium (lining of the uterus). it is not cancer, but in some cases, it may lead to endometrial cancer. estrogen estrogen is a hormone made by the body. it helps the body develop and maintain female sex characteristics. estrogen can affect the growth of some cancers, including endometrial cancer. a woman's risk of developing endometrial cancer is increased by being exposed to estrogen in the following ways: - estrogen-only hormone replacement therapy: estrogen may be given to replace the estrogen no longer produced by the ovaries in postmenopausal women or women whose ovaries have been removed. this is called hormone replacement therapy (hrt), or hormone therapy (ht). the use of hrt that contains only estrogen increases the risk of endometrial cancer and endometrial hyperplasia. for this reason, estrogen therapy alone is usually prescribed only for women who do not have a uterus. hrt that contains only estrogen also increases the risk of stroke and blood clots. when estrogen is combined with progestin (another hormone), it is called combination estrogen-progestin replacement therapy. for postmenopausal women, taking estrogen in combination with progestin does not increase the risk of endometrial cancer, but it does increase the risk of breast cancer. (see the breast cancer prevention summary for more information.) - early menstruation: beginning to have menstrual periods at an early age increases the number of years the body is exposed to estrogen and increases a woman's risk of endometrial cancer. - late menopause: women who reach menopause at an older age are exposed to estrogen for a longer time and have an increased risk of endometrial cancer. - never being pregnant: because estrogen levels are lower during pregnancy, women who have never been pregnant are exposed to estrogen for a longer time than women who have been pregnant. this increases the risk of endometrial cancer. tamoxifen tamoxifen is one of a group of drugs called selective estrogen receptor modulators, or serms. tamoxifen acts like estrogen on some tissues in the body, such as the uterus, but blocks the effects of estrogen on other tissues, such as the breast. tamoxifen is used to prevent breast cancer in women who are at high risk for the disease. however, using tamoxifen for more than 2 years increases the risk of endometrial cancer. this risk is greater in postmenopausal women. raloxifene is a serm that is used to prevent bone weakness in postmenopausal women. however, it does not have estrogen-like effects on the uterus and has not been shown to increase the risk of endometrial cancer. obesity, weight gain, metabolic syndrome, and diabetes obesity, gaining weight as an adult, or having metabolic syndrome increases the risk of endometrial cancer. obesity is related to other risk factors such as high estrogen levels, having extra fat around the waist, polycystic ovary syndrome, and lack of physical activity. having metabolic syndrome increases the risk of endometrial cancer. metabolic syndrome is a condition that includes extra fat around the waist, high blood sugar, high blood pressure, and high levels of triglycerides (a type of fat) in the blood. genetic factors hereditary nonpolyposis colon cancer (hnpcc) syndrome (also known as lynch syndrome) is an inherited disorder caused by changes in certain genes. women who have hnpcc syndrome have a much higher risk of developing endometrial cancer than women who do not have hnpcc syndrome. polycystic ovary syndrome (a disorder of the hormones made by the ovaries), and cowden syndrome are inherited conditions that are linked to an increased risk of endometrial cancer. women with a family history of endometrial cancer in a first-degree relative (mother, sister, or daughter) are also at increased risk of endometrial cancer. the following protective factors decrease the risk of endometrial cancer: pregnancy and breast-feeding estrogen levels are lower during pregnancy and when breast-feeding. the risk of endometrial cancer is lower in women who have had children. breastfeeding for more than 18 months also decreases the risk of endometrial cancer. combination oral contraceptives taking contraceptives that combine estrogen and progestin (combination oral contraceptives) decreases the risk of endometrial cancer. the protective effect of combination oral contraceptives increases with the length of time they are used, and can last for many years after oral contraceptive use has been stopped. while taking oral contraceptives, women have a higher risk of blood clots, stroke, and heart attack, especially women who smoke and are older than 35 years. physical activity physical activity at home (exercise) or on the job may lower the risk of endometrial cancer. cigarette smoking smoking at least 20 cigarettes a day may lower the risk of endometrial cancer. the risk of endometrial cancer is even lower in postmenopausal women who smoke. however, there are many proven harms of smoking. cigarette smokers live about 10 years less than nonsmokers. cigarette smokers also have an increased risk of the following: - heart disease. - head and neck cancers. - lung cancer. - bladder cancer. - pancreatic cancer. it is not known if the following factors affect the risk of endometrial cancer: weight loss it is not known if losing weight decreases the risk of endometrial cancer. fruits, vegetables, and vitamins a diet that includes, fruits, vegetables, phytoestrogen, soy, and vitamin d has not been found to affect the risk of endometrial cancer. taking multivitamins has little or no effect on the risk of common cancers, including endometrial cancer. cancer prevention clinical trials are used to study ways to prevent cancer. cancer prevention clinical trials are used to study ways to lower the risk of developing certain types of cancer. some cancer prevention trials are conducted with healthy people who have not had cancer but who have an increased risk for cancer. other prevention trials are conducted with people who have had cancer and are trying to prevent another cancer of the same type or to lower their chance of developing a new type of cancer. other trials are done with healthy volunteers who are not known to have any risk factors for cancer. the purpose of some cancer prevention clinical trials is to find out whether actions people take can prevent cancer. these may include eating fruits and vegetables, exercising, quitting smoking, or taking certain medicines, vitamins, minerals, or food supplements. new ways to prevent endometrial cancer are being studied in clinical trials. clinical trials are taking place in many parts of the country. information about clinical trials can be found in the clinical trials section of the nci website. check nci's list of cancer clinical trials for endometrial cancer prevention trials that are now accepting patients."
what research (or clinical trials) is being done for endometrial cancer ?,"cancer prevention clinical trials are used to study ways to prevent cancer. cancer prevention clinical trials are used to study ways to lower the risk of developing certain types of cancer. some cancer prevention trials are conducted with healthy people who have not had cancer but who have an increased risk for cancer. other prevention trials are conducted with people who have had cancer and are trying to prevent another cancer of the same type or to lower their chance of developing a new type of cancer. other trials are done with healthy volunteers who are not known to have any risk factors for cancer. the purpose of some cancer prevention clinical trials is to find out whether actions people take can prevent cancer. these may include eating fruits and vegetables, exercising, quitting smoking, or taking certain medicines, vitamins, minerals, or food supplements. new ways to prevent endometrial cancer are being studied in clinical trials. clinical trials are taking place in many parts of the country. information about clinical trials can be found in the clinical trials section of the nci website. check nci's list of cancer clinical trials for endometrial cancer prevention trials that are now accepting patients."
what is (are) endometrial cancer ?,"key points - endometrial cancer is a disease in which malignant (cancer) cells form in the tissues of the endometrium. - obesity and having metabolic syndrome may increase the risk of endometrial cancer. - taking tamoxifen for breast cancer or taking estrogen alone (without progesterone) can increase the risk of endometrial cancer. - signs and symptoms of endometrial cancer include unusual vaginal bleeding or pain in the pelvis. - tests that examine the endometrium are used to detect (find) and diagnose endometrial cancer. - certain factors affect prognosis (chance of recovery) and treatment options. endometrial cancer is a disease in which malignant (cancer) cells form in the tissues of the endometrium. the endometrium is the lining of the uterus, a hollow, muscular organ in a womans pelvis. the uterus is where a fetus grows. in most nonpregnant women, the uterus is about 3 inches long. the lower, narrow end of the uterus is the cervix, which leads to the vagina. cancer of the endometrium is different from cancer of the muscle of the uterus, which is called sarcoma of the uterus. see the pdq summary on uterine sarcoma treatment for more information about uterine sarcoma. obesity and having metabolic syndrome may increase the risk of endometrial cancer. anything that increases your risk of getting a disease is called a risk factor. having a risk factor does not mean that you will get cancer; not having risk factors doesn't mean that you will not get cancer. talk with your doctor if you think you may be at risk. risk factors for endometrial cancer include the following: - having endometrial hyperplasia. - being obese. - having metabolic syndrome, a set of conditions that occur together, including extra fat around the abdomen, high blood sugar, high blood pressure, high levels of triglycerides and low levels of high-density lipoproteins in the blood. - never giving birth. - beginning menstruation at an early age. - reaching menopause at an older age. - having polycystic ovarian syndrome (pcos). - having a mother, sister, or daughter with uterine cancer. - having a certain gene change that is linked to lynch syndrome (hereditary non-polyposis colon cancer). - having hyperinsulinemia (high levels of insulin in the blood). taking tamoxifen for breast cancer or taking estrogen alone (without progesterone) can increase the risk of endometrial cancer. endometrial cancer may develop in breast cancer patients who have been treated with tamoxifen. a patient who takes this drug and has abnormal vaginal bleeding should have a follow-up exam and a biopsy of the endometrial lining if needed. women taking estrogen (a hormone that can affect the growth of some cancers) alone also have an increased risk of endometrial cancer. taking estrogen combined with progesterone (another hormone) does not increase a womans risk of endometrial cancer."
what is (are) endometrial cancer ?,"key points - endometrial cancer is a disease in which malignant (cancer) cells form in the tissues of the endometrium. - in the united states, endometrial cancer is the most common invasive cancer of the female reproductive system. - health history and certain medicines can affect the risk of developing endometrial cancer. endometrial cancer is a disease in which malignant (cancer) cells form in the tissues of the endometrium. the endometrium is the innermost lining of the uterus. the uterus is a hollow, muscular organ in a woman's pelvis. the uterus is where a fetus grows. in most nonpregnant women, the uterus is about 3 inches long. cancer of the endometrium is different from cancer of the muscle of the uterus, which is called uterine sarcoma. see the pdq summary on uterine sarcoma treatment for more information. see the following pdq summaries for more information about endometrial cancer: - endometrial cancer treatment - endometrial cancer prevention in the united states, endometrial cancer is the most common invasive cancer of the female reproductive system. endometrial cancer is diagnosed most often in postmenopausal women at an average age of 60 years. from 2004 to 2013, the number of new cases of endometrial cancer increased slightly in white and black women. from 2005 to 2014, the number of deaths from endometrial cancer increased slightly in white and black women. when endometrial cancer is diagnosed in black women, it is usually more advanced and less likely to be cured."
what are the stages of endometrial cancer ?,"key points - after endometrial cancer has been diagnosed, tests are done to find out if cancer cells have spread within the uterus or to other parts of the body. - there are three ways that cancer spreads in the body. - cancer may spread from where it began to other parts of the body. - the following stages are used for endometrial cancer: - stage i - stage ii - stage iii - stage iv - endometrial cancer may be grouped for treatment as follows: - low-risk endometrial cancer - high-risk endometrial cancer after endometrial cancer has been diagnosed, tests are done to find out if cancer cells have spread within the uterus or to other parts of the body. the process used to find out whether the cancer has spread within the uterus or to other parts of the body is called staging. the information gathered from the staging process determines the stage of the disease. it is important to know the stage in order to plan treatment. certain tests and procedures are used in the staging process. a hysterectomy (an operation in which the uterus is removed) will usually be done to treat endometrial cancer. tissue samples are taken from the area around the uterus and checked under a microscope for signs of cancer to help find out whether the cancer has spread. the following procedures may be used in the staging process: - pelvic exam : an exam of the vagina, cervix, uterus, fallopian tubes, ovaries, and rectum. a speculum is inserted into the vagina and the doctor or nurse looks at the vagina and cervix for signs of disease. a pap test of the cervix is usually done. the doctor or nurse also inserts one or two lubricated, gloved fingers of one hand into the vagina and places the other hand over the lower abdomen to feel the size, shape, and position of the uterus and ovaries. the doctor or nurse also inserts a lubricated, gloved finger into the rectum to feel for lumps or abnormal areas. - chest x-ray : an x-ray of the organs and bones inside the chest. an x-ray is a type of energy beam that can go through the body and onto film, making a picture of areas inside the body. - ct scan (cat scan): a procedure that makes a series of detailed pictures of areas inside the body, taken from different angles. the pictures are made by a computer linked to an x-ray machine. a dye may be injected into a vein or swallowed to help the organs or tissues show up more clearly. this procedure is also called computed tomography, computerized tomography, or computerized axial tomography. - mri (magnetic resonance imaging): a procedure that uses a magnet, radio waves, and a computer to make a series of detailed pictures of areas inside the body. this procedure is also called nuclear magnetic resonance imaging (nmri). - pet scan (positron emission tomography scan): a procedure to find malignant tumor cells in the body. a small amount of radioactive glucose (sugar) is injected into a vein. the pet scanner rotates around the body and makes a picture of where glucose is being used in the body. malignant tumor cells show up brighter in the picture because they are more active and take up more glucose than normal cells do. - lymph node dissection : a surgical procedure in which the lymph nodes are removed from the pelvic area and a sample of tissue is checked under a microscope for signs of cancer. this procedure is also called lymphadenectomy. there are three ways that cancer spreads in the body. cancer can spread through tissue, the lymph system, and the blood: - tissue. the cancer spreads from where it began by growing into nearby areas. - lymph system. the cancer spreads from where it began by getting into the lymph system. the cancer travels through the lymph vessels to other parts of the body. - blood. the cancer spreads from where it began by getting into the blood. the cancer travels through the blood vessels to other parts of the body. cancer may spread from where it began to other parts of the body. when cancer spreads to another part of the body, it is called metastasis. cancer cells break away from where they began (the primary tumor) and travel through the lymph system or blood. - lymph system. the cancer gets into the lymph system, travels through the lymph vessels, and forms a tumor (metastatic tumor) in another part of the body. - blood. the cancer gets into the blood, travels through the blood vessels, and forms a tumor (metastatic tumor) in another part of the body. the metastatic tumor is the same type of cancer as the primary tumor. for example, if endometrial cancer spreads to the lung, the cancer cells in the lung are actually endometrial cancer cells. the disease is metastatic endometrial cancer, not lung cancer. the following stages are used for endometrial cancer: stage i in stage i, cancer is found in the uterus only. stage i is divided into stages ia and ib, based on how far the cancer has spread. - stage ia: cancer is in the endometrium only or less than halfway through the myometrium (muscle layer of the uterus). - stage ib: cancer has spread halfway or more into the myometrium. stage ii in stage ii, cancer has spread into connective tissue of the cervix, but has not spread outside the uterus. stage iii in stage iii, cancer has spread beyond the uterus and cervix, but has not spread beyond the pelvis. stage iii is divided into stages iiia, iiib, and iiic, based on how far the cancer has spread within the pelvis. - stage iiia: cancer has spread to the outer layer of the uterus and/or to the fallopian tubes, ovaries, and ligaments of the uterus. - stage iiib: cancer has spread to the vagina and/or to the parametrium (connective tissue and fat around the uterus). - stage iiic: cancer has spread to lymph nodes in the pelvis and/or around the aorta (largest artery in the body, which carries blood away from the heart). stage iv in stage iv, cancer has spread beyond the pelvis. stage iv is divided into stages iva and ivb, based on how far the cancer has spread. - stage iva: cancer has spread to the bladder and/or bowel wall. - stage ivb: cancer has spread to other parts of the body beyond the pelvis, including the abdomen and/or lymph nodes in the groin. endometrial cancer may be grouped for treatment as follows: low-risk endometrial cancer grades 1 and 2 tumors are usually considered low-risk. they usually do not spread to other parts of the body. high-risk endometrial cancer grade 3 tumors are considered high-risk. they often spread to other parts of the body. uterine papillary serous, clear cell, and carcinosarcoma are three subtypes of endometrial cancer that are considered grade 3."
what is (are) endometrial cancer ?,"key points - endometrial cancer is a disease in which malignant (cancer) cells form in the tissues of the endometrium. - endometrial cancer is the most common invasive cancer of the female reproductive system. endometrial cancer is a disease in which malignant (cancer) cells form in the tissues of the endometrium. the endometrium is the lining of the uterus. the uterus is part of the female reproductive system. it is a hollow, pear-shaped, muscular organ in the pelvis, where a fetus grows. cancer of the endometrium is different from cancer of the muscle of the uterus, which is called sarcoma of the uterus. see the pdq summary on uterine sarcoma treatment for more information. see the following pdq summaries for more information about endometrial cancer: - endometrial cancer screening - endometrial cancer treatment endometrial cancer is the most common invasive cancer of the female reproductive system. endometrial cancer is diagnosed most often in postmenopausal women at an average age of 60 years . from 2004 to 2013, the number of new cases of endometrial cancer increased slightly in white and african american women. from 2005 to 2014, the number of deaths from endometrial cancer also increased slightly in white and african american women. compared with white women, rates of endometrial cancer are lower in japanese americans and in latinas. the rates of endometrial cancer in white women are about the same as in african americans or in native hawaiians. the number of deaths from endometrial cancer is higher in african american women compared with women of other races."
what are the symptoms of endometrial cancer ?,signs and symptoms of endometrial cancer include unusual vaginal bleeding or pain in the pelvis. these and other signs and symptoms may be caused by endometrial cancer or by other conditions. check with your doctor if you have any of the following: - vaginal bleeding or discharge not related to menstruation (periods). - vaginal bleeding after menopause. - difficult or painful urination. - pain during sexual intercourse. - pain in the pelvic area.
who is at risk for endometrial cancer? ?,"obesity and having metabolic syndrome may increase the risk of endometrial cancer. anything that increases your risk of getting a disease is called a risk factor. having a risk factor does not mean that you will get cancer; not having risk factors doesn't mean that you will not get cancer. talk with your doctor if you think you may be at risk. risk factors for endometrial cancer include the following: - having endometrial hyperplasia. - being obese. - having metabolic syndrome, a set of conditions that occur together, including extra fat around the abdomen, high blood sugar, high blood pressure, high levels of triglycerides and low levels of high-density lipoproteins in the blood. - never giving birth. - beginning menstruation at an early age. - reaching menopause at an older age. - having polycystic ovarian syndrome (pcos). - having a mother, sister, or daughter with uterine cancer. - having a certain gene change that is linked to lynch syndrome (hereditary non-polyposis colon cancer). - having hyperinsulinemia (high levels of insulin in the blood). taking tamoxifen for breast cancer or taking estrogen alone (without progesterone) can increase the risk of endometrial cancer. endometrial cancer may develop in breast cancer patients who have been treated with tamoxifen. a patient who takes this drug and has abnormal vaginal bleeding should have a follow-up exam and a biopsy of the endometrial lining if needed. women taking estrogen (a hormone that can affect the growth of some cancers) alone also have an increased risk of endometrial cancer. taking estrogen combined with progesterone (another hormone) does not increase a womans risk of endometrial cancer."
who is at risk for endometrial cancer? ?,health history and certain medicines can affect the risk of developing endometrial cancer. anything that increases your chance of getting a disease is called a risk factor. having a risk factor does not mean that you will get cancer; not having risk factors doesnt mean that you will not get cancer. people who think they may be at risk should discuss this with their doctor. risk factors for endometrial cancer include the following: - taking tamoxifen for treatment or prevention of breast cancer. - taking estrogen alone. (taking estrogen in combination with progestin does not appear to increase the risk of endometrial cancer.) - being overweight. - eating a high-fat diet. - never giving birth. - beginning menstruation at an early age. - reaching menopause at an older age. - having the gene for hereditary non-polyposis colon cancer (hnpcc). - being white.
what is the outlook for endometrial cancer ?,"certain factors affect prognosis (chance of recovery) and treatment options.the prognosis (chance of recovery) and treatment options depend on the following: - the stage of the cancer (whether it is in the endometrium only, involves the uterus wall, or has spread to other places in the body). - how the cancer cells look under a microscope. - whether the cancer cells are affected by progesterone. endometrial cancer can usually be cured because it is usually diagnosed early."
what research (or clinical trials) is being done for endometrial cancer ?,"new types of treatment are being tested in clinical trials. information about clinical trials is available from the nci website. patients may want to think about taking part in a clinical trial. for some patients, taking part in a clinical trial may be the best treatment choice. clinical trials are part of the cancer research process. clinical trials are done to find out if new cancer treatments are safe and effective or better than the standard treatment. many of today's standard treatments for cancer are based on earlier clinical trials. patients who take part in a clinical trial may receive the standard treatment or be among the first to receive a new treatment. patients who take part in clinical trials also help improve the way cancer will be treated in the future. even when clinical trials do not lead to effective new treatments, they often answer important questions and help move research forward. patients can enter clinical trials before, during, or after starting their cancer treatment. some clinical trials only include patients who have not yet received treatment. other trials test treatments for patients whose cancer has not gotten better. there are also clinical trials that test new ways to stop cancer from recurring (coming back) or reduce the side effects of cancer treatment. clinical trials are taking place in many parts of the country. see the treatment options section that follows for links to current treatment clinical trials. these have been retrieved from nci's listing of clinical trials."
who is at risk for endometrial cancer? ?,"key points - avoiding risk factors and increasing protective factors may help prevent cancer. - the following risk factors increase the risk of endometrial cancer: - endometrial hyperplasia - estrogen - tamoxifen - obesity, weight gain, metabolic syndrome, and diabetes - genetic factors - the following protective factors decrease the risk of endometrial cancer: - pregnancy and breast-feeding - combination oral contraceptives - physical activity - cigarette smoking - it is not known if the following factors affect the risk of endometrial cancer: - weight loss - fruits, vegetables, and vitamins - cancer prevention clinical trials are used to study ways to prevent cancer. - new ways to prevent endometrial cancer are being studied in clinical trials. avoiding risk factors and increasing protective factors may help prevent cancer. avoiding cancer risk factors may help prevent certain cancers. risk factors include smoking, being overweight, and not getting enough exercise. increasing protective factors such as quitting smoking and exercising may also help prevent some cancers. talk to your doctor or other health care professional about how you might lower your risk of cancer. the following risk factors increase the risk of endometrial cancer: endometrial hyperplasia endometrial hyperplasia is an abnormal thickening of the endometrium (lining of the uterus). it is not cancer, but in some cases, it may lead to endometrial cancer. estrogen estrogen is a hormone made by the body. it helps the body develop and maintain female sex characteristics. estrogen can affect the growth of some cancers, including endometrial cancer. a woman's risk of developing endometrial cancer is increased by being exposed to estrogen in the following ways: - estrogen-only hormone replacement therapy: estrogen may be given to replace the estrogen no longer produced by the ovaries in postmenopausal women or women whose ovaries have been removed. this is called hormone replacement therapy (hrt), or hormone therapy (ht). the use of hrt that contains only estrogen increases the risk of endometrial cancer and endometrial hyperplasia. for this reason, estrogen therapy alone is usually prescribed only for women who do not have a uterus. hrt that contains only estrogen also increases the risk of stroke and blood clots. when estrogen is combined with progestin (another hormone), it is called combination estrogen-progestin replacement therapy. for postmenopausal women, taking estrogen in combination with progestin does not increase the risk of endometrial cancer, but it does increase the risk of breast cancer. (see the breast cancer prevention summary for more information.) - early menstruation: beginning to have menstrual periods at an early age increases the number of years the body is exposed to estrogen and increases a woman's risk of endometrial cancer. - late menopause: women who reach menopause at an older age are exposed to estrogen for a longer time and have an increased risk of endometrial cancer. - never being pregnant: because estrogen levels are lower during pregnancy, women who have never been pregnant are exposed to estrogen for a longer time than women who have been pregnant. this increases the risk of endometrial cancer. tamoxifen tamoxifen is one of a group of drugs called selective estrogen receptor modulators, or serms. tamoxifen acts like estrogen on some tissues in the body, such as the uterus, but blocks the effects of estrogen on other tissues, such as the breast. tamoxifen is used to prevent breast cancer in women who are at high risk for the disease. however, using tamoxifen for more than 2 years increases the risk of endometrial cancer. this risk is greater in postmenopausal women. raloxifene is a serm that is used to prevent bone weakness in postmenopausal women. however, it does not have estrogen-like effects on the uterus and has not been shown to increase the risk of endometrial cancer. obesity, weight gain, metabolic syndrome, and diabetes obesity, gaining weight as an adult, or having metabolic syndrome increases the risk of endometrial cancer. obesity is related to other risk factors such as high estrogen levels, having extra fat around the waist, polycystic ovary syndrome, and lack of physical activity. having metabolic syndrome increases the risk of endometrial cancer. metabolic syndrome is a condition that includes extra fat around the waist, high blood sugar, high blood pressure, and high levels of triglycerides (a type of fat) in the blood. genetic factors hereditary nonpolyposis colon cancer (hnpcc) syndrome (also known as lynch syndrome) is an inherited disorder caused by changes in certain genes. women who have hnpcc syndrome have a much higher risk of developing endometrial cancer than women who do not have hnpcc syndrome. polycystic ovary syndrome (a disorder of the hormones made by the ovaries), and cowden syndrome are inherited conditions that are linked to an increased risk of endometrial cancer. women with a family history of endometrial cancer in a first-degree relative (mother, sister, or daughter) are also at increased risk of endometrial cancer. it is not known if the following factors affect the risk of endometrial cancer: weight loss it is not known if losing weight decreases the risk of endometrial cancer. fruits, vegetables, and vitamins a diet that includes, fruits, vegetables, phytoestrogen, soy, and vitamin d has not been found to affect the risk of endometrial cancer. taking multivitamins has little or no effect on the risk of common cancers, including endometrial cancer."
how to diagnose endometrial cancer ?,"tests that examine the endometrium are used to detect (find) and diagnose endometrial cancer. because endometrial cancer begins inside the uterus, it does not usually show up in the results of a pap test. for this reason, a sample of endometrial tissue must be removed and checked under a microscope to look for cancer cells. one of the following procedures may be used: - endometrial biopsy : the removal of tissue from the endometrium (inner lining of the uterus) by inserting a thin, flexible tube through the cervix and into the uterus. the tube is used to gently scrape a small amount of tissue from the endometrium and then remove the tissue samples. a pathologist views the tissue under a microscope to look for cancer cells. - dilatation and curettage : a procedure to remove samples of tissue from the inner lining of the uterus. the cervix is dilated and a curette (spoon-shaped instrument) is inserted into the uterus to remove tissue. the tissue samples are checked under a microscope for signs of disease. this procedure is also called a d&c. - hysteroscopy: a procedure to look inside the uterus for abnormal areas. a hysteroscope is inserted through the vagina and cervix into the uterus. a hysteroscope is a thin, tube-like instrument with a light and a lens for viewing. it may also have a tool to remove tissue samples, which are checked under a microscope for signs of cancer. other tests and procedures used to diagnose endometrial cancer include the following: - physical exam and history : an exam of the body to check general signs of health, including checking for signs of disease, such as lumps or anything else that seems unusual. a history of the patients health habits and past illnesses and treatments will also be taken. - transvaginal ultrasound exam: a procedure used to examine the vagina, uterus, fallopian tubes, and bladder. an ultrasound transducer (probe) is inserted into the vagina and used to bounce high-energy sound waves (ultrasound) off internal tissues or organs and make echoes. the echoes form a picture of body tissues called a sonogram. the doctor can identify tumors by looking at the sonogram."
how to prevent glaucoma ?,"at this time, we do not know how to prevent glaucoma. however, studies have shown that the early detection and treatment of glaucoma, before it causes major vision loss, is the best way to control the disease. so, if you fall into one of the higher risk groups for the disease, make sure to have a comprehensive dilated eye exam at least once every one to two years. get tips on finding an eye care professional. learn what a comprehensive dilated eye exam involves."
what are the treatments for glaucoma ?,"yes. immediate treatment for early stage, open-angle glaucoma can delay progression of the disease. that's why early diagnosis is very important. glaucoma treatments include medicines, laser surgery, conventional surgery, or a combination of any of these. while these treatments may save remaining vision, they do not improve sight already lost from glaucoma."
what is (are) glaucoma ?,"glaucoma is a group of diseases that can damage the eye's optic nerve. it is a leading cause of blindness in the united states. it usually happens when the fluid pressure inside the eyes slowly rises, damaging the optic nerve. often there are no symptoms at first. without treatment, people with glaucoma will slowly lose their peripheral, or side vision. they seem to be looking through a tunnel. over time, straight-ahead vision may decrease until no vision remains. a comprehensive eye exam can tell if you have glaucoma. people at risk should get eye exams at least every two years. they include - african americans over age 40 - people over age 60, especially mexican americans - people with a family history of glaucoma there is no cure, but glaucoma can usually be controlled. early treatment can help protect your eyes against vision loss. treatments usually include prescription eyedrops and/or surgery. nih: national eye institute"
who is at risk for glaucoma? ?,encourage them to have a comprehensive dilated eye exam at least once every two years. remember -- lowering eye pressure in glaucoma's early stages slows progression of the disease and helps save vision. get tips on finding an eye care professional.
what is (are) glaucoma ?,"glaucoma is a group of diseases that can damage the eye's optic nerve and result in vision loss and blindness. the most common form of the disease is open-angle glaucoma. with early treatment, you can often protect your eyes against serious vision loss. (watch the video to learn more about glaucoma. to enlarge the video, click the brackets in the lower right-hand corner. to reduce the video, press the escape (esc) button on your keyboard.) see this graphic for a quick overview of glaucoma, including how many people it affects, whos at risk, what to do if you have it, and how to learn more. see a glossary of glaucoma terms."
who is at risk for glaucoma? ?,"anyone can develop glaucoma. some people are at higher risk than others. they include - african-americans over age 40 - everyone over age 60, especially hispanics/latinos - people with a family history of glaucoma. african-americans over age 40 everyone over age 60, especially hispanics/latinos people with a family history of glaucoma. see this graphic for a quick overview of glaucoma, including how many people it affects, whos at risk, what to do if you have it, and how to learn more."
what causes glaucoma ?,"nearly 2.7 million people have glaucoma, a leading cause of blindness in the united states. although anyone can get glaucoma, some people are at higher risk. they include - african-americans over age 40 - everyone over age 60, especially hispanics/latinos - people with a family history of glaucoma. african-americans over age 40 everyone over age 60, especially hispanics/latinos people with a family history of glaucoma. in addition to age, eye pressure is a risk factor. whether you develop glaucoma depends on the level of pressure your optic nerve can tolerate without being damaged. this level is different for each person. thats why a comprehensive dilated eye exam is very important. it can help your eye care professional determine what level of eye pressure is normal for you. another risk factor for optic nerve damage relates to blood pressure. thus, it is important to also make sure that your blood pressure is at a proper level for your body by working with your medical doctor. (watch the animated video to learn more about the causes of glaucoma. to enlarge the video, click the brackets in the lower right-hand corner. to reduce the video, press the escape (esc) button on your keyboard.)"
what is (are) glaucoma ?,"glaucoma is a group of diseases that can damage the eye's optic nerve and result in vision loss and blindness. while glaucoma can strike anyone, the risk is much greater for people over 60. how glaucoma develops there are several different types of glaucoma. most of these involve the drainage system within the eye. at the front of the eye there is a small space called the anterior chamber. a clear fluid flows through this chamber and bathes and nourishes the nearby tissues. (watch the video to learn more about glaucoma. to enlarge the video, click the brackets in the lower right-hand corner. to reduce the video, press the escape (esc) button on your keyboard.) in glaucoma, for still unknown reasons, the fluid drains too slowly out of the eye. as the fluid builds up, the pressure inside the eye rises. unless this pressure is controlled, it may cause damage to the optic nerve and other parts of the eye and result in loss of vision. open-angle glaucoma the most common type of glaucoma is called open-angle glaucoma. in the normal eye, the clear fluid leaves the anterior chamber at the open angle where the cornea and iris meet. when fluid reaches the angle, it flows through a spongy meshwork, like a drain, and leaves the eye. sometimes, when the fluid reaches the angle, it passes too slowly through the meshwork drain, causing the pressure inside the eye to build. if the pressure damages the optic nerve, open-angle glaucoma -- and vision loss -- may result. there is no cure for glaucoma. vision lost from the disease cannot be restored. however, there are treatments that may save remaining vision. that is why early diagnosis is important. see this graphic for a quick overview of glaucoma, including how many people it affects, whos at risk, what to do if you have it, and how to learn more. see a glossary of glaucoma terms."
what is (are) glaucoma ?,"national eye institute national institutes of health 2020 vision place bethesda, md 20892-3655 301-496-5248 e-mail: 2020@nei.nih.gov the glaucoma foundation 80 maiden lane, suite 700 new york, ny 10038 212-285-0080 glaucoma research foundation 251 post street, suite 600 san francisco, ca 94108 1-800-826-6693"
what are the treatments for glaucoma ?,"although open-angle glaucoma cannot be cured, it can usually be controlled. while treatments may save remaining vision, they do not improve sight already lost from glaucoma. the most common treatments for glaucoma are medication and surgery. medications medications for glaucoma may be either in the form of eye drops or pills. some drugs reduce pressure by slowing the flow of fluid into the eye. others help to improve fluid drainage. (watch the video to learn more about coping with glaucoma. to enlarge the video, click the brackets in the lower right-hand corner. to reduce the video, press the escape (esc) button on your keyboard.) for most people with glaucoma, regular use of medications will control the increased fluid pressure. but, these drugs may stop working over time. or, they may cause side effects. if a problem occurs, the eye care professional may select other drugs, change the dose, or suggest other ways to deal with the problem. read or listen to ways some patients are coping with glaucoma. surgery laser surgery is another treatment for glaucoma. during laser surgery, a strong beam of light is focused on the part of the anterior chamber where the fluid leaves the eye. this results in a series of small changes that makes it easier for fluid to exit the eye. over time, the effect of laser surgery may wear off. patients who have this form of surgery may need to keep taking glaucoma drugs. researching causes and treatments through studies in the laboratory and with patients, nei is seeking better ways to detect, treat, and prevent vision loss in people with glaucoma. for example, researchers have discovered genes that could help explain how glaucoma damages the eye. nei also is supporting studies to learn more about who is likely to get glaucoma, when to treat people who have increased eye pressure, and which treatment to use first."
what is (are) glaucoma ?,"open-angle glaucoma is the most common form of glaucoma. in the normal eye, the clear fluid leaves the anterior chamber at the open angle where the cornea and iris meet. when the fluid reaches the angle, it flows through a spongy meshwork, like a drain, and leaves the eye. sometimes, when the fluid reaches the angle, it passes too slowly through the meshwork drain, causing the pressure inside the eye to build. if the pressure damages the optic nerve, open-angle glaucoma -- and vision loss -- may result."
what are the symptoms of glaucoma ?,"at first, open-angle glaucoma has no symptoms. it causes no pain. vision seems normal. without treatment, people with glaucoma will slowly lose their peripheral, or side vision. they seem to be looking through a tunnel. over time, straight-ahead vision may decrease until no vision remains."
what research (or clinical trials) is being done for glaucoma ?,"through studies in the laboratory and with patients, the national eye institute is seeking better ways to detect, treat, and prevent vision loss in people with glaucoma. for example, researchers have discovered genes that could help explain how glaucoma damages the eye. nei also is supporting studies to learn more about who is likely to get glaucoma, when to treat people who have increased eye pressure, and which treatment to use first."
who is at risk for gout? ?,"renal insufficiency, or the inability of the kidneys to eliminate waste products, is a common cause of gout in older people. here are other medical problems that contribute to high blood levels of uric acid and can put people at risk for gout. - high blood pressure - hypothyroidism (underactive thyroid gland) - conditions that cause an excessively rapid turnover of cells, such as psoriasis, hemolytic anemia, or some cancers - kelley-seegmiller syndrome or lesch-nyhan syndrome, two rare conditions in which the enzyme that helps control uric acid levels either is not present or is found in insufficient quantities. high blood pressure hypothyroidism (underactive thyroid gland) conditions that cause an excessively rapid turnover of cells, such as psoriasis, hemolytic anemia, or some cancers kelley-seegmiller syndrome or lesch-nyhan syndrome, two rare conditions in which the enzyme that helps control uric acid levels either is not present or is found in insufficient quantities."
what are the symptoms of gout ?,"gout is a form of arthritis that frequently affects joints in the lower part of the body such as the knees, ankles, or toes. the affected joint may become swollen, red, or warm. attacks usually occur at night. sometime during the course of the disease, many patients will develop gout in the big toe. other signs and symptoms of gout include - hyperuricemia -- high levels of uric acid in the body - the presence of uric acid crystals in joint fluid - more than one attack of acute arthritis - arthritis that develops in a day, producing a swollen, red, and warm joint - attack of arthritis in only one joint, often the toe, ankle, or knee. hyperuricemia -- high levels of uric acid in the body the presence of uric acid crystals in joint fluid more than one attack of acute arthritis arthritis that develops in a day, producing a swollen, red, and warm joint attack of arthritis in only one joint, often the toe, ankle, or knee."
what is (are) gout ?,"gout is a common, painful form of arthritis. it causes swollen, red, hot and stiff joints. gout happens when uric acid builds up in your body. uric acid comes from the breakdown of substances called purines. purines are in your body's tissues and in foods, such as liver, dried beans and peas, and anchovies. normally, uric acid dissolves in the blood. it passes through the kidneys and out of the body in urine. but sometimes uric acid can build up and form needle-like crystals. when they form in your joints, it is very painful. the crystals can also cause kidney stones. often, gout first attacks your big toe. it can also attack ankles, heels, knees, wrists, fingers, and elbows. at first, gout attacks usually get better in days. eventually, attacks last longer and happen more often. you are more likely to get gout if you - are a man - have family member with gout - are overweight - drink alcohol - eat too many foods rich in purines gout can be hard to diagnose. your doctor may take a sample of fluid from an inflamed joint to look for crystals. you can treat gout with medicines. pseudogout has similar symptoms and is sometimes confused with gout. however, it is caused by calcium phosphate, not uric acid. nih: national institute of arthritis and musculoskeletal and skin diseases"
what are the treatments for gout ?,"physicians often prescribe high doses of non-steroidal anti-inflammatory drugs (nsaids) or steroids for a sudden attack of gout. nsaids are taken by mouth and corticosteroids are either taken by mouth or injected into the affected joint. patients often begin to improve within a few hours of treatment, and the attack usually goes away completely within a week or so. when nsaids or corticosteroids fail to control pain and swelling, the doctor may use another drug, colchicine. this drug is most effective when taken within the first 12 hours of an acute attack. for patients who have repeated gout attacks, the doctor may prescribe medicine such as allupurinol, febuxostat, or probenecid to lower uric acid levels. in severe cases of gout that do not respond to other treatments, pegloticase, a medicine administered by intravenous infusion, may be prescribed to reduce levels of uric acid."
what research (or clinical trials) is being done for gout ?,"because uric acids role in gout is well understood and medications to ease attacks and reduce the risk or severity of future attacks are widely available, gout is one of the mostif not the mostcontrollable forms of arthritis. but researchers continue to make advances that help people live with gout. perhaps someday these advances will prevent this extremely painful disease. here are some areas of gout research. - refining current treatments. although many medications are available to treat gout, doctors are trying to determine which of the treatments are most effective and at which dosages. recent studies have compared the effectiveness of different nsaids in treating the pain and inflammation of gout and have looked at the optimal dosages of other treatments to control and/or prevent painful attacks. refining current treatments. although many medications are available to treat gout, doctors are trying to determine which of the treatments are most effective and at which dosages. recent studies have compared the effectiveness of different nsaids in treating the pain and inflammation of gout and have looked at the optimal dosages of other treatments to control and/or prevent painful attacks. - evaluating new therapies. a number of new therapies have shown promise in recent studies including biologic agents that block a chemical called tumor necrosis factor. this chemical is believed to play a role in the inflammation of gout. evaluating new therapies. a number of new therapies have shown promise in recent studies including biologic agents that block a chemical called tumor necrosis factor. this chemical is believed to play a role in the inflammation of gout. - discovering the role of foods. gout is the one form of arthritis for which there is proof that specific foods worsen the symptoms. now, research is suggesting that certain foods may also prevent gout. in one study scientists found that a high intake of low-fat dairy products reduces the risk of gout in men by half. the reason for this protective effect is not yet known. another study examining the effects of vitamin c on uric acid suggests that it may be beneficial in the prevention and management of gout and other diseases that are associated with uric acid production. discovering the role of foods. gout is the one form of arthritis for which there is proof that specific foods worsen the symptoms. now, research is suggesting that certain foods may also prevent gout. in one study scientists found that a high intake of low-fat dairy products reduces the risk of gout in men by half. the reason for this protective effect is not yet known. another study examining the effects of vitamin c on uric acid suggests that it may be beneficial in the prevention and management of gout and other diseases that are associated with uric acid production. - searching for new treatment approaches. scientists are also studying the contributions of different types of cells that participate in both the acute and chronic joint manifestations of gout. the specific goals of this research are to better understand how urate crystals activate white blood cells called neutrophils, leading to acute gout attacks; how urate crystals affect the immune system, leading to chronic gout; and how urate crystals interact with bone cells in a way that causes debilitating bone lesions among people with chronic gout. the hope is that a better understanding of the various inflammatory reactions that occur in gout will provide innovative clues for treatment. searching for new treatment approaches. scientists are also studying the contributions of different types of cells that participate in both the acute and chronic joint manifestations of gout. the specific goals of this research are to better understand how urate crystals activate white blood cells called neutrophils, leading to acute gout attacks; how urate crystals affect the immune system, leading to chronic gout; and how urate crystals interact with bone cells in a way that causes debilitating bone lesions among people with chronic gout. the hope is that a better understanding of the various inflammatory reactions that occur in gout will provide innovative clues for treatment. - examining how genetics and environmental factors can affect hyperuricemia. researchers are studying different populations in which gout is prevalent to determine how certain genes and environmental factors may affect blood levels of uric acid, which can leak out and crystallize in the joint, leading to gout. examining how genetics and environmental factors can affect hyperuricemia. researchers are studying different populations in which gout is prevalent to determine how certain genes and environmental factors may affect blood levels of uric acid, which can leak out and crystallize in the joint, leading to gout."
who is at risk for gout? ?,"these risk factors are associated with gout. - genetics. many people with gout have a family history of the disease. - gender and age. gout is more common in men than in women and more common in adults than in children. - weight. being overweight increases the risk of developing gout because there is more tissue available for turnover or breakdown, which leads to excess uric acid production. (high levels of uric acid in the blood can lead to gout.) - alcohol consumption. drinking too much alcohol can lead to a buildup of uric acid because alcohol interferes with the removal of uric acid from the body. - diet. eating too many foods that are rich in purines such as liver, dried beans and peas, anchovies and gravies, can cause or aggravate gout in some people. - lead exposure. in some cases, exposure to lead in the environment can cause gout. genetics. many people with gout have a family history of the disease. gender and age. gout is more common in men than in women and more common in adults than in children. weight. being overweight increases the risk of developing gout because there is more tissue available for turnover or breakdown, which leads to excess uric acid production. (high levels of uric acid in the blood can lead to gout.) alcohol consumption. drinking too much alcohol can lead to a buildup of uric acid because alcohol interferes with the removal of uric acid from the body. diet. eating too many foods that are rich in purines such as liver, dried beans and peas, anchovies and gravies, can cause or aggravate gout in some people. lead exposure. in some cases, exposure to lead in the environment can cause gout."
what causes gout ?,"a buildup of uric acid most people with gout have too much uric acid in their blood, a condition called hyperuricemia. uric acid is a substance that results from the breakdown of purines which are a part of all human tissue and found in many foods. needle-like crystals of uric acid can build up in the connective tissue, in the joint space between two bones, or both. if too many uric acid crystals form as a result of hyperuricemia, gout can develop. risk factors these risk factors are associated with gout. - genetics. many people with gout have a family history of the disease. genetics. many people with gout have a family history of the disease. - gender and age. gout is more common in men than in women and more common in adults than in children. gender and age. gout is more common in men than in women and more common in adults than in children. - weight. being overweight increases the risk of developing gout because there is more tissue available for turnover or breakdown, which leads to excess uric acid production. weight. being overweight increases the risk of developing gout because there is more tissue available for turnover or breakdown, which leads to excess uric acid production. - alcohol consumption. drinking too much alcohol can lead to a buildup of uric acid because alcohol interferes with the removal of uric acid from the body. alcohol consumption. drinking too much alcohol can lead to a buildup of uric acid because alcohol interferes with the removal of uric acid from the body. - diet. eating too many foods that are rich in purines such as liver, dried beans and peas, anchovies and gravies, can cause or aggravate gout in some people. diet. eating too many foods that are rich in purines such as liver, dried beans and peas, anchovies and gravies, can cause or aggravate gout in some people. - lead exposure. in some cases, exposure to lead in the environment can cause gout. lead exposure. in some cases, exposure to lead in the environment can cause gout. - other health problems. renal insufficiency, or the inability of the kidneys to eliminate waste products, is a common cause of gout in older people. other medical problems that contribute to high blood levels of uric acid include - high blood pressure - hypothyroidism (underactive thyroid gland) - conditions that cause an excessively rapid turnover of cells, such as psoriasis, hemolytic anemia, or some cancers - kelley-seegmiller syndrome or lesch-nyhan syndrome, two rare conditions in which the enzyme that helps control uric acid levels either is not present or is found in insufficient quantities. other health problems. renal insufficiency, or the inability of the kidneys to eliminate waste products, is a common cause of gout in older people. other medical problems that contribute to high blood levels of uric acid include - high blood pressure - hypothyroidism (underactive thyroid gland) - conditions that cause an excessively rapid turnover of cells, such as psoriasis, hemolytic anemia, or some cancers - kelley-seegmiller syndrome or lesch-nyhan syndrome, two rare conditions in which the enzyme that helps control uric acid levels either is not present or is found in insufficient quantities. - high blood pressure - hypothyroidism (underactive thyroid gland) - conditions that cause an excessively rapid turnover of cells, such as psoriasis, hemolytic anemia, or some cancers - kelley-seegmiller syndrome or lesch-nyhan syndrome, two rare conditions in which the enzyme that helps control uric acid levels either is not present or is found in insufficient quantities. high blood pressure hypothyroidism (underactive thyroid gland) conditions that cause an excessively rapid turnover of cells, such as psoriasis, hemolytic anemia, or some cancers kelley-seegmiller syndrome or lesch-nyhan syndrome, two rare conditions in which the enzyme that helps control uric acid levels either is not present or is found in insufficient quantities. - medications. a number of medications may put people at risk for developing hyperuricemia and gout. they include - diuretics, which are taken to eliminate excess fluid from the body in conditions like hypertension, edema, and heart disease, and which decrease the amount of uric acid passed in the urine - salicylate-containing drugs, such as aspirin - niacin, a vitamin also known as nicotinic acid - cyclosporine, a medication that suppresses the bodys immune system (the system that protects the body from infection and disease). this medication is used in the treatment of some autoimmune diseases and to prevent the bodys rejection of transplanted organs. - levodopa, a medicine used in the treatment of parkinsons disease. medications. a number of medications may put people at risk for developing hyperuricemia and gout. they include - diuretics, which are taken to eliminate excess fluid from the body in conditions like hypertension, edema, and heart disease, and which decrease the amount of uric acid passed in the urine - salicylate-containing drugs, such as aspirin - niacin, a vitamin also known as nicotinic acid - cyclosporine, a medication that suppresses the bodys immune system (the system that protects the body from infection and disease). this medication is used in the treatment of some autoimmune diseases and to prevent the bodys rejection of transplanted organs. - levodopa, a medicine used in the treatment of parkinsons disease. - diuretics, which are taken to eliminate excess fluid from the body in conditions like hypertension, edema, and heart disease, and which decrease the amount of uric acid passed in the urine - salicylate-containing drugs, such as aspirin - niacin, a vitamin also known as nicotinic acid - cyclosporine, a medication that suppresses the bodys immune system (the system that protects the body from infection and disease). this medication is used in the treatment of some autoimmune diseases and to prevent the bodys rejection of transplanted organs. - levodopa, a medicine used in the treatment of parkinsons disease. diuretics, which are taken to eliminate excess fluid from the body in conditions like hypertension, edema, and heart disease, and which decrease the amount of uric acid passed in the urine salicylate-containing drugs, such as aspirin niacin, a vitamin also known as nicotinic acid cyclosporine, a medication that suppresses the bodys immune system (the system that protects the body from infection and disease). this medication is used in the treatment of some autoimmune diseases and to prevent the bodys rejection of transplanted organs. levodopa, a medicine used in the treatment of parkinsons disease."
what is (are) gout ?,"sudden, intense joint pain gout is a form of arthritis that causes the sudden onset of intense pain and swelling in the joints, which also may be warm and red. attacks frequently occur at night and can be triggered by stressful events, alcohol or drugs, or the presence of another illness. early attacks usually subside within 3 to 10 days, even without treatment, and the next attack may not occur for months or even years. where gout usually occurs sometime during the course of the disease, many patients will develop gout in the big toe. gout frequently affects joints in the lower part of the body such as the ankles, heels, knees, or toes. who is at risk? adult men, particularly those between the ages of 40 and 50, are more likely to develop gout than women, who rarely develop the disease before menstruation ends. a buildup of uric acid before an attack, needle-like crystals of uric acid build up in connective tissue, in the joint space between two bones, or in both. uric acid is a substance that results from the breakdown of purines, which are part of all human tissue and are found in many foods. normally, uric acid is dissolved in the blood and passed through the kidneys into the urine, where it is eliminated. if there is an increase in the production of uric acid or if the kidneys do not eliminate enough uric acid from the body, levels of it build up in the blood (a condition called hyperuricemia). hyperuricemia also may result when a person eats too many high-purine foods, such as liver, dried beans and peas, anchovies, and gravies. hyperuricemia is not a disease, and by itself it is not dangerous. however, if too many uric acid crystals form as a result of hyperuricemia, gout can develop. the crystals form and build up in the joint, causing inflammation. stages of gout gout can progress through four stages. asymptomatic (without symptoms) hyperuricemia. in this stage, a person has elevated levels of uric acid in the blood (hyperuricemia), but no other symptoms. treatment is usually not required. acute gout, or acute gouty arthritis. in this stage, hyperuricemia has caused uric acid crystals to build up in joint spaces. this leads to a sudden onset of intense pain and swelling in the joints, which also may be warm and very tender. an acute (sudden) attack commonly occurs at night and can be triggered by stressful events, alcohol or drugs, or the presence of another illness. attacks usually subside within 3 to 10 days, even without treatment, and the next attack may not occur for months or even years. over time, however, attacks can last longer and occur more frequently. interval or intercritical gout. this is the period between acute attacks. in this stage, a person does not have any symptoms. chronic tophaceous (toe fay shus) gout. this is the most disabling stage of gout. it usually develops over a long period, such as 10 years. in this stage, the disease may have caused permanent damage to the affected joints and sometimes to the kidneys. with proper treatment, most people with gout do not progress to this advanced stage."
what is (are) gout ?,"the national institute of arthritis and musculoskeletal and skin diseases (niams) at nih has more information about gout. check out the information here. also, see ""key words"" related to gout."
what are the treatments for gout ?,"symptoms can be controlled with proper treatment, most people with gout are able to control their symptoms and live productive lives. the goals for treatment are to ease the pain that comes from sudden attacks, prevent future attacks, stop uric acid buildup in the tissues and joint space between two bones, and prevent kidney stones from forming. common treatments the most common treatments for an attack of gout are high doses of non-steroidal anti-inflammatory drugs (nsaids) which are taken by mouth, or corticosteroids, which are taken by mouth or injected into the affected joint. patients often begin to improve within a few hours of treatment. the attack usually goes away completely within a week or so. several nsaids are available over the counter. it is important to check with your doctor concerning the safety of using these drugs and to verify the proper dosage. when nsaids or corticosteroids fail to control pain and swelling, the doctor may use another drug, colchicine. this drug is most effective when taken within the first 12 hours of an acute attack. for patients who have repeated gout attacks, the doctor may prescribe medicine such as allupurinol, febuxostat, or probenecid to lower uric acid levels. in severe cases of gout that do not respond to other treatments, pegloticase, a medicine administered by intravenous infusion, may be prescribed to reduce levels of uric acid."
what causes gout ?,"most people with gout have too much uric acid in their blood, a condition called hyperuricemia. uric acid is a substance that results from the breakdown of purines, which are part of all human tissue and are found in many foods, especially those high in protein. needle-like crystals of uric acid can build up in the connective tissue, in the joint space between two bones, or both. if too many uric acid crystals form as a result of hyperuricemia, gout can develop."
who is at risk for gout? ?,"yes. a number of medications may put people at risk for developing hyperuricemia and gout. they include - diuretics, which are taken to eliminate excess fluid from the body in conditions like hypertension, edema, and heart disease, and which decrease the amount of uric acid passed in the urine. (high levels of uric acid in the blood can lead to gout.) - salicylate-containing drugs, such as aspirin - niacin, a vitamin also known as nicotinic acid - cyclosporine, a medication that suppresses the bodys immune system (the system that protects the body from infection and disease). this medication is used in the treatment of some autoimmune diseases and to prevent the bodys rejection of transplanted organs. - levodopa, a medicine used in the treatment of parkinsons disease. diuretics, which are taken to eliminate excess fluid from the body in conditions like hypertension, edema, and heart disease, and which decrease the amount of uric acid passed in the urine. (high levels of uric acid in the blood can lead to gout.) salicylate-containing drugs, such as aspirin niacin, a vitamin also known as nicotinic acid cyclosporine, a medication that suppresses the bodys immune system (the system that protects the body from infection and disease). this medication is used in the treatment of some autoimmune diseases and to prevent the bodys rejection of transplanted organs. levodopa, a medicine used in the treatment of parkinsons disease."
how to diagnose gout ?,"to confirm a diagnosis of gout, the doctor inserts a needle into the inflamed joint and draws a sample of synovial fluid, the substance that lubricates a joint. a laboratory technician places some of the fluid on a slide and looks for uric acid crystals under a microscope. if uric acid crystals are found in the fluid surrounding the joint, the person usually has gout."
what is (are) gum (periodontal) disease ?,"an infection of the gums and surrounding tissues gum (periodontal) disease is an infection of the gums and surrounding tissues that hold teeth in place. the two forms of gum disease are gingivitis, a mild form that is reversible with good oral hygiene, and periodontitis, a more severe form that can damage the soft tissues and bone that support teeth. if left untreated, periodontitis can lead to tooth loss. in its early stages, gum disease is usually painless, and many people are not aware that they have it. in more advanced cases, gum disease can cause sore gums and pain when chewing. not a normal part of aging the good news is that gum disease can be prevented. it does not have to be a part of growing older. with thorough brushing and flossing and regular professional cleanings by your dentist, you can reduce your risk of developing gum disease as you age. if you have been treated for gum disease, sticking to a proper oral hygiene routine and visiting your dentist for regular cleanings can minimize the chances that it will come back. plaque buildup can form tartar gum disease is typically caused by poor brushing and flossing habits that allow dental plaque -- a sticky film of bacteria -- to build up on the teeth. plaque that is not removed can harden and form tartar that brushing doesn't clean. only a professional cleaning by a dentist or dental hygienist can remove tartar. gum disease can range from simple gum inflammation to serious disease. the two forms of gum disease are gingivitis and periodontitis. gingivitis and periodontitis in gingivitis, the gums become red, swollen and can bleed easily. gingivitis can usually be reversed with daily brushing and flossing, and regular cleaning by a dentist or dental hygienist. this form of gum disease does not include any loss of bone and tissue that hold teeth in place. when gingivitis is not treated, it can advance to periodontitis. in periodontitis, gums pull away from the teeth and form spaces (called ""pockets"") that become infected. the body's immune system fights the bacteria as the plaque spreads and grows below the gum line. bacterial toxins and the body's natural response to infection start to break down the bone and connective tissue that hold teeth in place. if not treated, the bones, gums, and tissue that support the teeth are destroyed. the teeth may eventually become loose and may have to be removed."
what causes gum (periodontal) disease ?,gum disease is caused by dental plaque -- a sticky film of bacteria that builds up on teeth. regular brushing and flossing help get rid of plaque. but plaque that is not removed can harden and form tartar that brushing doesn't clean. only a professional cleaning by a dentist or dental hygienist can remove tartar.
how to prevent gum (periodontal) disease ?,"yes, you can prevent gum disease with proper dental hygiene and regular cleanings by your dentist or dental hygienist. specifically, you should - brush your teeth twice a day (with a fluoride toothpaste). - floss regularly to remove plaque from between teeth. or use a device such as a special pick recommended by a dental professional. - visit the dentist routinely for a check-up and professional cleaning. - not smoke. - eat a well-balanced diet. (for more information, see ""eating well as you get older"" at brush your teeth twice a day (with a fluoride toothpaste). floss regularly to remove plaque from between teeth. or use a device such as a special pick recommended by a dental professional. visit the dentist routinely for a check-up and professional cleaning. not smoke. eat a well-balanced diet. (for more information, see ""eating well as you get older"" at"
how to prevent gum (periodontal) disease ?,"risk factors there are a number of risk factors that can increase your chances of developing periodontal disease. - smoking is one of the most significant risk factors associated with the development of gum disease. smoking can also lower the chances for successful treatment. - hormonal changes in women can make gums more sensitive and make it easier for gingivitis to develop. - people with diabetes are at higher risk for developing infections, including gum disease. - diseases like cancer or aids and their treatments can also negatively affect the health of gums. - there are hundreds of prescription and over-the-counter medications that can reduce the flow of saliva, which has a protective effect on the mouth. without enough saliva, the mouth is vulnerable to infections such as gum disease. and some medicines can cause abnormal overgrowth of the gum tissue; this can make it difficult to keep teeth and gums clean. - some people are more prone to severe gum disease because of their genetic makeup. smoking is one of the most significant risk factors associated with the development of gum disease. smoking can also lower the chances for successful treatment. hormonal changes in women can make gums more sensitive and make it easier for gingivitis to develop. people with diabetes are at higher risk for developing infections, including gum disease. diseases like cancer or aids and their treatments can also negatively affect the health of gums. there are hundreds of prescription and over-the-counter medications that can reduce the flow of saliva, which has a protective effect on the mouth. without enough saliva, the mouth is vulnerable to infections such as gum disease. and some medicines can cause abnormal overgrowth of the gum tissue; this can make it difficult to keep teeth and gums clean. some people are more prone to severe gum disease because of their genetic makeup. prevention here are some things you can do to prevent gum disease. - brush your teeth twice a day (with a fluoride toothpaste). - floss regularly to remove plaque from between teeth. or use a device such as a special pick recommended by a dental professional. visit the dentist routinely for a check-up and professional cleaning. - visit the dentist routinely for a check-up and professional cleaning. - don't smoke. - eat a well-balanced diet. (for more information, see ""eating well as you get older"" at brush your teeth twice a day (with a fluoride toothpaste). floss regularly to remove plaque from between teeth. or use a device such as a special pick recommended by a dental professional. visit the dentist routinely for a check-up and professional cleaning. visit the dentist routinely for a check-up and professional cleaning. don't smoke. eat a well-balanced diet. (for more information, see ""eating well as you get older"" at tips for easier at-home care - if your hands have become stiff because of arthritis or if you have a physical disability, you may find it difficult to use your toothbrush or dental floss. the following tips might make it easier for you to clean your teeth and gums. if your hands have become stiff because of arthritis or if you have a physical disability, you may find it difficult to use your toothbrush or dental floss. the following tips might make it easier for you to clean your teeth and gums. - make the toothbrush easier to hold. the same kind of velcro strap used to hold food utensils is helpful for some people. make the toothbrush easier to hold. the same kind of velcro strap used to hold food utensils is helpful for some people. - another way to make the toothbrush easier to hold is to attach the brush to the hand with a wide elastic or rubber band. another way to make the toothbrush easier to hold is to attach the brush to the hand with a wide elastic or rubber band. - make the toothbrush handle bigger. you can cut a small slit in the side of a tennis ball and slide it onto the handle of the toothbrush. make the toothbrush handle bigger. you can cut a small slit in the side of a tennis ball and slide it onto the handle of the toothbrush. - you can also buy a toothbrush with a large handle, or you can slide a bicycle grip onto the handle. you can also buy a toothbrush with a large handle, or you can slide a bicycle grip onto the handle. - try other toothbrush options. a power toothbrush might make brushing easier. try other toothbrush options. a power toothbrush might make brushing easier. - a floss holder can make it easier to hold the dental floss. - also, talk with your dentist about whether an oral irrigation system, special small brushes, or other instruments that clean between teeth are right for you. be sure to check with your dentist, though, before using any of these methods since they may injure the gums if used improperly. a floss holder can make it easier to hold the dental floss. also, talk with your dentist about whether an oral irrigation system, special small brushes, or other instruments that clean between teeth are right for you. be sure to check with your dentist, though, before using any of these methods since they may injure the gums if used improperly."
what are the treatments for gum (periodontal) disease ?,"if left untreated, gum disease can lead to tooth loss. gum disease is the leading cause of tooth loss in older adults."
what are the treatments for gum (periodontal) disease ?,"in deep cleaning, the dentist, periodontist, or dental hygienist removes the plaque through a method called scaling and root planing. scaling means scraping off the tartar from above and below the gum line. root planing gets rid of rough spots on the tooth root where the germs gather, and helps remove bacteria that contribute to the disease."
what are the treatments for gum (periodontal) disease ?,"controlling the infection the main goal of treatment is to control the infection. the number and types of treatment will vary, depending on how far the disease has advanced. any type of treatment requires the patient to keep up good daily care at home. the doctor may also suggest changing certain behaviors, such as quitting smoking, as a way to improve treatment outcome. treatments may include deep cleaning, medications, surgery, and bone and tissue grafts. deep cleaning (scaling and planing) in deep cleaning, the dentist, periodontist, or dental hygienist removes the plaque through a method called scaling and root planing. scaling means scraping off the tartar from above and below the gum line. root planing gets rid of rough spots on the tooth root where the germs gather, and helps remove bacteria that contribute to the disease. in some cases a laser may be used to remove plaque and tartar. this procedure can result in less bleeding, swelling, and discomfort compared to traditional deep cleaning methods. medications medications may be used with treatment that includes scaling and root planing, but they cannot always take the place of surgery. depending on how far the disease has progressed, the dentist or periodontist may still suggest surgical treatment. long-term studies are needed to find out if using medications reduces the need for surgery and whether they are effective over a long period of time. flap surgery surgery might be necessary if inflammation and deep pockets remain following treatment with deep cleaning and medications. a dentist or periodontist may perform flap surgery to remove tartar deposits in deep pockets or to reduce the periodontal pocket and make it easier for the patient, dentist, and hygienist to keep the area clean. this common surgery involves lifting back the gums and removing the tartar. the gums are then sutured back in place so that the tissue fits snugly around the tooth again. after surgery, the gums will shrink to fit more tightly around the tooth. this sometimes results in the teeth appearing longer. bone and tissue grafts in addition to flap surgery, your periodontist or dentist may suggest procedures to help regenerate any bone or gum tissue lost to periodontitis. - bone grafting, in which natural or synthetic bone is placed in the area of bone loss, can help promote bone growth. a technique that can be used with bone grafting is called guided tissue regeneration. in this procedure, a small piece of mesh-like material is inserted between the bone and gum tissue. this keeps the gum tissue from growing into the area where the bone should be, allowing the bone and connective tissue to regrow. bone grafting, in which natural or synthetic bone is placed in the area of bone loss, can help promote bone growth. a technique that can be used with bone grafting is called guided tissue regeneration. in this procedure, a small piece of mesh-like material is inserted between the bone and gum tissue. this keeps the gum tissue from growing into the area where the bone should be, allowing the bone and connective tissue to regrow. - growth factors proteins that can help your body naturally regrow bone may also be used. in cases where gum tissue has been lost, your dentist or periodontist may suggest a soft tissue graft, in which synthetic material or tissue taken from another area of your mouth is used to cover exposed tooth roots. growth factors proteins that can help your body naturally regrow bone may also be used. in cases where gum tissue has been lost, your dentist or periodontist may suggest a soft tissue graft, in which synthetic material or tissue taken from another area of your mouth is used to cover exposed tooth roots. since each case is different, it is not possible to predict with certainty which grafts will be successful over the long-term. treatment results depend on many things, including how far the disease has progressed, how well the patient keeps up with oral care at home, and certain risk factors, such as smoking, which may lower the chances of success. ask your periodontist what the level of success might be in your particular case. treatment results treatment results depend on many things, including how far the disease has progressed, how well the patient keeps up with home care, and certain risk factors, such as smoking, which may lower the chances of success. ask your periodontist what the likelihood of success might be in your particular case. consider getting a second opinion when considering any extensive dental or medical treatment options, you should think about getting a second opinion. to find a dentist or periodontist for a second opinion, call your local dental society. they can provide you with names of practitioners in your area. also, dental schools may sometimes be able to offer a second opinion. call the dental school in your area to find out whether it offers this service."
what are the symptoms of gum (periodontal) disease ?,people are not often aware they have gum disease until it is advanced. any of these symptoms may be a sign of a serious problem and should be checked by a dentist. - bad breath that won't go away - red or swollen gums - tender or bleeding gums - painful chewing - loose teeth - sensitive teeth - receding gums or longer appearing teeth bad breath that won't go away red or swollen gums tender or bleeding gums painful chewing loose teeth sensitive teeth receding gums or longer appearing teeth sometimes gum disease has no clear symptoms.
what are the treatments for gum (periodontal) disease ?,"treatments may include deep cleaning, medications, surgery, and bone and tissue grafts."
what are the treatments for gum (periodontal) disease ?,"medications may be used with treatment that includes scaling and root planing. depending on how far the disease has progressed, the dentist or periodontist may also suggest surgical treatment. long-term studies are needed to find out if using medications reduces the need for surgery and whether they are effective over a long period of time."
what are the symptoms of gum (periodontal) disease ?,"symptoms symptoms of gum disease may include: - bad breath that won't go away - red or swollen gums - tender or bleeding gums - painful chewing - loose teeth - sensitive teeth - receding gums or longer appearing teeth bad breath that won't go away red or swollen gums tender or bleeding gums painful chewing loose teeth sensitive teeth receding gums or longer appearing teeth if you have symptoms any of these symptoms may be a sign of a serious problem that should be checked by a dentist. sometimes gum disease has no clear symptoms. at your dental visit, the dentist or hygienist should - ask about your medical history to identify any conditions or risk factors (such as smoking) that may contribute to gum disease. - examine your gums and note any signs of inflammation. - use a tiny ruler called a 'probe' to check for and measure any pockets. in a healthy mouth, the depth of these pockets is usually between 1 and 3 millimeters. this test for pocket depth is usually painless. ask about your medical history to identify any conditions or risk factors (such as smoking) that may contribute to gum disease. examine your gums and note any signs of inflammation. use a tiny ruler called a 'probe' to check for and measure any pockets. in a healthy mouth, the depth of these pockets is usually between 1 and 3 millimeters. this test for pocket depth is usually painless. the dentist or hygienist may also - take an x-ray to see whether there is any bone loss and to examine the condition of the teeth and supporting tissues. - refer you to a periodontist. periodontists are experts in the diagnosis and treatment of gum disease and may provide you with treatment options that are not offered by your dentist. take an x-ray to see whether there is any bone loss and to examine the condition of the teeth and supporting tissues. refer you to a periodontist. periodontists are experts in the diagnosis and treatment of gum disease and may provide you with treatment options that are not offered by your dentist."
what causes gum (periodontal) disease ?,"in some studies, researchers have observed that people with periodontal disease (when compared to people without periodontal disease) were more likely to develop heart disease or have difficulty controlling their blood sugar. but so far, it has not been determined whether periodontal disease is the cause of these conditions. there may be other reasons people with periodontal disease sometimes develop additional health problems. for example, something else may be causing both the gum disease and the other condition, or it could be a coincidence that gum disease and other health problems are present together. more research is needed to clarify whether gum disease actually causes health problems beyond the mouth, and whether treating gum disease can keep other health conditions from developing. in the meantime, it's a fact that controlling periodontal disease can save your teeth -- a very good reason to take care of your teeth and gums."
what are the treatments for gum (periodontal) disease ?,"surgery might be necessary if inflammation and deep pockets remain following treatment with deep cleaning and medications. a periodontist may perform flap surgery to remove tartar deposits in deep pockets or to reduce the periodontal pocket and make it easier for the patient, dentist, and hygienist to keep the area clean. this common surgery involves lifting back the gums and removing the tartar. the gums are then sutured back in place so that the tissue fits snugly around the tooth again."
what are the symptoms of heart attack ?,"most heart attacks involve discomfort in the center of the chest that lasts more than a few minutes or goes away and comes back. the discomfort can feel like uncomfortable pressure, squeezing, fullness, or pain. it can include pain or numbness in one or both arms, the back, neck, jaw, or stomach. heart attack pain can sometimes feel like indigestion or heartburn. shortness of breath often happens along with, or before chest discomfort. other symptoms may include breaking out in a cold sweat, having nausea and vomiting, or feeling light-headed or dizzy. symptoms vary, and some people have no symptoms. know the symptoms of a heart attack so you can act fast to get treatment."
how to diagnose heart attack ?,"your doctor will diagnose a heart attack based on your signs and symptoms, your medical and family histories, and test results. diagnostic tests ekg (electrocardiogram) an ekg is a simple, painless test that detects and records the heart's electrical activity. the test shows how fast the heart is beating and its rhythm (steady or irregular). an ekg also records the strength and timing of electrical signals as they pass through each part of the heart. an ekg can show signs of heart damage due to coronary heart disease (chd) and signs of a previous or current heart attack. blood tests during a heart attack, heart muscle cells die and release proteins into the bloodstream. blood tests can measure the amount of these proteins in the bloodstream. higher than normal levels of these proteins suggest a heart attack. commonly used blood tests include troponin tests, ck or ckmb tests, and serum myoglobin tests. blood tests often are repeated to check for changes over time. coronary angiography coronary angiography (an-jee-og-ra-fee) is a test that uses dye and special x rays to show the insides of your coronary arteries. this test often is done during a heart attack to help find blockages in the coronary arteries. to get the dye into your coronary arteries, your doctor will use a procedure called cardiac catheterization (kath-e-ter-ih-za-shun). a thin, flexible tube called a catheter is put into a blood vessel in your arm, groin (upper thigh), or neck. the tube is threaded into your coronary arteries, and the dye is released into your bloodstream. special x rays are taken while the dye is flowing through the coronary arteries. the dye lets your doctor study the flow of blood through the heart and blood vessels. if your doctor finds a blockage, he or she may recommend a procedure calledpercutaneous (per-ku-ta-ne-us) coronary intervention (pci), sometimes referred to ascoronary angioplasty(an-jee-oh-plas-tee). this procedure can help restore blood flow through a blocked artery. sometimes a small mesh tube called a stent is placed in the artery to help prevent blockages after the procedure."
what causes heart attack ?,"coronary heart disease, or chd, is the most common underlying cause of a heart attack. coronary arteries are the blood vessels that bring blood and oxygen to the heart muscle. most heart attacks are caused by a blood clot that blocks one of the coronary arteries. when blood cannot reach part of your heart, that area starves for oxygen. if the blockage continues long enough, cells in the affected area die."
what is (are) heart attack ?,"espaol a heart attack happens when the flow of oxygen-rich blood to a section of heart muscle suddenly becomes blocked and the heart cant get oxygen. if blood flow isnt restored quickly, the section of heart muscle begins to die. heart attack treatment works best when its given right after symptoms occur. if you think you or someone else is having a heart attack, even if youre not sure, call 911 right away. overview heart attacks most often occur as a result of coronary heart disease (chd), also called coronary artery disease. chd is a condition in which a waxy substance called plaque builds up inside the coronary arteries. these arteries supply oxygen-rich blood to your heart. when plaque builds up in the arteries, the condition is called atherosclerosis. the buildup of plaque occurs over many years. eventually, an area of plaque can rupture (break open) inside of an artery. this causes a blood clot to form on the plaque's surface. if the clot becomes large enough, it can mostly or completely block blood flow through a coronary artery. if the blockage isn't treated quickly, the portion of heart muscle fed by the artery begins to die. healthy heart tissue is replaced with scar tissue. this heart damage may not be obvious, or it may cause severe or long-lasting problems. heart with muscle damage and a blocked artery a less common cause of heart attack is a severe spasm (tightening) of a coronary artery. the spasm cuts off blood flow through the artery. spasms can occur in coronary arteries that aren't affected by atherosclerosis. heart attacks can be associated with or lead to severe health problems, such as heart failure and life-threatening arrhythmias. heart failure is a condition in which the heart can't pump enough blood to meet the body's needs. arrhythmias are irregular heartbeats. ventricular fibrillation is a life-threatening arrhythmia that can cause death if not treated right away. don't wait--get help quickly acting fast at the first sign of heart attack symptoms can save your life and limit damage to your heart. treatment works best when it's given right after symptoms occur. many people aren't sure what's wrong when they are having symptoms of a heart attack. some of the most common warning symptoms of a heart attack for both men and women are: chest pain or discomfort.most heart attacks involve discomfort in the center or left side of the chest. the discomfort usually lasts more than a few minutes or goes away and comes back. it can feel like pressure, squeezing, fullness, or pain. it also can feel like heartburn or indigestion. upper body discomfort.you may feel pain or discomfort in one or both arms, the back, shoulders, neck, jaw, or upper part of the stomach (above the belly button). shortness of breath.this may be your only symptom, or it may occur before or along with chest pain or discomfort. it can occur when you are resting or doing a little bit of physical activity. other possible symptoms of a heart attack include: breaking out in a cold sweat feeling unusually tired for no reason, sometimes for days (especially if you are a woman) nausea (feeling sick to the stomach) and vomiting light-headedness or sudden dizziness any sudden, new symptom or a change in the pattern of symptoms you already have (for example, if your symptoms become stronger or last longer than usual) not all heart attacks begin with the sudden, crushing chest pain that often is shown on tv or in the movies, or other common symptoms such as chest discomfort. the symptoms of a heart attack can vary from person to person. some people can have few symptoms and are surprised to learn they've had a heart attack. if you've already had a heart attack, your symptoms may not be the same for another one. quick action can save your life: call 911 if you think you or someone else may be having heart attack symptoms or a heart attack, don't ignore it or feel embarrassed to call for help. call 911 for emergency medical care. acting fast can save your life. do not drive to the hospital or let someone else drive you. call an ambulance so that medical personnel can begin life-saving treatment on the way to the emergency room. take a nitroglycerin pill if your doctor has prescribed this type of treatment."
what is (are) heart attack ?,"each year over a million people in the u.s. have a heart attack. about half of them die. many people have permanent heart damage or die because they don't get help immediately. it's important to know the symptoms of a heart attack and call 9-1-1 if someone is having them. those symptoms include - chest discomfort - pressure, squeezing, or pain - shortness of breath - discomfort in the upper body - arms, shoulder, neck, back - nausea, vomiting, dizziness, lightheadedness, sweating these symptoms can sometimes be different in women. what exactly is a heart attack? most heart attacks happen when a clot in the coronary artery blocks the supply of blood and oxygen to the heart. often this leads to an irregular heartbeat - called an arrhythmia - that causes a severe decrease in the pumping function of the heart. a blockage that is not treated within a few hours causes the affected heart muscle to die. nih: national heart, lung, and blood institute"
who is at risk for heart attack? ?,"certain factors increase the risk of developing coronary heart disease and having a heart attack. these risk factors include some things you cannot change. you are at greater risk if you - are a man over age 45 or a woman over age 55. - have a family history of early heart disease -- heart disease in a father or brother before age 55 or in a mother or sister before age 65. - have a personal history of angina or previous heart attack. - have had a heart procedure, such as angioplasty or heart bypass. are a man over age 45 or a woman over age 55. have a family history of early heart disease -- heart disease in a father or brother before age 55 or in a mother or sister before age 65. have a personal history of angina or previous heart attack. have had a heart procedure, such as angioplasty or heart bypass. importantly, there are many risk factors for heart attack that you can change, including - smoking - being obese or overweight - being physically inactive - having high blood pressure, high blood cholesterol or diabetes. smoking being obese or overweight being physically inactive having high blood pressure, high blood cholesterol or diabetes."
what are the treatments for heart attack ?,"there are many medicines that are used to treat a heart attack. - clot-busters or thrombolytic drugs dissolve blood clots that are blocking blood flow to the heart. - beta blockers decrease the workload on your heart by slowing your heart rate. - angiotensin-converting enzyme (ace) inhibitors lower your blood pressure and reduce the strain on your heart. - nitrates, such as nitroglycerin relax blood vessels and relieve chest pain. - anticoagulants thin the blood and prevent clots from forming in your arteries. - antiplatelet medications, such as aspirin and clopidogrel, stop platelets from clumping together to form clots. these medications are given to people who have had a heart attack, have angina, or have had angioplasty. clot-busters or thrombolytic drugs dissolve blood clots that are blocking blood flow to the heart. beta blockers decrease the workload on your heart by slowing your heart rate. angiotensin-converting enzyme (ace) inhibitors lower your blood pressure and reduce the strain on your heart. nitrates, such as nitroglycerin relax blood vessels and relieve chest pain. anticoagulants thin the blood and prevent clots from forming in your arteries. antiplatelet medications, such as aspirin and clopidogrel, stop platelets from clumping together to form clots. these medications are given to people who have had a heart attack, have angina, or have had angioplasty. doctors may also prescribe medicines to relieve pain and anxiety, or to treat irregular heart rhythms which often occur during a heart attack."
what causes heart attack ?,"coronary heart disease a heart attack happens if the flow of oxygen-rich blood to a section of heart muscle suddenly becomes blocked and the heart can't get oxygen. most heart attacks occur as a result of coronary heart disease (chd). chd is a condition in which a waxy substance called plaque builds up inside of the coronary arteries. these arteries supply oxygen-rich blood to your heart. when plaque builds up in the arteries, the condition is called atherosclerosis. the buildup of plaque occurs over many years. eventually, an area of plaque can rupture (break open) inside of an artery. this causes a blood clot to form on the plaque's surface. if the clot becomes large enough, it can mostly or completely block blood flow through a coronary artery. if the blockage isn't treated quickly, the portion of heart muscle fed by the artery begins to die. healthy heart tissue is replaced with scar tissue. this heart damage may not be obvious, or it may cause severe or long-lasting problems. coronary artery spasm a less common cause of heart attack is a severe spasm (tightening) of a coronary artery. the spasm cuts off blood flow through the artery. spasms can occur in coronary arteries that aren't affected by atherosclerosis. what causes a coronary artery to spasm isn't always clear. a spasm may be related to: taking certain drugs, such as cocaine emotional stress or pain exposure to extreme cold cigarette smoking"
how many people are affected by heart attack ?,"very common. each year, more than 1 million people in the u.s. have a heart attack and about half of them die. about one-half of those who die do so within 1 hour of the start of symptoms and before reaching the hospital."
who is at risk for heart attack? ?,"you can lower your risk of having a heart attack, even if you have already had a heart attack or have been told that your chances of having a heart attack are high. to prevent a heart attack, you will need to make lifestyle changes. you may also need to get treatment for conditions that raise your risk. lifestyle changes you can make to lower your risk for heart attack include the following: - if you smoke, quit. - maintain a healthy weight. lose weight gradually if you are overweight or obese. if you smoke, quit. maintain a healthy weight. lose weight gradually if you are overweight or obese. - follow a heart healthy diet -- such as one low in salt, saturated fat and trans fat, and calories -- to prevent or reduce high blood pressure and high blood cholesterol and maintain a healthy weight. - be as physically active as you can. follow a heart healthy diet -- such as one low in salt, saturated fat and trans fat, and calories -- to prevent or reduce high blood pressure and high blood cholesterol and maintain a healthy weight. be as physically active as you can. get treatment for related conditions that might make having a heart attack more likely. - if you have high blood cholesterol, follow your doctor's advice about lowering it. take medications to lower your cholesterol as directed. - if you have high blood pressure, follow your doctor's advice about keeping it under control. take blood pressure medications as directed. - if you have diabetes, sometimes called high blood sugar, follow your doctor's advice about keeping blood sugar levels under control. take your medicines as directed. if you have high blood cholesterol, follow your doctor's advice about lowering it. take medications to lower your cholesterol as directed. if you have high blood pressure, follow your doctor's advice about keeping it under control. take blood pressure medications as directed. if you have diabetes, sometimes called high blood sugar, follow your doctor's advice about keeping blood sugar levels under control. take your medicines as directed."
what are the treatments for heart attack ?,"if you are having a heart attack, doctors will work quickly to restore blood flow to the heart and continuously monitor vital signs to detect and treat complications. restoring blood flow to the heart can prevent or limit damage to the heart muscle and help prevent another heart attack. doctors may use clot-busting drugs called thrombolytics and procedures, such as angioplasty. long-term treatment after a heart attack may include cardiac rehabilitation, checkups and tests, lifestyle changes, and medications."
what is (are) heart attack ?,"blood flow to the heart is blocked the heart works 24 hours a day, pumping oxygen and nutrient-rich blood to the body. blood is supplied to the heart through its coronary arteries. if a blood clot suddenly blocks a coronary artery, it cuts off most or all blood supply to the heart, and a heart attack results. if blood flow isn't restored quickly, the section of heart muscle begins to die. the more time that passes without treatment to restore blood flow, the greater the damage to the heart. affects both men and women heart attacks are a leading killer of both men and women in the united states. each year, more than one million people in the u.s. have a heart attack and about half of them die. half of those who die do so within one hour of the start of symptoms and before reaching the hospital. the good news is that excellent treatments are available for heart attacks. these treatments can save lives and prevent disabilities. prompt treatment is important heart attack treatment works best when it's given right after symptoms occur. prompt treatment of a heart attack can help prevent or limit damage to the heart and prevent sudden death. call 9-1-1 right away a heart attack is an emergency. call 9-1-1 for an ambulance right away -- within 5 minutes -- if you think you or someone else may be having a heart attack. you also should call for help if your chest pain doesn't go away as it usually does when you take medicine prescribed for angina (chest pain). do not drive to the hospital or let someone else drive you. emergency personnel in the ambulance can begin life-saving treatment on the way to the emergency room. they carry drugs and equipment that can help your medical condition, including - oxygen - aspirin to prevent further blood clotting - heart medications, such as nitroglycerin - pain relief treatments - defibrillators that can restart the heart if it stops beating. oxygen aspirin to prevent further blood clotting heart medications, such as nitroglycerin pain relief treatments defibrillators that can restart the heart if it stops beating. if blood flow in the blocked artery can be restored quickly, permanent heart damage may be prevented. yet, many people do not seek medical care for 2 hours or more after symptoms start."
who is at risk for heart attack? ?,"lowering your risk factors for coronary heart disease (chd) can help you prevent a heart attack. even if you already have chd or have already had a heart attack, you can still take steps to lower your risk. these steps involve following a heart healthy lifestyle and getting ongoing care for conditions that raise your risk. heart healthy lifestyle changes you can make these lifestyle changes to lower your risk of having a heart attack. - if you smoke, quit. - maintain a healthy weight. - be as physically active as you can. - follow a heart healthy diet. if you smoke, quit. maintain a healthy weight. be as physically active as you can. follow a heart healthy diet. if you smoke, quit. smoking can raise your risk of chd and heart attack. talk with your doctor about programs and products that can help you quit. also, try to avoid secondhand smoke. maintain a healthy weight. if you're overweight or obese, work with your doctor to create a reasonable weight-loss plan that involves diet and physical activity. controlling your weight helps you control risk factors for coronary heart disease (chd) and heart attack. be as physically active as you can. physical activity can improve your fitness level and your health. talk with your doctor about what types of activity are safe for you. follow a heart healthy diet. following a healthy diet is an important part of a heart healthy lifestyle. eat a healthy diet to prevent or reduce high blood pressure and high blood cholesterol, and to maintain a healthy weight. a healthy diet includes a variety of fruits, vegetables, and whole grains. it also includes lean meats, poultry, fish, beans, and fat-free or low-fat milk or milk products. a healthy diet is low in saturated fat, trans fat, cholesterol, sodium (salt), and added sugars. for more information about healthy eating for more information about following a healthy diet, go to the national heart, lung, and blood institute's (nhlbi's) aim for a healthy weight web site, your guide to a healthy heart, and your guide to lowering your blood pressure with dash. in addition, a variety of heart healthy recipes to help you plan meals is available at aim for a healthy weight. all of these resources provide general information about healthy eating. treatment for related conditions get treatment for related conditions that make having a heart attack more likely. - if you have high blood cholesterol, follow your doctor's advice about lowering it. take medications to lower your cholesterol as directed if diet and exercise aren't enough. - if you have high blood pressure, follow your doctor's advice about keeping it under control. take blood pressure medications as directed. - if you have diabetes, sometimes called high blood sugar, try to control your blood sugar level through diet and physical activity (as your doctor recommends). if needed, take medicine as prescribed. if you have high blood cholesterol, follow your doctor's advice about lowering it. take medications to lower your cholesterol as directed if diet and exercise aren't enough. if you have high blood pressure, follow your doctor's advice about keeping it under control. take blood pressure medications as directed. if you have diabetes, sometimes called high blood sugar, try to control your blood sugar level through diet and physical activity (as your doctor recommends). if needed, take medicine as prescribed."
what are the symptoms of heart failure ?,"the most common symptoms of heart failure include shortness of breath or difficulty breathing, feeling tired, and swelling. swelling is caused by fluid build-up in the body. fluid buildup can lead to weight gain and frequent urination, as well as coughing."
how to diagnose heart failure ?,"your doctor will diagnose heart failure based on your medical and family histories, a physical exam, and test results. the signs and symptoms of heart failure also are common in other conditions. thus, your doctor will: find out whether you have a disease or condition that can cause heart failure, such as coronary heart disease (chd), high blood pressure, or diabetes rule out other causes of your symptoms find any damage to your heart and check how well your heart pumps blood early diagnosis and treatment can help people who have heart failure live longer, more active lives. medical and family histories your doctor will ask whether you or others in your family have or have had a disease or condition that can cause heart failure. your doctor also will ask about your symptoms. he or she will want to know which symptoms you have, when they occur, how long you've had them, and how severe they are. your answers will help show whether and how much your symptoms limit your daily routine. physical exam during the physical exam, your doctor will: listen to your heart for sounds that aren't normal listen to your lungs for the sounds of extra fluid buildup look for swelling in your ankles, feet, legs, abdomen, and the veins in your neck diagnostic tests no single test can diagnose heart failure. if you have signs and symptoms of heart failure, your doctor may recommend one or more tests. your doctor also may refer you to a cardiologist. a cardiologist is a doctor who specializes in diagnosing and treating heart diseases and conditions. ekg (electrocardiogram) an ekg is a simple, painless test that detects and records the heart's electrical activity. the test shows how fast your heart is beating and its rhythm (steady or irregular). an ekg also records the strength and timing of electrical signals as they pass through your heart. an ekg may show whether the walls in your heart's pumping chambers are thicker than normal. thicker walls can make it harder for your heart to pump blood. an ekg also can show signs of a previous or current heart attack. chest x ray a chest x raytakes pictures of the structures inside your chest, such as your heart, lungs, and blood vessels. this test can show whether your heart is enlarged, you have fluid in your lungs, or you have lung disease. bnp blood test this test checks the level of a hormone in your blood called bnp. the level of this hormone rises during heart failure. echocardiography echocardiography (echo) uses sound waves to create a moving picture of your heart. the test shows the size and shape of your heart and how well your heart chambers and valves work. echo also can identify areas of poor blood flow to the heart, areas of heart muscle that aren't contracting normally, and heart muscle damage caused by lack of blood flow. echo might be done before and after a stress test (see below). a stress echo can show how well blood is flowing through your heart. the test also can show how well your heart pumps blood when it beats. doppler ultrasound a doppler ultrasound uses sound waves to measure the speed and direction of blood flow. this test often is done with echo to give a more complete picture of blood flow to the heart and lungs. doctors often use doppler ultrasound to help diagnose right-side heart failure. holter monitor a holter monitor records your heart's electrical activity for a full 24- or 48-hour period, while you go about your normal daily routine. you wear small patches called electrodes on your chest. wires connect the patches to a small, portable recorder. the recorder can be clipped to a belt, kept in a pocket, or hung around your neck. nuclear heart scan a nuclear heart scan shows how well blood is flowing through your heart and how much blood is reaching your heart muscle. during a nuclear heart scan, a safe, radioactive substance called a tracer is injected into your bloodstream through a vein. the tracer travels to your heart and releases energy. special cameras outside of your body detect the energy and use it to create pictures of your heart. a nuclear heart scan can show where the heart muscle is healthy and where it's damaged. a positron emission tomography (pet) scan is a type of nuclear heart scan. it shows the level of chemical activity in areas of your heart. this test can help your doctor see whether enough blood is flowing to these areas. a pet scan can show blood flow problems that other tests might not detect. cardiac catheterization during cardiac catheterization (kath-eh-ter-ih-za-shun), a long, thin, flexible tube called a catheter is put into a blood vessel in your arm, groin (upper thigh), or neck and threaded to your heart. this allows your doctor to look inside your coronary (heart) arteries. during this procedure, your doctor can check the pressure and blood flow in your heart chambers, collect blood samples, and use x rays to look at your coronary arteries. coronary angiography coronary angiography (an-jee-og-rah-fee) usually is done with cardiac catheterization. a dye that can be seen on x ray is injected into your bloodstream through the tip of the catheter. the dye allows your doctor to see the flow of blood to your heart muscle. angiography also shows how well your heart is pumping. stress test some heart problems are easier to diagnose when your heart is working hard and beating fast. during stress testing, you exercise to make your heart work hard and beat fast. you may walk or run on a treadmill or pedal a bicycle. if you can't exercise, you may be given medicine to raise your heart rate. heart tests, such as nuclear heart scanning and echo, often are done during stress testing. cardiac mri cardiac mri (magnetic resonance imaging) uses radio waves, magnets, and a computer to create pictures of your heart as it's beating. the test produces both still and moving pictures of your heart and major blood vessels. a cardiac mri can show whether parts of your heart are damaged. doctors also have used mri in research studies to find early signs of heart failure, even before symptoms appear. thyroid function tests thyroid function tests show how well your thyroid gland is working. these tests include blood tests, imaging tests, and tests to stimulate the thyroid. having too much or too little thyroid hormone in the blood can lead to heart failure."
what causes heart failure ?,"heart failure is caused by other diseases and conditions that damage the heart muscle. it is most commonly caused by coronary artery disease, including heart attack. diabetes and high blood pressure also contribute to heart failure risk. people who have had a heart attack are at high risk of developing heart failure."
what is (are) heart failure ?,"heart failure is a condition in which the heart can't pump enough blood to meet the body's needs. in some cases, the heart can't fill with enough blood. in other cases, the heart can't pump blood to the rest of the body with enough force. some people have both problems. the term ""heart failure"" doesn't mean that your heart has stopped or is about to stop working. however, heart failure is a serious condition that requires medical care. overview heart failure develops over time as the heart's pumping action grows weaker. the condition can affect the right side of the heart only, or it can affect both sides of the heart. most cases involve both sides of the heart. right-side heart failure occurs if the heart can't pump enough blood to the lungs to pick up oxygen. left-side heart failure occurs if the heart can't pump enough oxygen-rich blood to the rest of the body. right-side heart failure may cause fluid to build up in the feet, ankles, legs, liver, abdomen, and the veins in the neck. right-side and left-side heart failure also may cause shortness of breath and fatigue (tiredness). the leading causes of heart failure are diseases that damage the heart. examples include coronary heart disease (chd), high blood pressure, and diabetes. outlook heart failure is a very common condition. about 5.7 million people in the united states have heart failure.both children and adults can have the condition, although the symptoms and treatments differ. the health topicfocuses on heart failure in adults. currently, heart failure has no cure. however, treatmentssuch as medicines and lifestyle changescan help people who have the condition live longer and more active lives. researchers continue to study new ways to treat heart failure and its complications."
what is (are) heart failure ?,"heart failure is a condition in which the heart can't pump enough blood to meet the body's needs. heart failure does not mean that your heart has stopped or is about to stop working. it means that your heart is not able to pump blood the way it should. it can affect one or both sides of the heart. the weakening of the heart's pumping ability causes - blood and fluid to back up into the lungs - the buildup of fluid in the feet, ankles and legs - called edema - tiredness and shortness of breath common causes of heart failure are coronary artery disease, high blood pressure and diabetes. it is more common in people who are 65 years old or older, african americans, people who are overweight, and people who have had a heart attack. men have a higher rate of heart failure than women. your doctor will diagnose heart failure by doing a physical exam and heart tests. treatment includes treating the underlying cause of your heart failure, medicines, and heart transplantation if other treatments fail. nih: national heart, lung, and blood institute"
how to prevent heart failure ?,"ways to prevent heart failure include - keeping your cholesterol and blood pressure levels healthy - keeping diabetes in check - maintaining a healthy weight - quitting smoking - following a heart healthy diet - limiting the amount of alcohol you drink - eating a diet low in salt because salt can cause extra fluid to build up in your body and also contribute to high blood pressure. older adults should limit their sodium (salt) intake to1500 mg a day (about 2/3 tsp of salt). - getting regular exercise. aim for at least 30 minutes a day of exercise. check with your doctor before starting any exercise program. for information about exercises that older adults can do safely, see exercises to try or visit go4life, the exercise and physical activity campaign for older adults from the national institute on aging. keeping your cholesterol and blood pressure levels healthy keeping diabetes in check maintaining a healthy weight quitting smoking following a heart healthy diet limiting the amount of alcohol you drink eating a diet low in salt because salt can cause extra fluid to build up in your body and also contribute to high blood pressure. older adults should limit their sodium (salt) intake to1500 mg a day (about 2/3 tsp of salt). getting regular exercise. aim for at least 30 minutes a day of exercise. check with your doctor before starting any exercise program. for information about exercises that older adults can do safely, see exercises to try or visit go4life, the exercise and physical activity campaign for older adults from the national institute on aging."
what are the treatments for heart failure ?,lifestyle changes to treat heart failure may include - reducing salt and fluid intake - following a heart healthy diet - adopting a plan to lose weight - quitting smoking - engaging in physical activity. reducing salt and fluid intake following a heart healthy diet adopting a plan to lose weight quitting smoking engaging in physical activity.
what causes heart failure ?,"conditions that damage or overwork the heart muscle can cause heart failure. over time, the heart weakens. it isnt able to fill with and/or pump blood as well as it should. as the heart weakens, certain proteins and substances might be released into the blood. these substances have a toxic effect on the heart and blood flow, and they worsen heart failure. causes of heart failure include: coronary heart disease diabetes high blood pressure other heart conditions or diseases other factors coronary heart disease coronary heart disease is a condition in which a waxy substance called plaque builds up inside the coronary arteries. these arteries supply oxygen-rich blood to your heart muscle. plaque narrows the arteries and reduces blood flow to your heart muscle. the buildup of plaque also makes it more likely that blood clots will form in your arteries. blood clots can partially or completely block blood flow. coronary heart disease can lead to chest pain or discomfort calledangina, aheart attack, and heart damage. diabetes diabetes is a disease in which the bodys blood glucose (sugar) level is too high. the body normally breaks down food into glucose and then carries it to cells throughout the body. the cells use a hormone called insulin to turn the glucose into energy. in diabetes, the body doesnt make enough insulin or doesnt use its insulin properly. over time, high blood sugar levels can damage and weaken the heart muscle and the blood vessels around the heart, leading to heart failure. high blood pressure blood pressure is the force of blood pushing against the walls of the arteries. if this pressure rises and stays high over time, it can weaken your heart and lead to plaque buildup. blood pressure is considered high if it stays at or above 140/90 mmhg over time. (the mmhg is millimeters of mercurythe units used to measure blood pressure.) if you have diabetes or chronic kidney disease, high blood pressure is defined as 130/80 mmhg or higher. other heart conditions or diseases other conditions and diseases also can lead to heart failure, such as: arrhythmia. happens when a problem occurs with the rate or rhythm of the heartbeat. cardiomyopathy.happens when the heart muscle becomes enlarged, thick, or rigid. congenital heart defects. problems with the hearts structure are present at birth. heart valve disease. occurs if one or more of your heart valves doesnt work properly, which can be present at birth or caused by infection, other heart conditions, and age. other factors other factors also can injure the heart muscle and lead to heart failure. examples include: alcohol abuse or cocaine and other illegal drug use hiv/aids thyroid disorders (having either too much or too little thyroid hormone in the body) too much vitamin e treatments for cancer, such as radiation and chemotherapy"
who is at risk for heart failure? ?,"heart failure is more common in - people who are 65 years old or older - african-americans - people who are overweight - people who have had a heart attack - men. people who are 65 years old or older african-americans people who are overweight people who have had a heart attack men. aging can weaken the heart muscle. older people also may have had diseases for many years that led to heart failure. african americans are more likely to have heart failure than people of other races. they're also more likely to have symptoms at a younger age, have more hospital visits due to heart failure, and die from heart failure. excess weight puts strain on the heart. being overweight also increases your risk of heart disease and type 2 diabetes. these diseases can lead to heart failure. a history of a heart attack puts people at greater risk for heart failure. men have a higher rate of heart failure than women."
what is (are) heart failure ?,"keeping your cholesterol levels healthy can help prevent coronary artery disease. your goal for ldl, or ""bad,"" cholesterol depends on how many other risk factors you have. here are recommended ldl cholesterol goals. - if you don't have coronary heart disease or diabetes and have one or no risk factors, your ldl goal is less than 160 mg/dl. - if you don't have coronary heart disease or diabetes and have two or more risk factors, your ldl goal is less than 130 mg/dl. - if you do have coronary heart disease or diabetes, your ldl goal is less than 100 mg/dl. if you don't have coronary heart disease or diabetes and have one or no risk factors, your ldl goal is less than 160 mg/dl. if you don't have coronary heart disease or diabetes and have two or more risk factors, your ldl goal is less than 130 mg/dl. if you do have coronary heart disease or diabetes, your ldl goal is less than 100 mg/dl. the goal for hdl, or ""good,"" cholesterol is above 40 in men and above 50 in women. the goal for triglycerides, another fat in the blood, is below 150."
how to diagnose heart failure ?,"once initial tests have been performed, your doctor may decide to send you to a cardiologist, a specialist in diagnosis and treatment of heart disease. a cardiologist will perform a physical exam and may order other tests. there are several tests that can identify the cause of heart failure. these tests include: - an echocardiogram is one of the most useful tests for diagnosing heart failure. this test uses sound waves to create a picture of the heart and shows how well the heart is filling with blood. your doctor uses this test to determine whether any areas of your heart are damaged. an echocardiogram is one of the most useful tests for diagnosing heart failure. this test uses sound waves to create a picture of the heart and shows how well the heart is filling with blood. your doctor uses this test to determine whether any areas of your heart are damaged. - a holter monitor, which is a small box that is attached to patches placed on your chest. the monitor, which is worn for 24 hours, provides a continuous recording of heart rhythm during normal activity. a holter monitor, which is a small box that is attached to patches placed on your chest. the monitor, which is worn for 24 hours, provides a continuous recording of heart rhythm during normal activity. - an exercise stress test captures your ekg and blood pressure before, during, or after exercise to see how your heart responds to exercise. this test tells doctors how your heart responds to activity. an exercise stress test captures your ekg and blood pressure before, during, or after exercise to see how your heart responds to exercise. this test tells doctors how your heart responds to activity."
what is (are) heart failure ?,"in heart failure, the heart cannot pump enough blood to meet the body's needs. in some cases, the heart cannot fill with enough blood. in other cases, the heart can't pump blood to the rest of the body with enough force. some people have both problems. heart failure develops over time as the pumping action of the heart gets weaker. it can affect either the right, the left, or both sides of the heart. heart failure does not mean that the heart has stopped working or is about to stop working. when heart failure affects the left side of the heart, the heart cannot pump enough oxygen-rich blood to the rest of the body. when heart failure affects the right side, the heart cannot pump enough blood to the lungs, where it picks up oxygen. the heart's pumping action in normal hearts, blood vessels called veins bring oxygen-poor blood from the body to the right side of the heart. it is then pumped through the pulmonary artery to the lungs, picking up oxygen. from there, the blood returns to the left side of the heart. then it is pumped through a large artery called the aorta that distributes blood throughout the body. when the heart is weakened by heart failure, blood and fluid can back up into the lungs, and fluid builds up in the feet, ankles, and legs. people with heart failure often experience tiredness and shortness of breath. heart failure is serious heart failure is a serious and common condition. scientists estimate that 5 million people in the u.s. have heart failure and that number is growing. it contributes to 300,000 deaths each year. heart failure is most common in those age 65 and older and it is the number one reason older people are hospitalized. other names for heart failure heart failure can also be called congestive heart failure, systolic heart failure, diastolic heart failure, left-sided heart failure, or right-sided heart failure."
what are the symptoms of heart failure ?,"common symptoms the most common symptoms of heart failure include shortness of breath or difficulty breathing, feeling tired, and swelling. swelling usually occurs in the ankles, feet, legs, and sometimes in the abdomen. swelling is caused by fluid buildup in the body. the fluid buildup can lead to weight gain as well as a cough. the cough can be worse at night and when lying down. when symptoms first begin, you might feel tired or short of breath after routine physical activities, such as climbing stairs. as heart failure progresses, the symptoms get worse. you may feel tired or short of breath after performing simple activities, like getting dressed."
what is (are) hemochromatosis ?,"hemochromatosis is a condition in which too much iron builds up in the body (iron overload). accumulation of iron in the organs is toxic and can result in organ failure. while many organs can be affected, it may especially affect the liver, heart, and pancreas. symptoms of hemochromatosis tend to develop gradually and often don't appear until middle age or later. the condition may not be diagnosed until iron accumulation is excessive. early symptoms may be vague, such as fatigue or weakness. other symptoms or features may include joint pain, abdominal pain, loss of sex drive, arthritis, liver disease, diabetes, heart problems, and skin discoloration. hemochromatosis may be hereditary or acquired (secondary) due to another condition such as anemia, chronic liver disease, or an infection. there is also a neonatal form. hereditary hemochromatosis is classified by type based on age of onset, genetic cause and mode of inheritance: hemochromotosis type 1 hemochromatosis type 2 hemochromatosis type 3 hemochromatosis type 4 treatment usually involves removing blood (phlebotomy), which prevents additional organ damage but does not reverse existing damage."
how to diagnose hemochromatosis ?,"your doctor will diagnose hemochromatosis based on your medical and family histories, a physical exam, and the results from tests and procedures. the disease sometimes is detected while checking for other diseases or conditions, such as arthritis, liver disease, diabetes, heart disease, or erectile dysfunction (impotence). specialists involved family doctors and internal medicine specialists may diagnose and treat hemochromatosis. other doctors also may be involved in diagnosing and treating the disease, including: hematologists (blood disease specialists) cardiologists (heart specialists) endocrinologists (gland system specialists) hepatologists (liver specialists) gastroenterologists (digestive tract specialists) rheumatologists (specialists in diseases of the joints and tissues) medical and family histories to learn about your medical and family histories, your doctor may ask: about your signs and symptoms, including when they started and their severity. whether you take iron (pills or injections) with or without vitamin c supplements (vitamin c helps your body absorb iron from food). if so, your doctor may ask how much iron you take. this information can help him or her diagnose secondary hemochromatosis. whether other members of your family have hemochromatosis. whether other members of your family have a history of medical problems or diseases related to hemochromatosis. physical exam your doctor will do a physical exam to check for signs and symptoms of hemochromatosis. he or she will listen to your heart for irregular heartbeats and check for arthritis, abnormal skin color, and an enlarged liver. diagnostic tests and procedures your doctor may recommend one or more tests or procedures to diagnose hemochromatosis. blood tests in hemochromatosis, the amount of iron in your body may be too high, even though the level of iron in your blood is normal. certain blood tests can help your doctor find out how much iron is in your body. during these tests, a sample of blood is taken from your body. it's usually drawn from a vein in your arm using a needle. the procedure usually is quick and easy, although it may cause some short-term discomfort. the blood tests you have may include transferrin saturation (ts), serum ferritin level, and liver function tests. transferrin is a protein that carries iron in the blood. the ts test shows how much iron the transferrin is carrying. this helps your doctor find out how much iron is in your body. your doctor may test your serum ferritin level if your ts level is high. a serum ferritin level test shows how much iron is stored in your body's organs. a buildup of iron may suggest hemochromatosis. you may have liver function tests to check for damage to your liver. liver damage may be a sign of hemochromatosis. if you have hemochromatosis, liver function tests may show the severity of the disease. blood tests alone can't diagnose hemochromatosis. thus, your doctor may recommend other tests as well. liver biopsy during a liver biopsy, your doctor numbs an area near your liver and then removes a small sample of liver tissue using a needle. the tissue is then looked at under a microscope. a liver biopsy can show how much iron is in your liver. this procedure also can help your doctor diagnose liver damage (for example, scarring and cancer). liver biopsies are less common now than in the past. magnetic resonance imaging magnetic resonance imaging (mri) is a safe test that uses radio waves, magnets, and a computer to create pictures of your organs. an mri may be done to show the amount of iron in your liver. superconducting quantum interference device a superconducting quantum interference device (squid) is a machine that uses very sensitive magnets to measure the amount of iron in your liver. this machine is available at only a few medical centers. genetic testing genetic testing can show whether you have a faulty hfe gene or genes. however, even if you do have two faulty hfe genes, the genetic test can't predict whether you'll develop signs and symptoms of hemochromatosis. also, genetic testing may not detect other, less common faulty genes that also can cause hemochromatosis. there are two ways to do genetic testing. cells can be collected from inside your mouth using a cotton swab, or a sample of blood can be drawn from a vein in your arm. people who have hemochromatosis (or a family history of it) and are planning to have children may want to consider genetic testing and counseling. testing will help show whether one or both parents have faulty hfe genes. a genetic counselor also can help figure out the likelihood of the parents passing the faulty genes on to their children."
who is at risk for hemochromatosis? ?,"hemochromatosis is one of the most common genetic diseases in the united states. it's most common in caucasians of northern european descent. the disease is less common in african americans, hispanics, asians, and american indians. primary hemochromatosis is more common in men than in women. also, older people are more likely to develop the disease than younger people. in fact, signs and symptoms usually don't occur in men until they're 40 to 60 years old. in women, signs and symptoms usually don't occur until after the age of 50 (after menopause). young children rarely develop hemochromatosis. inheriting two faulty hfe genes (one from each parent) is the major risk factor for hemochromatosis. however, many people who have two copies of the faulty gene don't develop signs or symptoms of the disease. alcoholism is another risk factor for hemochromatosis. a family history of certain diseases and conditions also puts you at higher risk for hemochromatosis. examples of such diseases and conditions include heart attack, liver disease, diabetes, arthritis, and erectile dysfunction (impotence)."
what are the symptoms of hemochromatosis ?,"what are the signs and symptoms of hemochromatosis? the human phenotype ontology provides the following list of signs and symptoms for hemochromatosis. if the information is available, the table below includes how often the symptom is seen in people with this condition. you can use the medlineplus medical dictionary to look up the definitions for these medical terms. signs and symptoms approximate number of patients (when available) abnormal glucose tolerance - alopecia - amenorrhea - arrhythmia - arthropathy - ascites - autosomal recessive inheritance - azoospermia - cardiomegaly - cardiomyopathy - cirrhosis - congestive heart failure - diabetes mellitus - elevated hepatic transaminases - hepatocellular carcinoma - hepatomegaly - hyperpigmentation of the skin - hypogonadotrophic hypogonadism - impotence - increased serum ferritin - increased serum iron - osteoporosis - pleural effusion - splenomegaly - telangiectasia - testicular atrophy - the human phenotype ontology (hpo) has collected information on how often a sign or symptom occurs in a condition. much of this information comes from orphanet, a european rare disease database. the frequency of a sign or symptom is usually listed as a rough estimate of the percentage of patients who have that feature. the frequency may also be listed as a fraction. the first number of the fraction is how many people had the symptom, and the second number is the total number of people who were examined in one study. for example, a frequency of 25/25 means that in a study of 25 people all patients were found to have that symptom. because these frequencies are based on a specific study, the fractions may be different if another group of patients are examined. sometimes, no information on frequency is available. in these cases, the sign or symptom may be rare or common."
what are the complications of hemochromatosis ?,"without treatment, iron may build up in the organs and cause complications, including - cirrhosis, or scarring of liver tissue - diabetes - irregular heart rhythms or weakening of the heart muscle - arthritis - erectile dysfunction the complication most often associated with hemochromatosis is liver damage. iron buildup in the liver causes cirrhosis, which increases the chance of developing liver cancer. for some people, complications may be the first sign of hemochromatosis. however, not everyone with hemochromatosis will develop complications."
what is (are) hemochromatosis ?,"hemochromatosis is the most common form of iron overload disease. too much iron in the body causes hemochromatosis. iron is important because it is part of hemoglobin, a molecule in the blood that transports oxygen from the lungs to all body tissues. however, too much iron in the body leads to iron overloada buildup of extra iron that, without treatment, can damage organs such as the liver, heart, and pancreas; endocrine glands; and joints. the three types of hemochromatosis are primary hemochromatosis, also called hereditary hemochromatosis; secondary hemochromatosis; and neonatal hemochromatosis."
what to do for hemochromatosis ?,"iron is an essential nutrient found in many foods. healthy people usually absorb less than 10 percent of iron in the food they eat.6 people with hemochromatosis absorb up to 30 percent of that iron.6 people with hemochromatosis can help prevent iron overload by - eating only moderate amounts of iron-rich foods, such as red meat and organ meat - avoiding supplements that contain iron - avoiding supplements that contain vitamin c, which increases iron absorption people with hemochromatosis can take steps to help prevent liver damage, including - limiting the amount of alcoholic beverages they drink because alcohol increases their chance of cirrhosis and liver cancer - avoiding alcoholic beverages entirely if they already have cirrhosis"
is hemochromatosis inherited ?,"is hemochromatosis inherited? hereditary hemochromatosis is inherited in an autosomal recessive or autosomal dominant manner, depending on the type a person has. types 1, 2, and 3 are inherited in an autosomal recessive manner. this means that to be affected, a person must have a mutation in both copies of the responsible gene in each cell. affected people inherit one mutated copy of the gene from each parent, who is referred to as a carrier. carriers of an autosomal recessive condition typically do not have any signs or symptoms (they are unaffected). when 2 carriers of an autosomal recessive condition have children, each child has a 25% (1 in 4) chance to be affected, a 50% (1 in 2) chance to be an unaffected carrier like each parent, and a 25% chance to be unaffected and not be a carrier. type 4 is inherited in an autosomal dominant manner. this means having only one mutated copy of the responsible gene in each cell is enough to cause the condition. when a person with an autosomal dominant condition has children, each child has a 50% chance to inherit the mutated copy of the gene. in most cases, a person with type 4 hemochromatosis has one affected parent. acquired hemochromatosis is not inherited. neonatal hemochromatosis is also not inherited, but it does appear to be familial. a woman with an affected child has approximately an 80% chance to have another affected child. however, this likelihood of recurrence is not explained by normal inheritance patterns. the underlying cause of this type is not fully understood."
what are the treatments for hemochromatosis ?,"treatments for hemochromatosis include therapeutic phlebotomy (fleh-bot-o-me), iron chelation (ke-lay-shun) therapy, dietary changes, and treatment for complications. the goals of treating hemochromatosis include: reducing the amount of iron in your body to normal levels preventing or delaying organ damage from iron overload treating complications of the disease maintaining a normal amount of iron in your body for the rest of your life therapeutic phlebotomy therapeutic phlebotomy is a procedure that removes blood (and iron) from your body. a needle is inserted into a vein, and your blood flows through an airtight tube into a sterile container or bag. the process is similar to donating blood; it can be done at blood donation centers, hospital donation centers, or a doctor's office. in the first stage of treatment, about 1 pint of blood is removed once or twice a week. after your iron levels return to normal, you may continue phlebotomy treatments. however, you may need them less oftentypically every 24 months. as long as treatment continues, which often is for the rest of your life, you'll need frequent blood tests to check your iron levels. iron chelation therapy iron chelation therapy uses medicine to remove excess iron from your body. this treatment is a good option for people who can't have routine blood removal. the medicine used in iron chelation therapy is either injected or taken orally (by mouth). injected iron chelation therapy is done at a doctor's office. oral iron chelation therapy can be done at home. dietary changes your doctor may suggest that you change your diet if you have hemochromatosis. you may be advised to: avoid taking iron, including iron pills, iron injections, or multivitamins that contain iron. limit your intake of vitamin c. vitamin c helps your body absorb iron from food. talk with your doctor about how much vitamin c is safe for you. avoid uncooked fish and shellfish. some fish and shellfish contain bacteria that can cause infections in people who have chronic diseases, such as hemochromatosis. limit alcohol intake. drinking alcohol increases the risk of liver disease. it also can make existing liver disease worse. treatment for complications your doctor may prescribe other treatments as needed for complications such as liver disease, heart problems, or diabetes."
what are the symptoms of hemochromatosis ?,"hemochromatosis can affect many parts of the body and cause various signs and symptoms. many of the signs and symptoms are similar to those of other diseases. signs and symptoms of hemochromatosis usually don't occur until middle age. women are more likely to have general symptoms first, such as fatigue (tiredness). in men, complications such as diabetes or cirrhosis (scarring of the liver) often are the first signs of the disease. signs and symptoms also vary based on the severity of the disease. common signs and symptoms of hemochromatosis include joint pain, fatigue, general weakness, weight loss, and stomach pain. not everyone who has hemochromatosis has signs or symptoms of the disease. estimates of how many people develop signs and symptoms vary greatly. some estimates suggest that as many as half of all people who have the disease don't have signs or symptoms. hemochromatosis complications if hemochromatosis isn't found and treated early, iron builds up in your body and can lead to: liver disease, including an enlarged liver, liver failure, liver cancer, or cirrhosis (scarring of the liver) heart problems, including arrhythmias (irregular heartbeats) and heart failure diabetes, especially in people who have a family history of diabetes joint damage and pain, including arthritis reproductive organ failure, such as erectile dysfunction (impotence), shrinkage of the testicles, and loss of sex drive in men, and absence of the menstrual cycle and early menopause in women changes in skin color that make the skin look gray or bronze underactive pituitary and thyroid glands damage to the adrenal glands"
what is (are) hemochromatosis ?,"hemochromatosis (he-mo-kro-ma-to-sis) is a disease in which too much iron builds up in your body (iron overload). iron is a mineral found in many foods. too much iron is toxic to your body. it can poison your organs and cause organ failure. in hemochromatosis, iron can build up in most of your body's organs, but especially in the liver, heart, and pancreas. too much iron in the liver can cause an enlarged liver, liver failure, liver cancer, or cirrhosis (sir-ro-sis). cirrhosis is scarring of the liver, which causes the organ to not work well. too much iron in the heart can cause irregular heartbeats called arrhythmias (ah-rith-me-ahs) and heart failure. too much iron in the pancreas can lead to diabetes. if hemochromatosis isn't treated, it may even cause death. overview the two types of hemochromatosis are primary and secondary. primary hemochromatosis is caused by a defect in the genes that control how much iron you absorb from food. secondary hemochromatosis usually is the result of another disease or condition that causes iron overload. most people who have primary hemochromatosis inherit it from their parents. if you inherit two hemochromatosis genesone from each parentyou're at risk for iron overload and signs and symptoms of the disease. the two faulty genes cause your body to absorb more iron than usual from the foods you eat. hemochromatosis is one of the most common genetic disorders in the united states. however, not everyone who has hemochromatosis has signs or symptoms of the disease. estimates of how many people develop signs and symptoms vary greatly. some estimates suggest that as many as half of all people who have the disease don't have signs or symptoms. the severity of hemochromatosis also varies. some people don't have complications, even with high levels of iron in their bodies. others have severe complications or die from the disease. certain factors can affect the severity of the disease. for example, a high intake of vitamin c can make hemochromatosis worse. this is because vitamin c helps your body absorb iron from food. alcohol use can worsen liver damage and cirrhosis caused by hemochromatosis. conditions such as hepatitis also can further damage or weaken the liver. outlook the outlook for people who have hemochromatosis largely depends on how much organ damage they have at the time of diagnosis. early diagnosis and treatment of the disease are important. treatment may help prevent, delay, or sometimes reverse complications of the disease. treatment also may lead to better quality of life. for people who are diagnosed and treated early, a normal lifespan is possible. if left untreated, hemochromatosis can lead to severe organ damage and even death."
what causes hemochromatosis ?,"what causes hemochromatosis? the underlying cause of hemochromatosis depends on whether a person has a hereditary form, an acquired form, or the neonatal form. hereditary hemochromatosis is caused by mutations in any of several genes: type 1 hemochromatosis - the hfe gene type 2 hemochromatosis - either the hfe2 or hamp gene type 3 hemochromatosis - the tfr2 gene type 4 hemochromatosis - the slc40a1 gene these genes give the body instructions to make proteins that help regulate how iron is absorbed, transported, and stored. mutations in these genes impair how iron is absorbed during digestion and alter the distribution of iron throughout the body. this causes iron to accumulate in tissues and organs. acquired hemochromatosis (or secondary hemochromatosis) is usually due to other blood-related disorders, such as thalassemia or certain anemias, or having many blood transfusions. sometimes it occurs as a result of long-term alcoholism or other health conditions. the cause of neonatal hemochromatosis is not fully understood. however, a woman with an affected child has approximately an 80% chance to have another affected child. this likelihood of recurrence is not explained by normal inheritance patterns. therefore, this form appears to be familial, but not inherited."
how to diagnose hemochromatosis ?,"health care providers use medical and family history, a physical exam, and routine blood tests to diagnose hemochromatosis or other conditions that could cause the same symptoms or complications. - medical and family history. taking a medical and family history is one of the first things a health care provider may do to help diagnose hemochromatosis. the health care provider will look for clues that may indicate hemochromatosis, such as a family history of arthritis or unexplained liver disease. - physical exam. after taking a medical history, a health care provider will perform a physical exam, which may help diagnose hemochromatosis. during a physical exam, a health care provider usually - examines a patients body - uses a stethoscope to listen to bodily sounds - taps on specific areas of the patients body - blood tests. a blood test involves drawing blood at a health care providers office or a commercial facility and sending the sample to a lab for analysis. blood tests can determine whether the amount of iron stored in the body is higher than normal:1 - the transferrin saturation test shows how much iron is bound to the protein that carries iron in the blood. transferrin saturation values above or equal to 45 percent are considered abnormal. - the serum ferritin test detects the amount of ferritina protein that stores ironin the blood. levels above 300 g/l in men and 200 g/l in women are considered abnormal. levels above 1,000 g/l in men or women indicate a high chance of iron overload and organ damage. if either test shows higher-than-average levels of iron in the body, health care providers can order a special blood test that can detect two copies of the c282y mutation to confirm the diagnosis. if the mutation is not present, health care providers will look for other causes. - liver biopsy. health care providers may perform a liver biopsy, a procedure that involves taking a piece of liver tissue for examination with a microscope for signs of damage or disease. the health care provider may ask the patient to temporarily stop taking certain medications before the liver biopsy. the health care provider may ask the patient to fast for 8 hours before the procedure. during the procedure, the patient lies on a table, right hand resting above the head. the health care provider applies a local anesthetic to the area where he or she will insert the biopsy needle. if needed, a health care provider will also give sedatives and pain medication. the health care provider uses a needle to take a small piece of liver tissue. he or she may use ultrasound, computerized tomography scans, or other imaging techniques to guide the needle. after the biopsy, the patient must lie on the right side for up to 2 hours and is monitored an additional 2 to 4 hours before being sent home. a health care provider performs a liver biopsy at a hospital or an outpatient center. the health care provider sends the liver sample to a pathology lab where the pathologista doctor who specializes in diagnosing diseaselooks at the tissue with a microscope and sends a report to the patients health care provider. the biopsy shows how much iron has accumulated in the liver and whether the patient has liver damage. hemochromatosis is rare, and health care providers may not think to test for this disease. thus, the disease is often not diagnosed or treated. the initial symptoms can be diverse, vague, and similar to the symptoms of many other diseases. health care providers may focus on the symptoms and complications caused by hemochromatosis rather than on the underlying iron overload. however, if a health care provider diagnoses and treats the iron overload caused by hemochromatosis before organ damage has occurred, a person can live a normal, healthy life. who should be tested for hemochromatosis? experts recommend testing for hemochromatosis in people who have symptoms, complications, or a family history of the disease. some researchers have suggested widespread screening for the c282y mutation in the general population. however, screening is not cost-effective. although the c282y mutation occurs quite frequently, the disease caused by the mutation is rare, and many people with two copies of the mutation never develop iron overload or organ damage. researchers and public health officials suggest the following: - siblings of people who have hemochromatosis should have their blood tested to see if they have the c282y mutation. - parents, children, and other close relatives of people who have hemochromatosis should consider being tested. - health care providers should consider testing people who have severe and continuing fatigue, unexplained cirrhosis, joint pain or arthritis, heart problems, erectile dysfunction, or diabetes because these health issues may result from hemochromatosis."
what is (are) high blood cholesterol ?,"the coronary arteries bring blood to your heart. if plaque builds up in these arteries, the blood may not be able to bring enough oxygen to the heart muscle. this is called coronary heart disease."
what are the symptoms of high blood cholesterol ?,"high blood cholesterol usually has no signs or symptoms. thus, many people don't know that their cholesterol levels are too high. if you're 20 years old or older, have your cholesterol levels checked at least once every 5 years. talk with your doctor about how often you should be tested."
what is (are) high blood cholesterol ?,"cholesterol can build up in the walls of your arteries. this buildup of cholesterol is called plaque. over time, the plaque can build up so much that the arteries become narrower. this is called atherosclerosis, or hardening of the arteries. it can slow down or block the flow of blood to your heart."
what is (are) high blood cholesterol ?,"tlc stands for therapeutic lifestyle changes. it is a set of lifestyle changes that can help you lower your ldl cholesterol. tlc has three main parts: a cholesterol-lowering diet, weight management, and physical activity. the tlc diet recommends - reducing the amount of saturated fat, trans fat, and cholesterol you eat. - eating only enough calories to achieve or maintain a healthy weight. - increasing the soluble fiber in your diet by eating foods such as oatmeal, kidney beans, and apples. - adding cholesterol-lowering foods, such as juices or margarines that contain plant sterols or stanols that lower cholesterol. reducing the amount of saturated fat, trans fat, and cholesterol you eat. eating only enough calories to achieve or maintain a healthy weight. increasing the soluble fiber in your diet by eating foods such as oatmeal, kidney beans, and apples. adding cholesterol-lowering foods, such as juices or margarines that contain plant sterols or stanols that lower cholesterol. weight management is an important part of tlc. losing weight if you are overweight can help lower ldl cholesterol. weight management is especially important for people who have a group of risk factors that includes high triglyceride and/or low hdl levels, being overweight, and having too large a waist. too large a waist is defined as a waist measurement of 40 inches or more for men and 35 inches or more for women. physical activity is another important part of tlc. regular physical activity is recommended for everyone. it can help raise hdl levels and lower ldl levels. it is especially important for people with high triglyceride and/or low hdl levels who are overweight and/or have a large waist measurement."
what is (are) high blood cholesterol ?,"what is cholesterol? cholesterol is a waxy, fat-like substance that your liver makes. it is also found in some foods that come from animals. cholesterol is found in all parts of your body. it plays a vital role in your body. it makes hormones, helps you digest food, and supports the workings of all the cells in your body. but your liver makes all the cholesterol that your body needs to do this. lipoproteins and cholesterol cholesterol circulates in your blood stream. but it's fatty while your blood is watery. just like oil and water, the two do not mix. as a result, cholesterol travels through your bloodstream in small packages called lipoproteins. the packages are made of fat (lipids) on the inside and proteins on the outside. two kinds of lipoproteins carry cholesterol through your bloodstream. it's important to have healthy levels of both: - low-density lipoproteins (ldl) - high-density lipoproteins (hdl). low-density lipoproteins (ldl) high-density lipoproteins (hdl). what does ldl cholesterol do? low-density lipoproteins (ldl) carry cholesterol to all the cells in your body, including the arteries that supply blood to your heart. ldl cholesterol is sometimes called bad cholesterol because it can build up in the walls of your arteries. the higher the level of ldl cholesterol in your blood, the greater your chances of getting heart disease. what does hdl cholesterol do? high-density lipoproteins (hdl) carry cholesterol away from the cells in your body. hdl cholesterol is sometimes called good cholesterol because it helps remove cholesterol from your artery walls. the liver then removes the cholesterol from your body. the higher your hdl cholesterol level, the lower your chances of getting heart disease. if your blood cholesterol is too high too much cholesterol in your blood is called high blood cholesterol. it can be serious. it increases your chances of having a heart attack or getting heart disease. when the cholesterol level in your blood is too high, it can build up in the walls of your arteries. this buildup of cholesterol is called plaque. plaque buildup can lead to - artherosclerosis. over time, the plaque can build up so much that it narrows your arteries. this is called atherosclerosis, or hardening of the arteries. it can slow down or block the flow of blood to your heart. artherosclerosis. over time, the plaque can build up so much that it narrows your arteries. this is called atherosclerosis, or hardening of the arteries. it can slow down or block the flow of blood to your heart. - coronary heart disease (chd). artherosclerosis can occur in blood vessels anywhere in your body, including the ones that bring blood to your heart, called the coronary arteries. if plaque builds up in these arteries, the blood may not be able to bring enough oxygen to the heart muscle. this is called coronary heart disease (chd). coronary heart disease (chd). artherosclerosis can occur in blood vessels anywhere in your body, including the ones that bring blood to your heart, called the coronary arteries. if plaque builds up in these arteries, the blood may not be able to bring enough oxygen to the heart muscle. this is called coronary heart disease (chd). - angina. the buildup of plaque can lead to chest pain called angina. angina is a common symptom of chd. it happens when the heart does not receive enough oxygen-rich blood from the lungs. angina. the buildup of plaque can lead to chest pain called angina. angina is a common symptom of chd. it happens when the heart does not receive enough oxygen-rich blood from the lungs. - heart attack. some plaques have a thin covering, so they may rupture or break open. a blood clot can then form over the plaque. a clot can block the flow of blood through the artery. this blockage can cause a heart attack. heart attack. some plaques have a thin covering, so they may rupture or break open. a blood clot can then form over the plaque. a clot can block the flow of blood through the artery. this blockage can cause a heart attack. lowering cholesterol can affect plaque lowering your cholesterol level reduces your chances of plaque rupturing and causing a heart attack. it may also slow down, reduce, or even stop plaque from building up. and it reduces your chances of dying from heart disease. high blood cholesterol itself does not cause symptoms, so many people don't know that they have it. it is important to find out what your cholesterol numbers are because if you have high blood cholesterol, lowering it reduces your chances of getting heart disease or having a heart attack."
how to diagnose high blood cholesterol ?,"the recommended blood test for checking your cholesterol levels is called a fasting lipoprotein profile. it will show your - total cholesterol - low-density lipoprotein (ldl), or bad cholesterol -- the main source of cholesterol buildup and blockage in the arteries - high-density lipoprotein (hdl), or good cholesterol that helps keep cholesterol from building up in your arteries - triglycerides -- another form of fat in your blood. total cholesterol low-density lipoprotein (ldl), or bad cholesterol -- the main source of cholesterol buildup and blockage in the arteries high-density lipoprotein (hdl), or good cholesterol that helps keep cholesterol from building up in your arteries triglycerides -- another form of fat in your blood. you should not eat or drink anything except water and black coffee for 9 to 12 hours before taking the test. if you can't have a lipoprotein profile done, a different blood test will tell you your total cholesterol and hdl (good) cholesterol levels. you do not have to fast before this test. if this test shows that your total cholesterol is 200 mg/dl or higher, or that your hdl (good) cholesterol is less than 40 mg/dl, you will need to have a lipoprotein profile done."
what is (are) high blood cholesterol ?,"your ldl goal is how low your ldl cholesterol level should be to reduce your risk of developing heart disease or having a heart attack. the higher your risk, the lower your goal ldl should be. your doctor will set your ldl goal using your medical history and the number of risk factors that you have."
what is (are) high blood cholesterol ?,"if tlc (therapeutic lifestyle changes) cannot lower your ldl cholesterol level enough by itself, your doctor may prescribe cholesterol-lowering medicines. the following medicines are used together with tlc to help lower your ldl (bad) cholesterol level. - statins - ezetimibe - bile acid sequestrants - nicotinic acid - fibrates. statins ezetimibe bile acid sequestrants nicotinic acid fibrates. statins - are very effective in lowering ldl (bad) cholesterol levels - are safe for most people - have side effects that are infrequent, but potentially serious such as liver and muscle problems. are very effective in lowering ldl (bad) cholesterol levels are safe for most people have side effects that are infrequent, but potentially serious such as liver and muscle problems. ezetimibe - lowers ldl (bad) cholesterol - may be used with statins or alone - acts within the intestine to block absorption of cholesterol. lowers ldl (bad) cholesterol may be used with statins or alone acts within the intestine to block absorption of cholesterol. bile acid sequestrants - lower ldl (bad) cholesterol levels - are sometimes prescribed with statins - are not usually prescribed alone to lower cholesterol. lower ldl (bad) cholesterol levels are sometimes prescribed with statins are not usually prescribed alone to lower cholesterol. nicotinic acid - lowers ldl (bad) cholesterol and triglycerides, and raises hdl (good) cholesterol - should be used only under a doctor's supervision. lowers ldl (bad) cholesterol and triglycerides, and raises hdl (good) cholesterol should be used only under a doctor's supervision. fibrates - mainly lower triglycerides - may increase hdl (good) cholesterol levels - may increase the risk of muscle problems when used with a statin. mainly lower triglycerides may increase hdl (good) cholesterol levels may increase the risk of muscle problems when used with a statin."
what is (are) high blood cholesterol ?,"you cannot control - heredity. high blood cholesterol can run in families. - age. as we get older, our cholesterol levels rise. - sex. before menopause, women tend to have lower total cholesterol levels than men of the same age. after menopause, women's ldl (bad) cholesterol levels tend to increase. heredity. high blood cholesterol can run in families. age. as we get older, our cholesterol levels rise. sex. before menopause, women tend to have lower total cholesterol levels than men of the same age. after menopause, women's ldl (bad) cholesterol levels tend to increase."
what is (are) high blood cholesterol ?,a desirable level for total cholesterol is less than 200 mg/dl. here are the ranges for total cholesterol levels. do you know how your total cholesterol level compares?
what is (are) high blood cholesterol ?,an hdl (good) cholesterol level more than 60 mg/dl is desirable for most people. here are the ranges for hdl cholesterol levels. do you know how your hdl cholesterol level compares?
what causes high blood cholesterol ?,"many things can affect the level of cholesterol in your blood. you can control some of these things but not others. what you can control you can control - what you eat - your weight - your activity level. what you eat your weight your activity level. your diet certain foods have several types of fat that raise your cholesterol level. - saturated fat increases your ldl cholesterol level more than anything else in your diet. saturated fat is found mostly in foods that come from animal sources such as egg yolks, meat, and milk products, including butter, cream and cheese. these foods also contain cholesterol. saturated fat increases your ldl cholesterol level more than anything else in your diet. saturated fat is found mostly in foods that come from animal sources such as egg yolks, meat, and milk products, including butter, cream and cheese. these foods also contain cholesterol. - trans fatty acids, or trans fats, also raise your ldl cholesterol level. these mostly come from vegetable oil that has gone through a process called hydrogenation to make it hard. examples of foods containing trans fats include many convenience foods such as doughnuts, french fries, cookies, cakes and pastries. trans fatty acids, or trans fats, also raise your ldl cholesterol level. these mostly come from vegetable oil that has gone through a process called hydrogenation to make it hard. examples of foods containing trans fats include many convenience foods such as doughnuts, french fries, cookies, cakes and pastries. your weight being overweight tends to - increase your ldl level - lower your hdl level - increase your total cholesterol level. increase your ldl level lower your hdl level increase your total cholesterol level. your activity level if you don't exercise regularly, you may gain weight. this could increase your ldl cholesterol level. regular exercise can help you lose weight and lower your ldl level. it can also help you increase your hdl level. what you cannot control you cannot control some things that can affect the level of cholesterol in your blood, including - your heredity - your age - your sex. your heredity your age your sex. high blood cholesterol can run in families. for most people, their cholesterol level is the result of an interaction between their genes and their lifestyles. as we get older, our cholesterol levels rise. - before menopause, women tend to have lower total cholesterol levels than men of the same age. - after menopause, women's ldl (bad) cholesterol levels tend to increase. before menopause, women tend to have lower total cholesterol levels than men of the same age. after menopause, women's ldl (bad) cholesterol levels tend to increase."
what is (are) high blood cholesterol ?,"ldl stands for low-density lipoproteins. (lipoproteins are molecules that carry cholesterol through your bloodstream.) ldl cholesterol is sometimes called bad cholesterol because it can build up in the walls of your arteries and make them narrower. this buildup of cholesterol is called plaque. over time, plaque can build up so much that it narrows your arteries. this is called atherosclerosis or hardening of the arteries. the higher the level of ldl cholesterol in your blood, the greater your chances of getting heart disease."
what is (are) high blood pressure ?,"high blood pressure is a common disease in which blood flows through blood vessels (arteries) at higher than normal pressures. there are two main types of high blood pressure: primary and secondary high blood pressure. primary, or essential, high blood pressure is the most common type of high blood pressure. this type of high blood pressure tends to develop over years as a person ages. secondary high blood pressure is caused by another medical condition or use of certain medicines. this type usually resolves after the cause is treated or removed."
what are the treatments for high blood pressure ?,"in most cases, the goal is probably to keep your blood pressure below 140/90 mmhg (130/80 if you have diabetes or chronic kidney disease). normal blood pressure is less than 120/80. ask your doctor what your blood pressure goal should be. if you have high blood pressure, you will need to treat it and control it for life. this means making lifestyle changes, and, in some cases, taking prescribed medicines, and getting ongoing medical care."
what is (are) high blood pressure ?,"abnormal blood pressure is higher than 120/80 mmhg. if either your systolic or diastolic blood pressure is higher than normal (120/80) but not high enough to be considered high blood pressure (140/90), you have pre-hypertension. pre-hypertension is a top number between 120 and 139 or a bottom number between 80 and 89 mmhg. for example, blood pressure readings of 138/82, 128/70, or 115/86 are all in the ""pre-hypertension"" range. (click the table on the right to see the stages of high blood pressure in adults.) the ranges in the table are blood pressure guides for adults who do not have any short-term serious illnesses. people with diabetes or chronic kidney disease should keep their blood pressure below 130/80 mmhg."
what causes high blood pressure ?,"changes, either fromgenesor the environment, in the bodys normal functions may cause high blood pressure, including changes to kidney fluid and salt balances, therenin-angiotensin-aldosterone system,sympathetic nervous systemactivity, and blood vessel structure and function. biology and high blood pressure researchers continue to study how various changes in normal body functions cause high blood pressure. the key functions affected in high blood pressure include: kidney fluid and salt balances renin-angiotensin-aldosterone system sympathetic nervous system activity blood vessel structure and function kidney fluid and salt balances the kidneys normally regulate the bodys salt balance by retaining sodium and water and excreting potassium. imbalances in this kidney function can expand blood volumes, which can cause high blood pressure. renin-angiotensin-aldosterone system the renin-angiotensin-aldosterone system makes angiotensin and aldosterone hormones. angiotensin narrows or constricts blood vessels, which can lead to an increase in blood pressure. aldosterone controls how the kidneys balance fluid and salt levels. increased aldosterone levels or activity may change this kidney function, leading to increased blood volumes and high blood pressure. sympathetic nervous system activity the sympathetic nervous system has important functions in blood pressure regulation, including heart rate, blood pressure, and breathing rate. researchers are investigating whether imbalances in this system cause high blood pressure. blood vessel structure and function changes in the structure and function of small and large arteries may contribute to high blood pressure. the angiotensin pathway and the immune system may stiffen small and large arteries, which can affect blood pressure. genetic causes of high blood pressure much of the understanding of the body systems involved in high blood pressure has come from genetic studies. high blood pressure often runs in families. years of research have identified many genes and other mutations associated with high blood pressure, some in the renal salt regulatory and renin-angiotensin-aldosterone pathways. however, these known genetic factors only account for 2 to 3percent of all cases. emerging research suggests that certain dna changes during fetal development also may cause the development of high blood pressure later in life. environmental causes of high blood pressure environmental causes of high blood pressure include unhealthy lifestyle habits, being overweight or obese, and medicines. unhealthy lifestyle habits unhealthy lifestyle habits can cause high blood pressure, including: high dietary sodium intake and sodium sensitivity drinking excess amounts of alcohol lack of physical activity overweight and obesity research studies show that being overweight or obese can increase the resistance in the blood vessels, causing the heart to work harder and leading to high blood pressure. medicines prescription medicines such as asthma or hormone therapies, including birth control pills and estrogen, and over-the-counter medicines such as cold relief medicines may cause this form of high blood pressure. this happens because medicines can change the way your body controls fluid and salt balances, cause your blood vessels to constrict, or impact the renin-angiotensin-aldosterone system leading to high blood pressure. other medical causes of high blood pressure other medical causes of high blood pressure include other medical conditions such as chronic kidney disease, sleep apnea, thyroid problems, or certain tumors. this happens because these other conditions change the way your body controls fluids, sodium, and hormones in your blood, which leads to secondary high blood pressure."
what is (are) high blood pressure ?,"blood pressure is the force of your blood pushing against the walls of your arteries. each time your heart beats, it pumps blood into the arteries. your blood pressure is highest when your heart beats, pumping the blood. this is called systolic pressure. when your heart is at rest, between beats, your blood pressure falls. this is called diastolic pressure. your blood pressure reading uses these two numbers. usually the systolic number comes before or above the diastolic number. a reading of - 119/79 or lower is normal blood pressure - 140/90 or higher is high blood pressure - between 120 and 139 for the top number, or between 80 and 89 for the bottom number is called prehypertension. prehypertension means you may end up with high blood pressure, unless you take steps to prevent it. high blood pressure usually has no symptoms, but it can cause serious problems such as stroke, heart failure, heart attack and kidney failure. you can control high blood pressure through healthy lifestyle habits such as exercise and the dash diet and taking medicines, if needed. nih: national heart, lung, and blood institute"
how to diagnose high blood pressure ?,"if you are diagnosed with high blood pressure, here are questions to ask your doctor. - your blood pressure numbers - what is my blood pressure reading in numbers? - what is my goal blood pressure? - is my blood pressure under adequate control? - is my systolic pressure too high (over 140)? your blood pressure numbers - what is my blood pressure reading in numbers? - what is my goal blood pressure? - is my blood pressure under adequate control? - is my systolic pressure too high (over 140)? - what is my blood pressure reading in numbers? - what is my goal blood pressure? - is my blood pressure under adequate control? - is my systolic pressure too high (over 140)? what is my blood pressure reading in numbers? what is my goal blood pressure? is my blood pressure under adequate control? is my systolic pressure too high (over 140)? - healthy lifestyle habits - what would be a healthy weight for me? - is there a diet to help me lose weight (if i need to) and lower my blood pressure? - is there a recommended healthy eating plan i should follow to help lower my blood pressure (if i dont need to lose weight)? - is it safe for me to start doing regular physical activity? healthy lifestyle habits - what would be a healthy weight for me? - is there a diet to help me lose weight (if i need to) and lower my blood pressure? - is there a recommended healthy eating plan i should follow to help lower my blood pressure (if i dont need to lose weight)? - is it safe for me to start doing regular physical activity? - what would be a healthy weight for me? - is there a diet to help me lose weight (if i need to) and lower my blood pressure? - is there a recommended healthy eating plan i should follow to help lower my blood pressure (if i dont need to lose weight)? - is it safe for me to start doing regular physical activity? what would be a healthy weight for me? is there a diet to help me lose weight (if i need to) and lower my blood pressure? is there a recommended healthy eating plan i should follow to help lower my blood pressure (if i dont need to lose weight)? is it safe for me to start doing regular physical activity? - medications - what is the name of my blood pressure medication? - is that the brand name or the generic name? - what are the possible side effects of my medication? (be sure the doctor knows about any allergies you have and any other medications you are taking, including over-the-counter drugs, vitamins, and dietary supplements.) - what time of day should i take my blood pressure medicine? - are there any foods, beverages, or dietary supplements i should avoid when taking this medicine? - what should i do if i forget to take my blood pressure medicine at the recommended time? should i take it as soon as i remember or should i wait until the next dosage is due? medications - what is the name of my blood pressure medication? - is that the brand name or the generic name? - what are the possible side effects of my medication? (be sure the doctor knows about any allergies you have and any other medications you are taking, including over-the-counter drugs, vitamins, and dietary supplements.) - what time of day should i take my blood pressure medicine? - are there any foods, beverages, or dietary supplements i should avoid when taking this medicine? - what should i do if i forget to take my blood pressure medicine at the recommended time? should i take it as soon as i remember or should i wait until the next dosage is due? - what is the name of my blood pressure medication? - is that the brand name or the generic name? - what are the possible side effects of my medication? (be sure the doctor knows about any allergies you have and any other medications you are taking, including over-the-counter drugs, vitamins, and dietary supplements.) - what time of day should i take my blood pressure medicine? - are there any foods, beverages, or dietary supplements i should avoid when taking this medicine? - what should i do if i forget to take my blood pressure medicine at the recommended time? should i take it as soon as i remember or should i wait until the next dosage is due? what is the name of my blood pressure medication? is that the brand name or the generic name? what are the possible side effects of my medication? (be sure the doctor knows about any allergies you have and any other medications you are taking, including over-the-counter drugs, vitamins, and dietary supplements.) what time of day should i take my blood pressure medicine? are there any foods, beverages, or dietary supplements i should avoid when taking this medicine? what should i do if i forget to take my blood pressure medicine at the recommended time? should i take it as soon as i remember or should i wait until the next dosage is due?"
what is (are) high blood pressure ?,"blood pressure rises as body weight increases. losing even 10 pounds can lower blood pressure -- and it has the greatest effect for those who are overweight and already have hypertension. if you are overweight or obese, work with your health care provider to develop a plan to help you lower your weight and maintain a healthy weight. aim to reduce your weight by 7 to 10 percent over six months, which can lower your risk for health problems. for example, if you are overweight at 200 pounds, try to lose 14 to 20 pounds over six months. after that, you may have to continue to lose weight to get to a healthy weight."
what is (are) high blood pressure ?,"""dash"" stands for ""dietary approaches to stop hypertension."" this is the name of a clinical study that tested the effects of nutrients in food on blood pressure. study results indicated that you can reduce high blood pressure by following an eating plan that emphasizes fruits, vegetables, and fat-free or low-fat milk and milk products, and that is low in saturated fat, cholesterol, total fat, and added sugars. the dash eating plan also includes whole grains, poultry, fish, and nuts, and has reduced amounts of red meats, sweets, added sugars, and beverages containing sugars. a second study, called ""dash-sodium,"" showed that eating less salt also lowered blood pressure in people following either the dash eating plan or the typical american diet. but those following dash, especially those with high blood pressure, benefited the most. for more information on using the dash eating plan, see your guide to lowering your blood pressure with dash."
what are the treatments for high blood pressure ?,"high blood pressure is treated with lifestyle changes and medicines. treatment can help control blood pressure, but it will not cure high blood pressure, even if your blood pressure readings appear normal. if you stop treatment, your blood pressure and risk for related health problems will rise. for a healthy future, follow your treatment plan closely. work with your health care team for lifelong blood pressure control."
how to diagnose high blood pressure ?,"for most patients, health care providers diagnose high blood pressure when blood pressure readings areconsistently 140/90 mmhg or above. confirming high blood pressure a blood pressure test is easy and painless and can be done in a health care providers office or clinic. to prepare for the test: dont drink coffee or smoke cigarettes for 30 minutes prior to the test. go to the bathroom before the test. sit for 5 minutes before the test. to track blood pressure readings over a period of time, the health care provider may ask you to come into the office on different days and at different times to take your blood pressure. the health care provider also may ask you to check readings at home or at other locations that have blood pressure equipment and to keep a written log of all your results. whenever you have an appointment with the health care provider, be sure to bring your log of blood pressure readings. every time you visit the health care provider, he or she should tell you what your blood pressure numbers are; if he or she does not, you should ask for your readings. blood pressure severity and type your health care provider usually takes 23 readings at several medical appointments to diagnose high blood pressure. using the results of your blood pressure test, your health care provider will diagnose prehypertension or high blood pressure if: your systolic or diastolic readings are consistently higher than 120/80 mmhg. your childs blood pressure numbers are outside average numbers for children of the same age, gender, and height. once your health care provider determines the severity of your blood pressure, he or she can order additional tests to determine if your blood pressure is due to other conditions or medicines or if you have primary high blood pressure. health care providers can use this information to develop your treatment plan. some people have white coat hypertension. this happens when blood pressure readings are only high when taken in a health care providers office compared with readings taken in any other location. health care providers diagnose this type of high blood pressure by reviewing readings in the office and readings taken anywhere else. researchers believe stress, which can occur during the medical appointment, causes white coat hypertension."
what is (are) high blood pressure ?,"high blood pressure is a common disease in which blood flows through blood vessels (arteries) at higher than normal pressures. what is blood pressure? blood pressure is the force of blood pushing against the walls of the blood vessels as the heart pumps blood. if your blood pressure rises and stays high over time, its called high blood pressure. high blood pressure is dangerous because it makes the heart work too hard, and the high force of the blood flow can harm arteries and organs such as the heart, kidneys, brain, and eyes. types of high blood pressure there are two main types of high blood pressure: primary and secondary high blood pressure. - primary, or essential, high blood pressure is the most common type of high blood pressure. this type of high blood pressure tends to develop over years as a person ages. - secondary high blood pressure is caused by another medical condition or use of certain medicines. this type usually resolves after the cause is treated or removed. primary, or essential, high blood pressure is the most common type of high blood pressure. this type of high blood pressure tends to develop over years as a person ages. secondary high blood pressure is caused by another medical condition or use of certain medicines. this type usually resolves after the cause is treated or removed. measuring blood pressure blood pressure is always given as two numbers, the systolic and diastolic pressures. both are important. - systolic pressure is the pressure of blood against the artery walls when the heart beats. - diastolic pressure is the pressure of blood against the artery walls when the heart is at rest between beats. systolic pressure is the pressure of blood against the artery walls when the heart beats. diastolic pressure is the pressure of blood against the artery walls when the heart is at rest between beats. usually these numbers are written one above or before the other -- for example, 120/80 mmhg. the top, or first, number is the systolic and the bottom, or second number, is the diastolic. if your blood pressure is 120/80, you say that it is ""120 over 80."" normal blood pressure normal blood pressure for adults is defined as a systolic pressure below 120 mmhg and a diastolic pressure below 80 mmhg. it is normal for blood pressures to change when you sleep, wake up, or are excited or nervous. when you are active, it is normal for your blood pressure to increase. however, once the activity stops, your blood pressure returns to your normal baseline range. blood pressure normally rises with age and body size. newborn babies often have very low blood pressure numbers that are considered normal for babies, while older teens have numbers similar to adults. abnormal blood pressure abnormal blood pressure is higher than 120/80 mmhg. if either your systolic or diastolic blood pressure is higher than normal (120/80) but not high enough to be considered high blood pressure (140/90), you have pre-hypertension. pre-hypertension is a top number between 120 and 139 or a bottom number between 80 and 89 mmhg. for example, blood pressure readings of 138/82, 128/70, or 115/86 are all in the ""pre-hypertension"" range. (click the table on the right to see the stages of high blood pressure in adults.) a systolic blood pressure of 140 mmhg or higher, or a diastolic blood pressure of 90 mmhg or higher, is considered high blood pressure, or hypertension. hypertension is the medical term for high blood pressure. if you have diabetes or chronic kidney disease, your recommended blood pressure levels are a systolic blood pressure of 130 mmhg or lower, and a diastolic blood pressure of 80 mmhg or lower. usually has no symptoms high blood pressure is often called ""the silent killer"" because it usually has no symptoms. occasionally, headaches may occur. some people may not find out they have high blood pressure until they have trouble with their heart, kidneys, or eyes. when high blood pressure is not diagnosed and treated, it can lead to other life-threatening conditions, including heart attack, heart failure, stroke, and kidney failure. it can also lead to vision changes or blindness. possible complications over time over time, high blood pressure can cause - your heart to work too hard and become larger or weaker, which can lead to heart failure. - small bulges (aneurysms) to worsen in your blood vessels. common locations for aneurysms are the aorta, which is the main artery from the heart; the arteries in your brain, legs, and intestines; and the artery leading to your spleen. - blood vessels in your kidneys to narrow, which can cause kidney failure. - blood vessels in your eyes to burst or bleed, which can cause vision changes and can result in blindness. - arteries throughout your body to ""harden"" faster, especially those in your heart, brain, kidneys, and legs. this can cause a heart attack, stroke, or kidney failure. your heart to work too hard and become larger or weaker, which can lead to heart failure. small bulges (aneurysms) to worsen in your blood vessels. common locations for aneurysms are the aorta, which is the main artery from the heart; the arteries in your brain, legs, and intestines; and the artery leading to your spleen. blood vessels in your kidneys to narrow, which can cause kidney failure. blood vessels in your eyes to burst or bleed, which can cause vision changes and can result in blindness. arteries throughout your body to ""harden"" faster, especially those in your heart, brain, kidneys, and legs. this can cause a heart attack, stroke, or kidney failure."
how to prevent high blood pressure ?,"steps you can take you can take steps to prevent high blood pressure by adopting these healthy lifestyle habits. - follow a healthy eating plan. - be physically active. - maintain a healthy weight. - if you drink alcoholic beverages, do so in moderation. - quit smoking. - learn to cope with and manage stress. follow a healthy eating plan. be physically active. maintain a healthy weight. if you drink alcoholic beverages, do so in moderation. quit smoking. learn to cope with and manage stress. follow a healthy eating plan follow a healthy eating plan that emphasizes fruits, vegetables, fat-free or low-fat milk and milk products, and whole grains, and that is low in saturated fat, cholesterol, and total fat. eating this way is even more effective when you also reduce your sodium (salt) intake and calories. one such eating plan is called dash. dash stands for dietary approaches to stop hypertension. this is the name of a study sponsored by the national institutes of health that showed that this kind of eating plan can help you prevent and control high blood pressure. the study also showed that combining this kind of eating plan with cutting back on salt in your diet is even more effective at lowering your blood pressure. to learn more about dash, see lowering your blood pressure with dash. lower your salt intake in general, the lower your salt intake, the lower your blood pressure. older adults should limit their sodium intake to 2,300 milligrams (mg) daily. the key to reducing the amount of salt we eat is making wise food choices. only a small amount of the salt that we eat comes from the salt shaker, and only small amounts occur naturally in food. most of the salt that we eat comes from processed foods -- for example, canned or processed meat, baked goods, certain cereals, soy sauce, and foods that contain seasoned salts, monosodium glutamate (msg), and baking soda. food from fast food restaurants, frozen foods, and canned foods also tend to be higher in sodium. see tips to reduce salt in your diet. read food labels be sure to read food labels to choose products lower in salt. look for foods and seasonings that are labeled as low-salt or ""no added salt."" look for the sodium content in milligrams and the percent daily value. aim for foods that are less than 5 percent of the daily value of sodium. foods with 20 percent or more daily value of sodium are considered high. to learn more about reading nutrition labels, see reading the label. be physically active regular physical activity can lower high blood pressure and reduce your risk for other health problems. everyone should try to participate in moderate-intensity aerobic exercise at least 2 hours and 30 minutes per week, or vigorous-intensity aerobic exercise for 1 hour and 15 minutes per week. aerobic exercise, such as brisk walking, is any exercise in which your heart beats harder and you use more oxygen than usual. the more active you are, the more you will benefit. participate in aerobic exercise for at least 10 minutes at a time, spread throughout the week. (watch the video to learn how exercise maintains healthy aging. to enlarge the video, click the brackets in the lower right-hand corner. to reduce the video, press the escape (esc) button on your keyboard.) most people dont need to see a doctor before they start a moderate-level physical activity. you should check first with your doctor if you - have heart trouble or have had a heart attack - are over age 50 and are not used to moderate-level physical activity - have a family history of heart disease at an early age, or if you have any other serious health problem. have heart trouble or have had a heart attack are over age 50 and are not used to moderate-level physical activity have a family history of heart disease at an early age, or if you have any other serious health problem. see examples of exercises for older adults at exercises to try. for more on exercise and physical activity for older adults, visit go4life, the exercise and physical activity campaign from the national institute on aging. maintain a healthy weight maintaining a healthy weight can help you control high blood pressure and reduce your risk for other health problems. blood pressure rises as body weight increases. losing even 10 pounds can lower blood pressure -- and it has the greatest effect for those who are overweight and already have hypertension. a useful measure of overweight and obesity is body mass index (bmi). bmi measures your weight in relation to your height. see the bmi calculator to determine your body mass index or talk to your health care provider. a bmi - below 18.5 is a sign that you are underweight. - between 18.5 and 24.9 is in the healthy range. - between 25 and 29.9 is considered overweight. - of 30 or more is considered obese. below 18.5 is a sign that you are underweight. between 18.5 and 24.9 is in the healthy range. between 25 and 29.9 is considered overweight. of 30 or more is considered obese. a general goal to aim for is a bmi below 25. your health care provider can help you set an appropriate bmi goal. measuring waist circumference helps screen for possible health risks. if most of your fat is around your waist rather than at your hips, youre at a higher risk for heart disease and type 2 diabetes. this risk may be high with a waist size that is greater than 35 inches for women or greater than 40 inches for men. to learn how to measure your waist, visit assessing your weight and health risk. for more information about losing weight or maintaining your weight, see aim for a healthy weight. if you drink drinking too much alcohol can raise your blood pressure. alcohol also adds extra calories, which may cause weight gain. men should have no more than two drinks a day, and women should have no more than one drink a day. if you drink and would like tips on how to cut back, watch the video ""how to cut back on your drinking."" (to enlarge the video, click the brackets in the lower right-hand corner. to reduce the video, press the escape (esc) button on your keyboard.) see how drinking alcohol can affect you as you age. don't smoke smoking injures blood vessel walls and speeds up the process of hardening of the arteries. it increases your chances of stroke, heart disease, peripheral arterial disease, and several forms of cancer. if you smoke, quit. if you don't smoke, don't start. once you quit, your risk of having a heart attack is reduced after the first year. so you have a lot to gain by quitting. see how to start a smoking quit plan geared to older adults."
what are the symptoms of high blood pressure ?,"high blood pressure is often called the ""silent killer"" because you can have it for years without knowing it. the only way to find out if you have high blood pressure is to have your blood pressure measured. complications when blood pressure stays high over time, it can damage the body and cause complications. here are some of the common complications, along with their signs and symptoms. - aneurysms. these occur when an abnormal bulge forms in the wall of an artery. aneurysms develop and grow for years without causing signs or symptoms until they rupture, grow large enough to press on nearby body parts, or block blood flow. the signs and symptoms that develop depend on the location of the aneurysm. - chronic kidney disease. this disease occurs when blood vessels narrow in the kidneys, possibly causing kidney failure. - cognitive changes research shows that over time, higher blood pressure numbers can lead to cognitive changes. signs and symptoms include memory loss, difficulty finding words, and losing focus during conversations. - eye damage. this condition occurs when blood vessels in the eyes burst or bleed. signs and symptoms include vision changes or blindness. - heart attack. this occurs when the flow of oxygen-rich blood to a section of heart muscle suddenly becomes blocked and the heart doesnt get oxygen. the most common warning symptoms of a heart attack are chest pain or discomfort, upper body discomfort, and shortness of breath. - heart failure. this condition occurs when the heart cant pump enough blood to meet the bodys needs. common signs and symptoms of heart failure include shortness of breath or trouble breathing; feeling tired; and swelling in the ankles, feet, legs, abdomen, and veins in the neck. - peripheral arterial disease. this is a disease in which plaque builds up in leg arteries and affects blood flow in the legs. when people have symptoms, the most common are pain, cramping, numbness, aching, or heaviness in the legs, feet, and buttocks after walking or climbing stairs. - stroke. a stroke occurs when the flow of oxygen-rich blood to a portion of the brain is blocked. the symptoms of a stroke include sudden onset of weakness; paralysis or numbness of the face, arms, or legs; trouble speaking or understanding speech; and trouble seeing. aneurysms. these occur when an abnormal bulge forms in the wall of an artery. aneurysms develop and grow for years without causing signs or symptoms until they rupture, grow large enough to press on nearby body parts, or block blood flow. the signs and symptoms that develop depend on the location of the aneurysm. chronic kidney disease. this disease occurs when blood vessels narrow in the kidneys, possibly causing kidney failure. cognitive changes research shows that over time, higher blood pressure numbers can lead to cognitive changes. signs and symptoms include memory loss, difficulty finding words, and losing focus during conversations. eye damage. this condition occurs when blood vessels in the eyes burst or bleed. signs and symptoms include vision changes or blindness. heart attack. this occurs when the flow of oxygen-rich blood to a section of heart muscle suddenly becomes blocked and the heart doesnt get oxygen. the most common warning symptoms of a heart attack are chest pain or discomfort, upper body discomfort, and shortness of breath. heart failure. this condition occurs when the heart cant pump enough blood to meet the bodys needs. common signs and symptoms of heart failure include shortness of breath or trouble breathing; feeling tired; and swelling in the ankles, feet, legs, abdomen, and veins in the neck. peripheral arterial disease. this is a disease in which plaque builds up in leg arteries and affects blood flow in the legs. when people have symptoms, the most common are pain, cramping, numbness, aching, or heaviness in the legs, feet, and buttocks after walking or climbing stairs. stroke. a stroke occurs when the flow of oxygen-rich blood to a portion of the brain is blocked. the symptoms of a stroke include sudden onset of weakness; paralysis or numbness of the face, arms, or legs; trouble speaking or understanding speech; and trouble seeing. how blood pressure is checked your health care provider usually takes 23 readings at several medical appointments to diagnose high blood pressure. based on the results of your blood pressure test, your health care provider will diagnose prehypertension or high blood pressure if your systolic or diastolic readings are consistently higher than 120/80 mmhg. once your health care provider determines the severity of your blood pressure, he or she can order additional tests to determine if your blood pressure is due to other conditions or medicines or if you have primary high blood pressure. health care providers can use this information to develop your treatment plan. some people have white coat hypertension. this happens when blood pressure readings are only high when taken in a health care providers office compared with readings taken in any other location. researchers believe stress, which can occur during the medical appointment, causes white coat hypertension. preparing for the test a blood pressure test is easy and painless and can be done in a health care providers office or clinic. to prepare for the test - dont drink coffee or smoke cigarettes for 30 minutes prior to the test - go to the bathroom before the test. a full bladder can change the reading - sit for 5 minutes before the test. dont drink coffee or smoke cigarettes for 30 minutes prior to the test go to the bathroom before the test. a full bladder can change the reading sit for 5 minutes before the test. to track blood pressure readings over a period of time, the health care provider may ask you to come into the office on different days and at different times to take your blood pressure. the health care provider also may ask you to check readings at home or at other locations that have blood pressure equipment and to keep a written log of all your results. whenever you have an appointment with the health care provider, be sure to bring your log of blood pressure readings. ask the doctor or nurse to tell you your blood pressure reading in numbers and to explain what the numbers mean. write down your numbers or ask the doctor or nurse to write them down for you. write down your readings ask the doctor or nurse to tell you your blood pressure reading in numbers and to explain what the numbers mean. write down your numbers or ask the doctor or nurse to write them down for you. (the wallet card on the right can be printed out and used to record your blood pressure numbers.) checking your own blood pressure you can also check your blood pressure at home with a home blood pressure measurement device or monitor. it is important that the blood pressure cuff fits you properly and that you understand how to use the monitor. a cuff that is too small, for example, can give you a reading that is higher than your actual blood pressure. your doctor, nurse, or pharmacist can help you check the cuff size and teach you how to use it correctly. you may also ask for their help in choosing the right blood pressure monitor for you. blood pressure monitors can be bought at discount chain stores and drug stores. when you are taking your blood pressure at home, sit with your back supported and your feet flat on the floor. rest your arm on a table at the level of your heart. after a diagnosis if you're diagnosed with high blood pressure, your doctor will prescribe treatment. your blood pressure will be tested again to see how the treatment affects it. once your blood pressure is under control, you'll still need treatment. ""under control"" means that your blood pressure numbers are in the normal range. your doctor will likely recommend routine blood pressure tests. he or she can tell you how often you should be tested. the sooner you find out about high blood pressure and treat it, the better. early treatment may help you avoid problems such as heart attack, stroke and kidney failure. see tips for talking with your doctor after you receive a medical diagnosis."
what is (are) kidney disease ?,"what the kidneys do you have two kidneys. they are bean-shaped and about the size of a fist. they are located in the middle of your back, on the left and right of your spine, just below your rib cage. the kidneys filter your blood, removing wastes and extra water to make urine. they also help control blood pressure and make hormones that your body needs to stay healthy. when the kidneys are damaged, wastes can build up in the body. kidney function and aging kidney function may be reduced with aging. as the kidneys age, the number of filtering units in the kidney may decrease, the overall amount of kidney tissue may decrease, and the blood vessels that supply the kidney may harden, causing the kidneys to filter blood more slowly. if your kidneys begin to filter less well as you age, you may be more likely to have complications from certain medicines. there may be an unsafe buildup of medicines that are removed from your blood by your kidneys. also, your kidneys may be more sensitive to certain medicines. for example, nonsteroidal anti-inflammatory drugs (nsaids) and some antibiotics may harm your kidneys in some situations. the next time you pick up a prescription or buy an over-the-counter medicine or supplement, ask your pharmacist how the product may affect your kidneys and interact with your other medicines. (watch the video to learn more about what the kidneys do. to enlarge the video, click the brackets in the lower right-hand corner. to reduce the video, press the escape (esc) button on your keyboard.) learn more about how the kidneys work. how kidney disease occurs kidney disease means the kidneys are damaged and can no longer remove wastes and extra water from the blood as they should. kidney disease is most often caused by diabetes or high blood pressure. according to the centers for disease control and prevention, more than 20 million americans may have kidney disease. many more are at risk. the main risk factors for developing kidney disease are - diabetes - high blood pressure - cardiovascular (heart and blood vessel) disease - a family history of kidney failure. diabetes high blood pressure cardiovascular (heart and blood vessel) disease a family history of kidney failure. each kidney contains about one million tiny filtering units made up of blood vessels. these filters are called glomeruli. diabetes and high blood pressure damage these blood vessels, so the kidneys are not able to filter the blood as well as they used to. usually this damage happens slowly, over many years. this is called chronic kidney disease. as more and more filtering units are damaged, the kidneys eventually are unable to maintain health. early kidney disease usually has no symptoms, which means you will not feel different. blood and urine tests are the only way to check for kidney damage or measure kidney function. if you have diabetes, high blood pressure, heart disease, or a family history of kidney failure, you should be tested for kidney disease. kidney failure kidney disease can get worse over time, and may lead to kidney failure. kidney failure means very advanced kidney damage with less than 15% normal function. end-stage renal disease (esrd) is kidney failure treated by dialysis or kidney transplant. if the kidneys fail, treatment options such as dialysis or a kidney transplant can help replace kidney function. some patients choose not to treat kidney failure with dialysis or a transplant. if your kidneys fail, talk with your health care provider about choosing a treatment that is right for you. (watch the video to learn more about how kidney disease progresses. to enlarge the video, click the brackets in the lower right-hand corner. to reduce the video, press the escape (esc) button on your keyboard.)"
how to prevent kidney disease ?,"risk factors diabetes and high blood pressure are the two leading causes of kidney disease. both diabetes and high blood pressure damage the small blood vessels in your kidneys and can cause kidney disease -- without you feeling it. other risk factors for kidney disease include: - cardiovascular (heart) disease - family history -- if you have a mother, father, sister, or brother who has had kidney failure, then you are at increased risk. cardiovascular (heart) disease family history -- if you have a mother, father, sister, or brother who has had kidney failure, then you are at increased risk. additionally, african americans, hispanics, and native americans are at high risk for developing kidney failure. this is in part due to high rates of diabetes and high blood pressure in these communities. if you have any of these risk factors, talk to your health care provider about getting tested for kidney disease. if you have kidney disease, you may not feel any different. it is very important to get tested if you are at risk. (watch the video to learn more about reducing your risk for kidney disease. to enlarge the video, click the brackets in the lower right-hand corner. to reduce the video, press the escape (esc) button on your keyboard.) prevention if you are at risk for kidney disease, the most important steps you can take to keep your kidneys healthy are to - get your blood and urine checked for kidney disease. - manage your diabetes, high blood pressure, and heart disease. get your blood and urine checked for kidney disease. manage your diabetes, high blood pressure, and heart disease. manage your diabetes and high blood pressure, and keep your kidneys healthy by - eating healthy foods: fresh fruits, fresh or frozen vegetables, whole grains, and low-fat dairy foods - cutting back on salt - limiting your alcohol intake - being more physically active - losing weight if you are overweight - taking your medicines the way your provider tells you to - keeping your cholesterol levels in the target range - taking steps to quit, if you smoke - seeing your doctor regularly. eating healthy foods: fresh fruits, fresh or frozen vegetables, whole grains, and low-fat dairy foods cutting back on salt limiting your alcohol intake being more physically active losing weight if you are overweight taking your medicines the way your provider tells you to keeping your cholesterol levels in the target range taking steps to quit, if you smoke seeing your doctor regularly. by following these steps and keeping risk factors under control -- especially your blood pressure -- you may be able to delay or even prevent kidney failure. talk to your health care provider to find out the steps that are right for you. learn about preventing high blood pressure. learn about preventing type 2 diabetes."
what research (or clinical trials) is being done for kidney disease ?,"many areas of research researchers are working at every stage of kidney disease to improve diagnosis and treatment, including - trying to find a better way to identify who is at greatest risk for rapidly progressing kidney disease - trying to find more effective medications to treat kidney disease and its risk factors, and - improving dialysis and the results of kidney transplantation. trying to find a better way to identify who is at greatest risk for rapidly progressing kidney disease trying to find more effective medications to treat kidney disease and its risk factors, and improving dialysis and the results of kidney transplantation. several areas of research supported by the national institute of diabetes and digestive and kidney diseases (niddk) hold great potential. emphasis is being placed on research related to prevention and early intervention in kidney disease. interaction with other diseases another focus is on the interaction between kidney disease, diabetes, and cardiovascular (heart) disease. advances in treatments for diabetes and high blood pressure may help reduce the damage these conditions do to the kidneys in the first place. research into how to predict who will develop kidney disease may improve prevention. disease progression niddk is sponsoring a major study -- the chronic renal insufficiency cohort (cric) study -- to learn more about how kidney disease progresses. cric is following 6,000 adults with mild to moderate kidney disease. about half have diabetes. it is believed that some cric study participants' kidney function will decline more rapidly than others', and that some will develop cardiovascular disease while others won't. the goal of the study is to identify the factors linked to rapid decline of kidney function and the development of cardiovascular disease. the data and specimens collected from study participants will be available to other researchers who are studying kidney disease and cardiovascular disease. the cric study will allow future investigation into the role of genetic, environmental, behavioral, nutritional, and other factors in kidney disease. learn more about the cric study. improving transplants in the area of transplantation, researchers are working to develop new drugs that help the body accept donated organs. the goal is to help transplanted kidneys survive longer and work better. niddk scientists are also developing new techniques to improve the body's tolerance for foreign tissue even before the donated kidney is transplanted. this could help reduce or eliminate the need for drugs that suppress the immune system, which could reduce transplantation costs and complications. in the future, scientists may even develop an artificial kidney for implantation."
what is (are) kidney disease ?,"instead of dialysis, some people with kidney failure -- including older adults -- may be able to receive a kidney transplant. this involves having a healthy kidney from another person surgically placed into your body. the new, donated kidney does the work that your two failed kidneys used to do. the donated kidney can come from an anonymous donor who has recently died, or from a living person -- usually a relative. but you might also be able to receive a kidney from an unrelated donor, including your spouse or a friend. (watch the video to learn more about kidney transplantation. to enlarge the video, click the brackets in the lower right-hand corner. to reduce the video, press the escape (esc) button on your keyboard.) kidney transplantation is a treatment for kidney failure -- not a cure. you will need to see your healthcare provider regularly. and you will need to take medications for as long as you have your transplant to suppress your immune system so it doesn't reject the transplanted kidney."
what are the treatments for kidney disease ?,"treatments for early kidney disease include both diet and lifestyle changes and medications. diet and lifestyle changes, such as eating heart healthy foods and exercising regularly to maintain a healthy weight, can help prevent the diseases that cause kidney damage. if you already have diabetes and/or high blood pressure, keeping these conditions under control can keep them from causing further damage to your kidneys. (watch the video to learn more about dialysis decisions. to enlarge the video, click the brackets in the lower right-hand corner. to reduce the video, press the escape (esc) button on your keyboard.)"
what are the treatments for kidney disease ?,"dialysis is a treatment to filter wastes and water from your blood. there are two major forms of dialysis: hemodialysis and peritoneal dialysis. (watch the video to learn more about dialysis. to enlarge the video, click the brackets in the lower right-hand corner. to reduce the video, press the escape (esc) button on your keyboard.) in hemodialysis, blood is run through a filter outside of your body and the clean blood is returned to the body. hemodialysis is usually done at a dialysis center three times a week, but it can also be done at home. each session usually lasts between three and four hours. peritoneal dialysis is another way to remove wastes from your blood. this kind of dialysis uses the lining of your abdominal cavity (the space in your body that holds organs like the stomach, intestines, and liver) to filter your blood. it works by putting a special fluid into your abdomen that absorbs waste products in your blood as it passes through small blood vessels in this lining. this fluid is then drained away. a key benefit of peritoneal dialysis is that it can be done at home, while you sleep. get more information about dialysis."
who is at risk for kidney disease? ?,"diabetes and high blood pressure are the two leading risk factors for kidney disease. both diabetes and high blood pressure damage the small blood vessels in your kidneys and can cause kidney disease -- without you feeling it. there are several other risk factors for kidney disease. cardiovascular (heart) disease is a risk factor. so is family history: if you have a mother, father, sister, or brother who has had kidney disease, then you are at increased risk. african americans, hispanics, and native americans tend to have a greater risk for kidney failure. this is mostly due to higher rates of diabetes and high blood pressure in these communities, although there may be other reasons. (watch the video to learn more about the connection between heart disease and kidney disease. to enlarge the video, click the brackets in the lower right-hand corner. to reduce the video, press the escape (esc) button on your keyboard.)"
what is (are) kidney disease ?,"when your kidneys fail, they are no longer able to filter blood and remove waste from your body well enough to maintain health. kidney failure causes harmful waste and excess fluid to build up in your body. your blood pressure may rise, and your hands and feet may swell. since the kidneys are not working well, the goal is to find treatments that can replace kidney function in order to maintain health. there are two main options for this: dialysis and transplantation."
what are the symptoms of kidney disease ?,"kidney disease kidney disease is often called a ""silent"" disease, because most people have no symptoms with early kidney disease. in fact, you might feel just fine until your kidneys have almost stopped working. do not wait for symptoms! if you are at risk for kidney disease, talk to your health care provider about getting tested. (watch the video to learn more about the symptoms of kidney disease. to enlarge the videos on this page, click the brackets in the lower right-hand corner of the video screen. to reduce the videos, press the escape (esc) button on your keyboard.) symptoms of kidney failure kidney failure means that damaged kidneys are filtering less than 15% of the amount of blood filtered by healthy kidneys. if kidney disease progresses to kidney failure, a number of symptoms may occur. some people experience fatigue, some lose their appetite, and some have leg cramps. these problems are caused by waste products that build up in the blood, a condition known as uremia. healthy kidneys remove waste products from the blood. when the kidneys stop working, uremia occurs. the kidneys also make hormones and balance the minerals in the blood. when the kidneys stop working, most people develop conditions that affect the blood, bones, nerves, and skin. these problems may include itching, sleep problems, restless legs, weak bones, joint problems, and depression. how kidney disease is diagnosed blood and urine tests are the only way to check for kidney damage or measure kidney function. it is important for you to get checked for kidney disease if you have the key risk factors, which are - diabetes - high blood pressure - heart disease - a family history of kidney failure. diabetes high blood pressure heart disease a family history of kidney failure. if you are at risk, ask about your kidneys at your next medical appointment. the sooner you know you have kidney disease, the sooner you can get treatment to help delay or prevent kidney failure. if you have diabetes, high blood pressure, heart disease, or a family history of kidney failure, you should get a blood and urine test to check your kidneys. talk to your provider about how often you should be tested. (watch the video to learn more about tests for kidney disease.) blood test the blood test checks your gfr. gfr stands for glomerular (glow-mair-you-lure) filtration rate. gfr is a measure of how much blood your kidneys filter each minute. this shows how well your kidneys are working. gfr is reported as a number. - a gfr of 60 or higher is in the normal range. - a gfr below 60 may mean you have kidney disease. however, because gfr decreases as people age, other information may be needed to determine if you actually have kidney disease. - a gfr of 15 or lower may mean kidney failure. a gfr of 60 or higher is in the normal range. a gfr below 60 may mean you have kidney disease. however, because gfr decreases as people age, other information may be needed to determine if you actually have kidney disease. a gfr of 15 or lower may mean kidney failure. you can't raise your gfr, but you can try to keep it from going lower. ask your healthcare provider what you can do to keep your kidneys healthy. learn more about the gfr test. urine test the urine test looks for albumin (al-byoo-min), a type of protein, in your urine. a healthy kidney does not let albumin pass into the urine. a damaged kidney lets some albumin pass into the urine. this test has several different names. you could be told that you are being screened for ""proteinuria"" or ""albuminuria"" or ""microalbuminuria."" or you could be told that your ""urine albumin-to-creatinine ratio"" (uacr) is being measured. if you have albumin or protein in your urine, it could mean you have kidney disease. - a urine albumin result below 30 is normal. - a urine albumin result above 30 is not normal and may mean kidney disease. a urine albumin result below 30 is normal. a urine albumin result above 30 is not normal and may mean kidney disease. learn more about the urine albumin test. your healthcare provider might do additional tests to be sure."
what are the symptoms of kidney disease ?,"kidney disease is often called a ""silent"" disease, because most people have no symptoms in early kidney disease. in fact, you might feel just fine until your kidneys have almost stopped working. do not wait for symptoms! blood and urine tests are the only way to check for kidney damage or measure kidney function. (watch the video to learn more about the symptoms of kidney disease. to enlarge the video, click the brackets in the lower right-hand corner. to reduce the video, press the escape (esc) button on your keyboard.)"
what research (or clinical trials) is being done for kidney disease ?,"there are many researchers who are working on kidney disease. they are looking for ways to improve diagnosis, make treatments more effective, and make dialysis and transplantation work better. several areas of research supported by the national institute of diabetes and digestive and kidney diseases (niddk) hold great potential. emphasis is being placed on research related to prevention and early intervention in kidney disease. another focus is on the interaction between diabetes, kidney disease, and cardiovascular disease. advances in treatments for diabetes and high blood pressure may help reduce the damage these conditions do to the kidneys in the first place. research into how to predict who will develop kidney disease may improve prevention."
what are the treatments for kidney disease ?,"kidney disease can get worse over time, and may lead to kidney failure. kidney failure means advanced kidney damage with less than 15% normal function. most people with kidney failure have symptoms from the build up of waste products and extra water in their body. end-stage renal disease (esrd) is kidney failure treated by dialysis or kidney transplant. if kidney disease progresses to kidney failure, the goal of treatment changes. since the kidneys no longer work well enough to maintain health, it is necessary to choose a treatment in order to maintain health. there are two main options for this: dialysis and transplantation. some patients choose not to treat kidney failure with dialysis or a transplant. instead, they receive supportive care to treat their symptoms. before you and your health care team decide on a treatment plan, it is important that you understand how each treatment option is likely to affect how long you will live or how good you will feel. if your kidney disease is progressing, talk with your health care provider about choosing a treatment that is right for you. (watch the video to learn more about dialysis decisions. to enlarge the videos on this page, click the brackets in the lower right-hand corner of the video screen. to reduce the videos, press the escape (esc) button on your keyboard.) two kinds of dialysis dialysis is a treatment that takes waste products and extra fluid out of your body. in hemodialysis, your blood passes through a filter outside of your body and the clean blood is returned to your body. in hemodialysis, blood is run through a filter outside of your body and the clean blood is returned to the body. hemodialysis is usually done at a dialysis center three times a week, but it can also be done at home. each session usually lasts between three and four hours. peritoneal dialysis is another way to remove wastes from your blood. this kind of dialysis uses the lining of your abdominal cavity (the space in your body that holds organs like the stomach, intestines, and liver) to filter your blood. it works by putting a special fluid into your abdomen that absorbs waste products in your blood as it passes through small blood vessels in this lining. this fluid with the waste products is then drained away. a key benefit of peritoneal dialysis is that it can be done at home, while you sleep. hemodialysis and peritoneal dialysis do not cure kidney failure. they are treatments that help replace the function of the kidneys and may help you feel better and live longer. but, for some people who have many health problems and are age 75 or older, studies show that treatment with dialysis may not help. if you are on dialysis although patients with kidney failure are now living longer than ever, over the years, kidney disease can cause problems such as - depression - heart disease - bone disease - arthritis - nerve damage - malnutrition. depression heart disease bone disease arthritis nerve damage malnutrition. to stay as healthy as possible for as long as possible while on dialysis, - follow your dietitian's advice, - take your medicines, and - follow healthy lifestyle and diet habits to keep a healthy weight and control blood pressure, blood sugar, and cholesterol. follow your dietitian's advice, take your medicines, and follow healthy lifestyle and diet habits to keep a healthy weight and control blood pressure, blood sugar, and cholesterol. dialysis can be a special challenge for older adults, especially those who have other diseases or conditions. for example, for hemodialysis, a person must be able to leave home, travel to the dialysis facility, and sit for 4 hours during treatment. peritoneal dialysis can be done at home, but someone needs to help. often, older adults need help with some or all of these activities. they and their families need to think about these issues as they choose treatment options and living facilities. learn more about dialysis. eating, diet, and nutrition on dialysis for people who are on dialysis or approaching total kidney failure, adequate nutrition is important for maintaining energy, strength, healthy sleep patterns, bone health, heart health, and good mental health. the diet should be based on the type of treatment the person is getting. - people on hemodialysis must watch how much fluid they drink and avoid eating foods with too much sodium, potassium, and phosphorus. - in contrast, people on peritoneal dialysisa type of dialysis that uses the lining of the abdomen, or belly, to filter the blood inside the bodymay be able to eat more potassium-rich foods because peritoneal dialysis removes potassium from the body more efficiently than hemodialysis. - both hemodialysis and peritoneal dialysis can remove proteins from the body, so anyone on either form of dialysis should eat protein-rich foods such as meat, fish, and eggs. people on hemodialysis must watch how much fluid they drink and avoid eating foods with too much sodium, potassium, and phosphorus. in contrast, people on peritoneal dialysisa type of dialysis that uses the lining of the abdomen, or belly, to filter the blood inside the bodymay be able to eat more potassium-rich foods because peritoneal dialysis removes potassium from the body more efficiently than hemodialysis. both hemodialysis and peritoneal dialysis can remove proteins from the body, so anyone on either form of dialysis should eat protein-rich foods such as meat, fish, and eggs. all dialysis centers have a renal dietitian, who helps people with kidney failure make healthy food choices. people who are on dialysis should talk with their clinics renal dietitian. the renal dietitian can help make a meal plan that will help their treatment work well. kidney transplantation some people with kidney failure -- including older adults -- may be able to receive a kidney transplant. this involves having a healthy kidney from another person surgically placed into your body. the new, donated kidney does the work the failed kidneys used to do. the donated kidney can come from someone you dont know who has recently died, or from a living person -- usually a family member. but you might also be able to receive a kidney from an unrelated donor, including your spouse or a friend. due to the shortage of kidneys, patients on the waiting list for a deceased donor kidney may wait many years. (watch the video to learn more about kidney transplantation.) kidney transplantation is a treatment for kidney failure -- not a cure. you will need to see your healthcare provider regularly. and you will need to take medicines for as long as you have your transplant. these medicines suppress your immune system so it doesn't reject the transplanted kidney. eating, diet, and nutrition after a transplant after a transplant, it is still important to make healthy food choices. it is still important to eat foods with less salt. this may help you keep a healthy blood pressure. you should also choose foods that are healthy for your heart, like fresh fruits, fresh or frozen vegetables, whole grains, and low-fat dairy foods. if you were on dialysis before the transplant, you may find that your diet after transplant is much easier to follow. you can drink more fluids and eat many of the fruits and vegetables you had to eat less of while on dialysis. you may even need to gain a little weight, but be careful not to gain weight too quickly. all transplant clinics have a renal dietitian, who helps people with kidney failure make healthy food choices. people who have had a transplant should talk with their clinics renal dietitian. the renal dietitian can help make a meal plan that will help keep the new kidney healthy. learn more about kidney transplantation. choosing not to treat with dialysis or transplant you may choose not to treat kidney failure with dialysis or a transplant. instead, you may choose to focus on treating its complications. if you choose this path, you will still get care from your health care team. your care may include - medicines to protect remaining kidney function for as long as possible - medicines to treat symptoms of kidney failure (such as nausea, anemia, and poor appetite) - advice on diet and lifestyle choices, and - care to ease symptoms, provide relief from physical and emotional pain, and enhance quality of life. medicines to protect remaining kidney function for as long as possible medicines to treat symptoms of kidney failure (such as nausea, anemia, and poor appetite) advice on diet and lifestyle choices, and care to ease symptoms, provide relief from physical and emotional pain, and enhance quality of life. you have the right to choose not to start dialysis or undergo transplant surgery. you may choose not to treat with dialysis or transplant if you feel that the burdens would outweigh the benefits. or, you may make this choice if you feel these treatments would lower your quality of life. only you know what it is like for you to live with kidney failure. treatment with no dialysis or transplant may be a choice for you if - you and your doctor feel dialysis or transplant will not improve your health. for some people who have many health problems and are age 75 or older, studies show that treatment with dialysis may not help. - you feel youve accomplished what you wanted in life. - family and friends support your decision. you and your doctor feel dialysis or transplant will not improve your health. for some people who have many health problems and are age 75 or older, studies show that treatment with dialysis may not help. you feel youve accomplished what you wanted in life. family and friends support your decision. choosing the right treatment not all treatments are right for all people. talk to your doctor and other health professionals -- including nurses, dietitians, and diabetes educators -- to figure out the best treatment plan for you. the right choice for you depends upon your medical condition, lifestyle, and personal likes and dislikes. each treatment option may have a different effect on - how long you live - your overall health - what and how much you can do - how well you can get around - how you feel emotionally - how well you can think, learn, and remember - your sex life. how long you live your overall health what and how much you can do how well you can get around how you feel emotionally how well you can think, learn, and remember your sex life."
what causes kidney disease ?,"kidney disease is most often caused by diabetes or high blood pressure. each kidney contains about one million tiny filters made up of blood vessels. these filters are called glomeruli. diabetes and high blood pressure damage these blood vessels, so the kidneys are not able to filter the blood as well as they used to. usually this damage happens slowly, over many years. as more and more filters are damaged, the kidneys eventually stop working."
what is (are) leukemia ?,"leukemia is cancer of the white blood cells. white blood cells help your body fight infection. your blood cells form in your bone marrow. in leukemia, the bone marrow produces abnormal white blood cells. these cells crowd out the healthy blood cells, making it hard for blood to do its work. there are different types of leukemia, including - acute lymphocytic leukemia - acute myeloid leukemia - chronic lymphocytic leukemia - chronic myeloid leukemia leukemia can develop quickly or slowly. chronic leukemia grows slowly. in acute leukemia, the cells are very abnormal and their number increases rapidly. adults can get either type; children with leukemia most often have an acute type. some leukemias can often be cured. other types are hard to cure, but you can often control them. treatments may include chemotherapy, radiation and stem cell transplantation. even if symptoms disappear, you might need therapy to prevent a relapse. nih: national cancer institute"
what are the symptoms of leukemia ?,"common symptoms of leukemia may include - fevers - frequent infections - feeling weak or tired - headache - bleeding and bruising easily - pain in the bones or joints - swelling or discomfort in the abdomen (from an enlarged spleen) - swollen lymph nodes, especially in the neck or armpit - weight loss. fevers frequent infections feeling weak or tired headache bleeding and bruising easily pain in the bones or joints swelling or discomfort in the abdomen (from an enlarged spleen) swollen lymph nodes, especially in the neck or armpit weight loss. symptoms of acute leukemia may include vomiting, confusion, loss of muscle control, and seizures."
what is (are) leukemia ?,"leukemia is a cancer of the blood cells. it usually begins in the bone marrow where blood cells are formed. in leukemia, the bone marrow produces abnormal white blood cells. over time, as the number of abnormal white blood cells builds up in the blood, they crowd out healthy blood cells. this makes it difficult for the blood to carry out its normal functions."
what is (are) leukemia ?,"leukemia is a cancer of the blood cells. it is the most common type of blood cancer and affects 10 times as many adults as children. most people diagnosed with leukemia are over 50 years old. leukemia starts in bone marrow leukemia usually begins in the bone marrow, the soft material in the center of most bones where blood cells are formed. the bone marrow makes three types of blood cells, and each type has a special function. - white blood cells fight infection and disease. - red blood cells carry oxygen throughout the body. - platelets help control bleeding by forming blood clots. white blood cells fight infection and disease. red blood cells carry oxygen throughout the body. platelets help control bleeding by forming blood clots. in people with leukemia, the bone marrow produces abnormal white blood cells, called leukemia cells. at first, leukemia cells function almost normally. but over time, as more leukemia cells are produced, they may crowd out the healthy white blood cells, red blood cells, and platelets. this makes it difficult for the blood to carry out its normal functions. there are four common types of adult leukemia. two are chronic, meaning they get worse over a longer period of time. the other two are acute, meaning they get worse quickly. - chronic lymphocytic leukemia - chronic myeloid leukemia - acute myeloid leukemia - acute lymphocytic leukemia chronic lymphocytic leukemia chronic myeloid leukemia acute myeloid leukemia acute lymphocytic leukemia chronic and acute leukemia chronic lymphocytic leukemia, chronic myeloid leukemia, and acute myeloid leukemia are diagnosed more often in older adults. of these, chronic lymphocytic leukemia is the most common. acute lymphocytic leukemia is found more often in children. the symptoms for each type of leukemia differ but may include fevers, frequent infections, fatigue, swollen lymph nodes, weight loss, and bleeding and bruising easily. however, such symptoms are not sure signs of leukemia. an infection or another problem also could cause these symptoms. only a doctor can diagnose and treat the problem. (watch the video to learn how the rates of leukemia diagnosis vary by age. to enlarge the video, click the brackets in the lower right-hand corner. to reduce the video, press the escape (esc) button on your keyboard.) learn more about chronic lymphocytic leukemia. learn more about acute myeloid leukemia. other cancers that affect blood cells myeloma and lymphoma are other types of cancer that affect blood cells, but these cancer cells are rarely found in the blood stream. myeloma is the second most common form of blood cancer, and it affects plasma cells, a type of white blood cell that is found in the bone marrow. lymphoma accounts for about five percent of all the types of cancer in the united states. it starts in the lymphatic system, which is part of the body's immune system. both myeloma and lymphoma are more common among older adults and occur more often in men than women. learn more about myeloma. many treatments are available there are many methods available to treat acute and chronic leukemia, and there are many new treatments being developed that are rapidly changing how numerous types of leukemia are treated. the types of treatments depend on the specific disease and how best to treat it. some people receive a combination of treatments. acute leukemia usually needs to be treated right away. but there are many different kinds of acute leukemia. some respond well to treatment and can be cured in some cases, while others are more difficult to treat. treatment for chronic leukemia can often control the disease and its symptoms and there are new treatments being developed that may prolong survival. also, there are several treatments now available for chronic myeloid leukemia that can control the disease for a long time."
what are the treatments for leukemia ?,"treatment depends on a number of factors, including the type of leukemia, the patient's age and general health, where leukemia cells have collected in the body, and whether the leukemia has been treated before. certain features of the leukemia cells and the patient's symptoms also may determine treatment options."
what are the treatments for leukemia ?,"unlike other types of cancer, leukemia isn't a tumor that your doctor can surgically remove. leukemia cells are produced in the bone marrow and travel throughout the body. the goal of treatment the goal of treatment for leukemia is to destroy the leukemia cells and allow normal cells to form in the bone marrow. depending on the type and extent of the disease, patients may have chemotherapy, biological therapy, radiation therapy, or stem cell transplantation. some patients receive a combination of treatments. treatment depends on a number of factors, including the type of leukemia, the patient's age and general health, whether leukemia cells are present in the fluid around the brain or spinal cord, and whether the leukemia has been treated before. it also may depend on certain features of the leukemia cells and the patient's symptoms. acute leukemia or chronic leukemia? if a person has acute leukemia, they will need treatment right away. the purpose of treatment is to stop the rapid growth of leukemia cells and to bring about remission, meaning the cancer is under control. in many cases, a person will continue treatment after signs and symptoms disappear to prevent the disease from coming back. some people with acute leukemia can be cured. learn more about treatments for acute myeloid leukemia. learn more about treatments for chronic lymphocytic leukemia. chronic leukemia may not need to be treated until symptoms appear. treatment can often control the disease and its symptoms. types of treatments some, but not all, forms of treatment for leukemia include - chemotherapy - biological therapy - radiation therapy. chemotherapy biological therapy radiation therapy. chemotherapy chemotherapy uses drugs to kill cancer cells. this a common treatment for some types of leukemia. chemotherapy may be taken by mouth in pill form, by injection directly into a vein, or through a catheter. if leukemia cells are found in the fluid around the brain or spinal cord, the doctor may inject drugs directly into the fluid to ensure that the drugs reach the leukemia cells in the brain. biological therapy biological therapy uses special substances that improve the body's natural defenses against cancer. some patients with chronic lymphocytic leukemia receive monoclonal antibodies, which are man-made proteins that can identify leukemia cells. monoclonal antibodies bind to the cells and assist the body in killing them. although monoclonal antibodies are being used to treat leukemia, researchers are studying more innovative ways to use them in treatment. some antibodies are used alone to try to prompt the immune system to attack leukemia cells. other antibodies are attached to substances that can deliver poison to cancer cells. these modified antibodies, called immunotoxins, deliver the toxins directly to the cancer cells. lately, precision medicine trials have shown evidence that single targeted therapies taken in pill form can prolong survival. radiation therapy radiation therapy uses high-energy x-rays to destroy cancer cells. a machine outside the body directs high-energy beams at the spleen, the brain, or other parts of the body where leukemia cells have collected. radiation therapy is used primarily to control disease in bones that are at risk of fracture or at sites that are causing pain."
what research (or clinical trials) is being done for leukemia ?,"clinical trials are research studies in which new treatments -- drugs, diagnostics, procedures, vaccines, and other therapies -- are tested in people to see if they are safe, effective, and better than the current standard of care. clinical trials often compare a new treatment with a standard treatment to determine which one gives better results. people with leukemia who are interested in taking part in a clinical trial should contact their doctor or go to trials.gov and search ""leukemia."""
what is (are) leukemia ?,"myeloma and lymphoma are other types of blood cancers. both are common among older adults and occur more often in men than women. myeloma affects plasma cells, a type of white blood cells typically found in the bone marrow. lymphoma starts in the lymphatic system, which is part of the body's immune system. learn more about myeloma."
what are the symptoms of leukemia ?,"during the early stages of leukemia, there may be no symptoms. many of the symptoms of leukemia don't become apparent until a large number of normal blood cells are crowded out by leukemia cells. symptoms of chronic and acute leukemia in chronic leukemia, symptoms develop gradually and, in the beginning, are generally not as severe as in acute leukemia. chronic leukemia is usually found during a routine doctor's exam before symptoms are present. when symptoms appear, they generally are mild at first and gradually get worse, but sometimes they don't worsen until many years after an initial diagnosis. recently, researchers discovered that abnormal white blood cells can be present in the blood of chronic lymphocytic leukemia patients a number of years before a diagnosis. this finding may lead to a better understanding of the cellular changes that occur in the earliest stages of the disease and how the disease progresses. in acute leukemia, symptoms usually appear and get worse quickly. people with this disease usually go to their doctor because they feel sick. white blood cell levels may be high people with leukemia may have very high levels of white blood cells, but because the cells are abnormal, they are unable to fight infection. therefore, patients may develop frequent fevers or infections. a shortage of red blood cells, called anemia, can cause a person to feel tired. not having enough blood platelets may cause a person to bleed and bruise easily. some symptoms depend on where leukemia cells collect in the body. leukemia cells can collect in many different tissues and organs, such as the digestive tract, kidneys, lungs, lymph nodes, or other parts of the body, including the eyes, brain, and testicles. other common symptoms other common symptoms of leukemia include headache, weight loss, pain in the bones or joints, swelling or discomfort in the abdomen (from an enlarged spleen), and swollen lymph nodes, especially in the neck or armpit. symptoms of acute leukemia may include vomiting, confusion, loss of muscle control, and seizures. some of the symptoms of leukemia are similar to those caused by the flu or other common diseases, so these symptoms are not sure signs of leukemia. it is important to check with your doctor if you have these symptoms. only a doctor can diagnose and treat leukemia. diagnosing leukemia: physical exam, blood tests, biopsy to find the cause of leukemia symptoms, the doctor will ask about medical history and conduct a physical exam. during the exam, the doctor will check for signs of disease such as lumps, swelling in the lymph nodes, spleen, and liver, or anything else that seems unusual. the doctor will need to do blood tests that check the levels and types of blood cells and look for changes in the shape of blood cells. the doctor also may look at certain factors in the blood to see if leukemia has affected other organs such as the liver or kidneys. even if blood tests suggest leukemia, the doctor may look for signs of leukemia in the bone marrow by doing a biopsy before making a diagnosis. a biopsy is a procedure where a small amount of bone marrow is removed from a bone. a pathologist examines the sample under a microscope to look for abnormal cells. there are two ways the doctor can obtain bone marrow. in a bone marrow aspiration, marrow is collected by inserting a needle into the hipbone or another large bone and removing a small amount of bone marrow. a bone marrow biopsy is performed with a larger needle and removes bone marrow and a small piece of bone. if leukemia cells are found if leukemia cells are found in the bone marrow sample, the doctor may perform more tests to determine if the disease has spread to other parts of the body. the doctor may collect a sample of the fluid around the brain and spinal cord by performing a spinal tap and checking for leukemia cells or other signs of problems. computed tomography (ct) scans, and ultrasounds are tests used to determine if leukemia has spread from the bone marrow. these tests produce pictures of the inside of the body. with these tests, the doctor looks for abnormalities such as enlarged organs or signs of infection."
what are the treatments for leukemia ?,"there are many treatment options for people with leukemia. the choice of treatment depends on your age and general health, the type of leukemia you have, whether or not it has spread outside the bone marrow, and other factors. if tests show that you have leukemia, you should talk with your doctor and make treatment decisions as soon as possible, although many patients with chronic lymphocytic leukemia do not require treatment for many years. working with a team of specialists a team of specialists often treats people with leukemia. the team will keep the primary doctor informed about the patient's progress. the team may include a hematologist who is a specialist in blood and blood-forming tissues, a medical oncologist who is a specialist in cancer treatment, and a radiation oncologist who is a specialist in radiation therapy. before starting treatment, you may want another doctor to review the diagnosis and treatment plan. some insurance companies require a second opinion. others may pay for a second opinion if you or your doctor requests it. clinical trials for leukemia some leukemia patients take part in studies of new treatments. these studies, called clinical trials, are designed to find out whether a new treatment is safe and effective and better than current treatments. talk to your doctor if you are interested in taking part in a clinical trial. the u.s. national institutes of health, through its national library of medicine and other institutes, maintains a database of clinical trials at clinicaltrials.gov. click here to search for current clinical trials on leukemia."
what is (are) leukemia ?,"chemotherapy is a cancer treatment that uses drugs to kill cancer cells. this is the most common treatment for most types of leukemia. chemotherapy may be taken by mouth in pill form, by injection directly into a vein, or through a catheter. if leukemia cells are found in the fluid around the brain or spinal cord, the doctor may inject drugs directly into the fluid to ensure that the drugs reach the leukemia cells in the brain."
who is at risk for leukemia? ?,"for the most part, no one knows why some people develop leukemia and others do not. most people who have known risk factors do not get leukemia, while many who get the disease do not have any risk factors. studies have identified the following risk factors for leukemia. - older age - male - white - working with certain chemicals - smoking - exposure to very high levels of radiation - certain health conditions - past treatment with chemotherapy or radiation therapy. older age male white working with certain chemicals smoking exposure to very high levels of radiation certain health conditions past treatment with chemotherapy or radiation therapy."
what is (are) leukemia ?,"biological therapy is a treatment that uses a person's own immune system to fight leukemia. this therapy uses special substances to stimulate the immune system's ability to fight cancer. some patients with chronic lymphocytic leukemia receive monoclonal antibodies, which are man-made proteins that can identify leukemia cells and help the body kill them."
what are the treatments for lung cancer ?,"researchers continue to look at new ways to combine, schedule, and sequence the use of chemotherapy, surgery, and radiation to treat lung cancer. targeted therapy, using drugs that go directly to a gene mutation and repair or block the mutation from causing cancer, are the current gold standard for treating some types of lung cancer. get more information on current lung cancer research."
who is at risk for lung cancer? ?,"risk factors that increase your chance of getting lung cancer include - cigarette, cigar, and pipe smoking, which account for well over half of all cases of lung cancer - secondhand smoke - family history - hiv infection - environmental risk factors - beta carotene supplements in heavy smokers. cigarette, cigar, and pipe smoking, which account for well over half of all cases of lung cancer secondhand smoke family history hiv infection environmental risk factors beta carotene supplements in heavy smokers."
what is (are) lung cancer ?,"the body is made up of many types of cells. normally, cells grow, divide, and produce more cells as needed to keep the body healthy and functioning properly. sometimes, however, the process goes wrong -- cells become abnormal and form more cells in an uncontrolled way. these extra cells form a mass of tissue, called a growth or tumor. tumors can be benign, meaning not cancerous, or malignant, meaning cancerous."
what is (are) lung cancer ?,"a person who has had lung cancer once is more likely to develop a second lung cancer compared to a person who has never had lung cancer. second cancers arise in a different site than the original cancer. if the original cancer returns after treatment, it is considered recurrent, not a second cancer. quitting smoking after lung cancer is diagnosed may prevent the development of a second lung cancer."
what are the symptoms of lung cancer ?,"common signs and symptoms when lung cancer first develops, there may be no symptoms at all. but if the cancer grows, it can cause changes that people should watch for. common signs and symptoms of lung cancer include: - a cough that doesn't go away and gets worse over time - constant chest pain - coughing up blood - shortness of breath, wheezing, or hoarseness - repeated problems with pneumonia or bronchitis - swelling of the neck and face - loss of appetite or weight loss - fatigue. a cough that doesn't go away and gets worse over time constant chest pain coughing up blood shortness of breath, wheezing, or hoarseness repeated problems with pneumonia or bronchitis swelling of the neck and face loss of appetite or weight loss fatigue. these symptoms may be caused by lung cancer or by other conditions. it is important to check with a doctor if you have symptoms because only a doctor can make a diagnosis. don't wait to feel pain. early cancer usually doesn't cause pain. tests for lung cancer to better understand a persons chance of developing lung cancer, a doctor first evaluates a person's medical history, smoking history, their exposure to environmental and occupational substances, and family history of cancer. the doctor also performs a physical exam and may order a test to take an image of the chest or other tests. seeing a spot on an image is usually how a doctor first suspects that lung cancer may be present. if lung cancer is suspected, the doctor may order a test called sputum cytology. this is a simple test where, under a microscope, a doctor examines a sample of mucous cells coughed up from the lungs under a microscope to see if cancer is present. biopsies to detect lung cancer but to confirm the presence of lung cancer, the doctor must examine fluid or tissue from the lung. this is done through a biopsy -- the removal of a small sample of fluid or tissue for examination under a microscope by a pathologist. a biopsy can show whether a person has cancer. a number of procedures may be used to obtain this tissue. - bronchoscopy -- the doctor puts a bronchoscope -- a thin, lighted tube -- into the mouth or nose and down through the windpipe to look into the breathing passages. through this tube, the doctor can collect cells or small samples of tissue. - needle aspiration -- the doctor numbs the chest area and inserts a thin needle into the tumor to remove a sample of tissue. - thoracentesis - using a needle, the doctor removes a sample of the fluid that surrounds the lungs to check for cancer cells. - thorascopy or thoracotomy -- surgery to open the chest is sometimes needed to diagnose lung cancer. this procedure is a major operation performed in a hospital. bronchoscopy -- the doctor puts a bronchoscope -- a thin, lighted tube -- into the mouth or nose and down through the windpipe to look into the breathing passages. through this tube, the doctor can collect cells or small samples of tissue. needle aspiration -- the doctor numbs the chest area and inserts a thin needle into the tumor to remove a sample of tissue. thoracentesis - using a needle, the doctor removes a sample of the fluid that surrounds the lungs to check for cancer cells. thorascopy or thoracotomy -- surgery to open the chest is sometimes needed to diagnose lung cancer. this procedure is a major operation performed in a hospital. other tests doctors use imaging methods such as a spiral ct scan (also commonly known as helical ct) to look for signs of cancer. a ct scan, also known as computerized tomography scan, is a series of detailed pictures of areas inside the body. other tests can include removal of lymph nodes for examination under a microscope to check for cancer cells. lymph nodes are small, bean-shaped structures found throughout the body. they filter substances in a fluid called lymph and help fight infection and disease."
what are the treatments for lung cancer ?,"there are many treatment options for lung cancer, mainly based on the extent of the disease. the choice of treatment depends on your age and general health, the stage of the cancer, whether or not it has spread beyond the lung, and other factors. if tests show that you have cancer, you should talk with your doctor and make treatment decisions as soon as possible. studies show that early treatment leads to better outcomes. working with a team of specialists a team of specialists often treats people with cancer. the team will keep the primary doctor informed about the patient's progress. the team may include a medical oncologist who is a specialist in cancer treatment, a surgeon, a radiation oncologist who is a specialist in radiation therapy, a thoracic surgeon who is a specialist in operating on organs in the chest, including the lungs, and others. before starting treatment, you may want another doctor to review the diagnosis and treatment plan. some insurance companies require a second opinion. others may pay for a second opinion if you request it. clinical trials for lung cancer some lung cancer patients take part in studies of new treatments. these studies, called clinical trials, are designed to find out whether a new treatment is safe and effective. often, clinical trials compare a new treatment with a standard one so that doctors can learn which is more effective. people with lung cancer who are interested in taking part in a clinical trial should talk with their doctor. the u.s. national institutes of health, through its national library of medicine and other institutes, maintains a database of clinical trials at clinicaltrials.gov. click here to see a list of the current clinical trials on lung cancer. a separate window will open. click the ""x"" in the upper right hand corner of the ""clinical trials"" window to return here."
what are the symptoms of lung cancer ?,"the possible signs of lung cancer are: - a cough that doesn't go away and gets worse over time - constant chest pain - coughing up blood - shortness of breath, wheezing, or hoarseness - repeated problems with pneumonia or bronchitis - swelling of the neck and face - loss of appetite or weight loss - fatigue. a cough that doesn't go away and gets worse over time constant chest pain coughing up blood shortness of breath, wheezing, or hoarseness repeated problems with pneumonia or bronchitis swelling of the neck and face loss of appetite or weight loss fatigue."
what is (are) lung cancer ?,"key points - lung cancer is a disease in which malignant (cancer) cells form in the tissues of the lung. - lung cancer is the leading cause of cancer death in both men and women. lung cancer is a disease in which malignant (cancer) cells form in the tissues of the lung. the lungs are a pair of cone-shaped breathing organs in the chest. the lungs bring oxygen into the body as you breathe in. they release carbon dioxide, a waste product of the body's cells, as you breathe out. each lung has sections called lobes. the left lung has two lobes. the right lung is slightly larger, and has three lobes. a thin membrane called the pleura surrounds the lungs. two tubes called bronchi lead from the trachea (windpipe) to the right and left lungs. the bronchi are sometimes also involved in lung cancer. tiny air sacs called alveoli and small tubes called bronchioles make up the inside of the lungs. there are two types of lung cancer: small cell lung cancer and non-small cell lung cancer. see the following pdq summaries for more information about lung cancer: - lung cancer screening - non-small cell lung cancer treatment - small cell lung cancer treatment lung cancer is the leading cause of cancer death in both men and women. more people die from lung cancer than from any other type of cancer. lung cancer is the second most common cancer in the united states, after skin cancer. the number of new cases and deaths from lung cancer is highest in black men."
what are the treatments for lung cancer ?,"small cell lung cancer spreads quickly. in many cases, cancer cells have already spread to other parts of the body when the disease is diagnosed, so chemotherapy is usually the best choice. see more on treatments for small cell lung cancer."
what is (are) lung cancer ?,"lung cancer occurs when malignant tumors form in the tissue of the lung. the lungs are a pair of sponge-like organs. the right lung has three sections, called lobes, and is larger than the left lung, which has two lobes."
what causes lung cancer ?,"cigarette smoking is the number one cause of lung cancer. scientists have reported widely on the link between cancer and smoking since the 1960s. since then, study after study has provided more proof that cigarette smoking is the primary cause of lung cancer. before cigarette smoking became popular after world war i, doctors rarely, if ever, saw patients with lung cancer. but today, lung cancer is the leading cause of death by cancer. over 85 percent of people with lung cancer developed it because they smoked cigarettes. using tobacco products has been shown to cause many types of cancer. in fact, smoking tobacco, using smokeless tobacco, and being exposed regularly to second-hand tobacco smoke are responsible for a large number of cancer deaths in the u.s. each year."
what research (or clinical trials) is being done for lung cancer ?,"researchers continue to look at new ways to combine, schedule, and sequence the use of chemotherapy, surgery, and radiation to treat lung cancer. today, some of the most promising treatment approaches incorporate precision medicine. this approach first looks to see what genes may be mutated that are causing the cancer, and once these genes are identified, specific drugs may be available that target the mutations and treat the cancer directly without the harsh side-effects often found with conventional chemotherapy. researchers are also constantly trying to come up with new ways to find and diagnose lung cancer in order to catch it and treat it in its earliest stages. the national lung screening trial, or nlst, showed conclusively that spiral ct reduced the risk of dying by 20 percent compared to those who received a chest x-ray among heavy smokers get more information on current lung cancer research."
who is at risk for lung cancer? ?,"if you smoke cigarettes, you are at much higher risk for lung cancer than a person who has never smoked. the risk of dying from lung cancer is 23 times higher for men who smoke and 13 times higher for women who smoke than for people who have never smoked. stopping smoking greatly reduces your risk for developing lung cancer. but after you stop, the risk goes down slowly. ten years after the last cigarette, the risk of dying from lung cancer drops by 50 percent. each u.s. state and territory has a free quitline to provide you with information and resources to help you quit smoking. to reach the quitline in your area, dial toll-free, 1-800-quit-now. (watch the video to learn about the effect smoking can have on an older adult's health. to enlarge the video, click the brackets in the lower right-hand corner. to reduce the video, press the escape (esc) button on your keyboard.)"
what is (are) medicare and continuing care ?,"here are questions to ask when considering a home health agency. - is the agency medicare-approved? - how long has the agency served the community? - does this agency provide the services my relative or friend needs? - how are emergencies handled? - is the staff on duty around the clock? - how much do services and supplies cost? - will agency staff be in regular contact with the doctor? is the agency medicare-approved? how long has the agency served the community? does this agency provide the services my relative or friend needs? how are emergencies handled? is the staff on duty around the clock? how much do services and supplies cost? will agency staff be in regular contact with the doctor? you can use medicare's ""home health compare"" tool to compare home health agencies in your area. visit under ""search tools,"" select ""compare home health agencies in your area."""
what to do for medicare and continuing care ?,"nursing home care can be very expensive. medicare generally doesn't cover nursing home care. there are many ways people can pay for nursing home care. for example, they can use their own money, they may be able to get help from their state, or they may use long-term care insurance. nursing home care isn't covered by many types of health insurance. most people who enter nursing homes begin by paying for their care out of their own pocket. as they use up their resources over a period of time, they may eventually become eligible for medicaid. medicaid is a state and federal program that will pay most nursing home costs for people with limited income and resources. eligibility varies by state. medicaid pays for care for about 7 out of every 10 nursing home residents. medicaid will pay for nursing home care only when provided in a medicaid-certified facility. for information about medicaid eligibility, call your state medical assistance (medicaid) office. if you have questions about medicaid, you can call your state medical assistance (medicaid) office for more information. visit on the web. (under ""search tools,"" select ""find helpful phone numbers and websites."") or, call 1-800-medicare (1-800-633-4227) to get the telephone number. tty users should call 1-877-486-2048."
what is (are) medicare and continuing care ?,"medicare is a federal health insurance program for people - age 65 and older - under age 65 with certain disabilities who have been receiving social security disability benefits for a certain amount of time (24 months in most cases) - of any age who have end-stage renal disease (esrd), which is permanent kidney failure requiring dialysis or a transplant. age 65 and older under age 65 with certain disabilities who have been receiving social security disability benefits for a certain amount of time (24 months in most cases) of any age who have end-stage renal disease (esrd), which is permanent kidney failure requiring dialysis or a transplant. medicare helps with the cost of health care, but it does not cover all medical expenses."
what is (are) medicare and continuing care ?,"hospice care is a special way of caring for people who are terminally ill (dying) and helping their families cope. hospice care includes treatment to relieve symptoms and keep the individual comfortable. the goal is to provide end-of-life care, not to cure the illness. medical care, nursing care, social services, drugs for the terminal and related conditions, durable medical equipment, and other types of items and services can be a part of hospice care."
what is (are) medicare and continuing care ?,"original medicare is managed by the federal government and lets people with medicare go to any doctor, hospital or other health care provider who accepts medicare. it is a fee-for-service plan, meaning that the person with medicare usually pays a fee for each service. medicare pays its share of an approved amount up to certain limits, and the person with medicare pays the rest. people in original medicare must choose and join a medicare prescription drug plan if they want to get medicare prescription drug coverage. for more information about original medicare, visit for a free copy of ""your medicare benefits."" (under ""search tools,"" select ""find a medicare publication."")"
what is (are) medicare and continuing care ?,"home health care is short-term skilled care at home after hospitalization or for the treatment of an illness or injury. home health agencies provide home care services, including skilled nursing care, physical therapy, occupational therapy, speech therapy, medical social work, and care by home health aides. home health services may also include durable medical equipment, such as wheelchairs, hospital beds, oxygen, and walkers, and medical supplies for use at home."
what is (are) medicare and continuing care ?,"medicare part b is medical insurance. it helps cover medical services such as doctor's services, outpatient care and other medical services that part a doesn't cover. part b also covers some preventive services, such as flu shots and diabetes screening, to help you maintain your health and to keep certain illnesses from getting worse. enrollment in part b is optional, and most people who choose it must pay a monthly fee, or premium. there may be a late enrollment penalty for part b if the person doesn't join when he or she is first eligible. for important information about part b, visit to view or print copies of ""your medicare benefits"" or ""medicare & you."" (under ""search tools,"" select ""find a medicare publication."") you can also contact your state health insurance assistance program (ship) which gives free health insurance counseling and guidance to people with medicare -- or to family and friends who have authorization to help someone with medicare questions. to get the most up-to-date telephone numbers, call 1-800-medicare (1-800-633-4227) or visit (tty users should call 1-877-486-2048.) under ""search tools,"" select ""find helpful phone numbers and websites."" to sign up for medicare part b, call social security at 1-800-772-1213. tty users should call 1-800-325-0778. if you are getting benefits from the railroad retirement board, call your local rrb office or 1-800-808-0772."
what is (are) medicare and continuing care ?,"medicare part a is hospital insurance that helps cover inpatient care in hospitals. part a also helps cover skilled nursing facility care for a limited period of time, hospice care, and home health care, if you meet certain conditions. most people don't have to pay a monthly premium for medicare part a when they turn age 65 because they or a spouse paid medicare taxes while they were working. if a person is hospitalized, medicare helps pay for the following services. - care - general nursing - room - semiprivate room - hospital services - meals, most services and supplies care - general nursing room - semiprivate room hospital services - meals, most services and supplies if a person is hospitalized, medicare does not pay for the following services. - care - private-duty nursing - room - private room (unless medically necessary) - hospital services - television and telephone care - private-duty nursing room - private room (unless medically necessary) hospital services - television and telephone for important information about medicare part a, visit to view or print copies of ""your medicare benefits"" or ""medicare & you."" (under ""search tools,"" select ""find a medicare publication."")"
what is (are) medicare and continuing care ?,"the general number for medicare is 1-800-medicare (1-800-633-4227). tty users should call 1-877-486-2048. you can also visit the ""medicare & you"" handbook is mailed out to all medicare enrollees in the fall. it includes detailed information about all aspects of medicare. on the following pages you will find phone numbers, web addresses, and names of publications that provide detailed information about various aspects of medicare. if a person needs to sign up for medicare, call social security at 1-800-772-1213 or go to to find out more. your state health insurance assistance program, or ship, gives free health insurance counseling and guidance to people with medicare -- or to family and friends who have authorization to help someone with medicare questions. to get the most up-to-date ship telephone numbers, call 1-800-medicare (1-800-633-4227) or visit (tty users should call 1-877-486-2048.) under ""search tools,"" select ""find helpful phone numbers and websites."" for information about enrolling in medicare part a or part b, visit and view a copy of ""medicare & you."" (under ""search tools,"" select ""find a medicare publication."") or, you can contact your state health insurance assistance program. for information about medicare prescription drug coverage, visit to get a free copy of ""your guide to medicare prescription drug coverage."" (under ""search tools,"" select ""find a medicare publication."") if you have questions about medicaid, you can call your state medical assistance (medicaid) office for more information. visit on the web. (under ""search tools,"" select ""find helpful phone numbers and websites."") or, call 1-800-medicare (1-800-633-4227) to get the telephone number. tty users should call 1-877-486-2048. to find out about medigap policies, visit to view a copy of ""choosing a medigap policy: a guide to health insurance for people with medicare."" (under ""search tools,"" select ""find a medicare publication."") you can also call 1-800-medicare (1-800-633-4227). tty users should call 1-877-486-2048. to find out about pace (programs of all-inclusive care for the elderly), which provides coverage for low-income, frail, older adults who get health care in the community, call your state medical assistance (medicaid) office or visit pace to find out if a person is eligible and if there is a pace site nearby. several states have state pharmacy assistance programs (spaps) that help people who qualify pay for prescription drugs. to find out about the spaps in your state, call 1-800-medicare (1-800-633-4227). tty users should call 1-877-486-2048. for more information about the medicare summary notice, including a sample msn and information on how to read it, visit and select ""medicare billing."" or call 1-800-medicare (1-800-633-4227) and say ""billing."" tty users should call 1-877-486-2048. for information about appeals, visit to get a free copy of ""your medicare rights and protections."" (under ""search tools,"" select ""find a medicare publication."") you can also call 1-800-medicare (1-800-633-4227) to find out if a free copy can be mailed to you. tty users should call 1-877-486-2048. to find out if a patient is eligible for medicare's home health care services, call the regional home health intermediary (rhhi). an rhhi is a private company that contracts with medicare to pay bills and check on the quality of home health care. to contact an rhhi, or get local telephone numbers for your state hospice organization, call 1-800-medicare (1-800-633-4227) or visit tty users should 1-877-486-2048. to compare home health agencies in your area, you can use medicare's ""home health compare"" tool. go to and under ""search tools,"" select ""compare home health agencies in your area."" for more information on medicare coverage of skilled nursing facility care, visit to look at or print a copy of the booklet ""medicare coverage of skilled nursing facility care."" (under ""search tools,"" select ""find a medicare publication."")"
what is (are) medicare and continuing care ?,"medicare part d helps pay for medications that a doctor may prescribe. this coverage may help lower prescription drug costs. medicare drug plans are run by insurance companies and other private companies approved by medicare. a person who joins original medicare and who wants prescription drug coverage will need to choose and sign up for a medicare prescription drug plan (pdp). a person who joins one of the medicare advantage plans will automatically receive prescription drug coverage through that plan if it's offered, usually for an extra cost. for more information about medicare part d, visit to get free copies of ""your guide to medicare prescription drug coverage"" and ""compare medicare prescription drug plans."" (under ""search tools,"" select ""find a medicare publication."") you may also call 1-800-medicare (1-800-633-4227). tty users should call 1-877-486-2048."
what is (are) medicare and continuing care ?,"some people think that medicare and medicaid are the same. actually, they are two different programs. medicaid is a state-run program that provides hospital and medical coverage for people with low income and little or no resources. each state has its own rules about who is eligible and what is covered under medicaid. some people qualify for both medicare and medicaid. if you have questions about medicaid, you can call your state medical assistance (medicaid) office for more information. visit on the web. (under ""search tools,"" select ""find helpful phone numbers and websites."") or, call 1-800-medicare (1-800-633-4227) to get the telephone number. tty users should call 1-877-486-2048."
what is (are) medicare and continuing care ?,"here are some questions to ask when considering choosing a nursing home. you may want to make surprise visits at different times of the day to verify conditions. - is the nursing home medicare- or medicaid-certified? - does the nursing home have the level of care needed (such as skilled or custodial care) and is a bed available? - does the nursing home have special services if needed in a separate unit (such as a ventilator or rehabilitation) and is a bed available? - are residents clean, well groomed, and appropriately dressed for the season or time of day? - is the nursing home free from strong, unpleasant odors? - does the nursing home appear to be clean and well kept? - does the nursing home conduct staff background checks? - does the nursing home staff interact warmly and respectfully with home residents? - does the nursing home meet cultural, religious, and language needs? - are the nursing home and the current administrator licensed? is the nursing home medicare- or medicaid-certified? does the nursing home have the level of care needed (such as skilled or custodial care) and is a bed available? does the nursing home have special services if needed in a separate unit (such as a ventilator or rehabilitation) and is a bed available? are residents clean, well groomed, and appropriately dressed for the season or time of day? is the nursing home free from strong, unpleasant odors? does the nursing home appear to be clean and well kept? does the nursing home conduct staff background checks? does the nursing home staff interact warmly and respectfully with home residents? does the nursing home meet cultural, religious, and language needs? are the nursing home and the current administrator licensed?"
what is (are) medicare and continuing care ?,"medicare does cover skilled nursing care after a 3-day qualifying hospital stay. skilled care is health care given when the person needs skilled nursing or rehabilitation staff to manage, observe, and evaluate his or her care. care that can be given by non-professional staff isn't considered skilled care. medicare does not cover custodial care or adult day care. for more information on medicare coverage of skilled nursing facility care, visit to look at or print a copy of the booklet ""medicare coverage of skilled nursing facility care."" (under ""search tools,"" select ""find a medicare publication."") you can also call 1-800-medicare (1-800-633-4227) to find out if a free copy can be mailed to you. tty users should call 1-877-486-2048."
what causes narcolepsy ?,"most people who have narcolepsy have low levels of hypocretin. this is a chemical in the brain that helps promote wakefulness. what causes low hypocretin levels isn't well understood. researchers think that certain factors may work together to cause a lack of hypocretin. these factors may include: heredity. some people may inherit a gene that affects hypocretin. up to 10 percent of people who have narcolepsy report having a relative who has the same symptoms. infections. brain injuries caused by conditions such as brain tumors, strokes, or trauma (for example, car accidents or military-related wounds). autoimmune disorders. with these disorders, the body's immune system mistakenly attacks the body's cells and tissues. an example of an autoimmune disorder is rheumatoid arthritis. low levels of histamine, a substance in the blood that promotes wakefulness. some research suggests that environmental toxins may play a role in triggering narcolepsy. toxins may include heavy metals, pesticides and weed killers, and secondhand smoke. heredity alone doesn't cause narcolepsy. you also must have at least one other factor, such as one of those listed above, to develop narcolepsy."
what are the symptoms of narcolepsy ?,"the four major signs and symptoms of narcolepsy are extreme daytime sleepiness, cataplexy (muscle weakness) while awake, and hallucinations and sleep paralysis during sleep. if you have narcolepsy, you may have one or more of these symptoms. they can range from mild to severe. less than one-third of people who have narcolepsy have all four symptoms. extreme daytime sleepiness all people who have narcolepsy have extreme daytime sleepiness. this often is the most obvious symptom of the disorder. during the day, you may have few or many periods of sleepiness. each period usually lasts 30minutes or less. strong emotionssuch as anger, fear, laughter, or excitementcan trigger this sleepiness. people who have daytime sleepiness often complain of: mental cloudiness or ""fog"" memory problems or problems focusing lack of energy or extreme exhaustion depression some people who have narcolepsy have episodes in which they fall asleep suddenly. this is more likely to happen when they're not activefor example, while reading, watching tv, or sitting in a meeting. however, sleep episodes also may occur in the middle of talking, eating, or another activity. cataplexy also may occur at the same time. cataplexy this condition causes loss of muscle tone while you're awake. muscle weakness affects part or all of your body. cataplexy may make your head nod or make it hard for you to speak. muscle weakness also may make your knees weak or cause you to drop things you're holding. some people lose all muscle control and fall. strong emotionssuch as anger, surprise, fear, or laughteroften trigger cataplexy. it usually lasts a few seconds or minutes. during this time, you're usually awake. cataplexy may occur weeks to years after you first start to have extreme daytime sleepiness. hallucinations if you have narcolepsy, you may have vivid dreams while falling asleep, waking up, or dozing. these dreams can feel very real. you may feel like you can see, hear, smell, and taste things. sleep paralysis this condition prevents you from moving or speaking while falling asleep or waking up. however, you're fully conscious (aware) during this time. sleep paralysis usually lasts just a few seconds or minutes, but it can be scary. other symptoms most people who have narcolepsy don't sleep well at night. they may have trouble falling and staying asleep. vivid, scary dreams may disturb sleep. not sleeping well at night worsens daytime sleepiness. rarely, people who fall asleep in the middle of an activity, such as eating, may continue that activity for a few seconds or minutes. this is called automatic behavior. during automatic behavior, you're not aware of your actions, so you don't do them well. for example, if you're writing before falling asleep, you may scribble rather than form words. if you're driving, you may get lost or have an accident. most people who have this symptom don't remember what happened while it was going on. children who have narcolepsy often have trouble studying, focusing, and remembering things. also, they may seem hyperactive. some children who have narcolepsy speed up their activities rather than slow them down. children who have narcolepsy may have severe sleepiness. they may fall asleep while talking or eating, or during sporting events and social activities."
what is (are) narcolepsy ?,"narcolepsy is a chronic brain disorder that involves poor control of sleep-wake cycles. people with narcolepsy have episodes of extreme daytime sleepiness and sudden, irresistible bouts of sleep (called ""sleep attacks"") that can occur at any time, and may last from seconds or minutes. other signs and symptoms may include cataplexy (a sudden loss of muscle tone that makes a person go limp or unable to move); vivid dream-like images or hallucinations; and/or total paralysis just before falling asleep or after waking-up. narcolepsy may have several causes, the most common being low levels of the neurotransmitter hypocretin (for various possible reasons). the disorder is usually sporadic but some cases are familial. there is no cure, but some symptoms can be managed with medicines and lifestyle changes."
how to diagnose narcolepsy ?,"it can take as long as 10 to 15 years after the first symptoms appear before narcolepsy is recognized and diagnosed. this is because narcolepsy is fairly rare. also, many narcolepsy symptoms are like symptoms of other illnesses, such as infections, depression, and sleep disorders. narcolepsy sometimes is mistaken for learning problems, seizure disorders, or laziness, especially in school-aged children and teens. when narcolepsy symptoms are mild, the disorder is even harder to diagnose. your doctor will diagnose narcolepsy based on your signs and symptoms, your medical and family histories, a physical exam, and test results. signs and symptoms tell your doctor about any signs and symptoms of narcolepsy that you have. this is important because your doctor may not ask about them during a routine checkup. your doctor will want to know when you first had signs and symptoms and whether they bother your sleep or daily routine. he or she also will want to know about your sleep habits and how you feel and act during the day. to help answer these questions, you may want to keep a sleep diary for a few weeks. keep a daily record of how easy it is to fall and stay asleep, how much sleep you get at night, and how alert you feel during the day. for a sample sleep diary, go to the national heart, lung, and blood institute's ""your guide to healthy sleep."" medical and family histories your doctor may ask whether: you're affected by certain factors that can lead to narcolepsy. examples of these factors include infections, brain injuries, and autoimmune disorders. some research suggests that environmental toxins may play a role in triggering narcolepsy. you take medicines and which ones you take. some medicines can cause daytime sleepiness. thus, your symptoms may be due to medicine, not narcolepsy. you have symptoms of other sleep disorders that cause daytime sleepiness. you have relatives who have narcolepsy or who have signs or symptoms of the disorder. physical exam your doctor will check you to see whether another condition is causing your symptoms. for example, infections, certain thyroid diseases, drug and alcohol use, and other medical or sleep disorders may cause symptoms similar to those of narcolepsy. diagnostic tests sleep studies if your doctor thinks you have narcolepsy, he or she will likely suggest that you see a sleep specialist. this specialist may advise you to have sleep studies to find out more about your condition. sleep studies usually are done at a sleep center. doctors use the results from two tests to diagnose narcolepsy. these tests are a polysomnogram (psg) and a multiple sleep latency test (mslt). polysomnogram. you usually stay overnight at a sleep center for a psg. the test records brain activity, eye movements, heart rate, and blood pressure. a psg can help find out whether you: fall asleep quickly go into rapid eye movement (rem) sleep soon after falling asleep wake up often during the night multiple sleep latency test. this daytime sleep study measures how sleepy you are. it's often done the day after a psg. during the test, you're asked to nap for 20minutes every 2 hours throughout the day. (you will nap a total of four or five times.) a technician checks your brain activity during this time. he or she notes how quickly you fall asleep and how long it takes you to reach various stages of sleep. an mslt finds out how quickly you fall asleep during the day (after a full night's sleep). it also shows whether you go into rem sleep soon after falling asleep. other tests hypocretin test. this test measures the level of hypocretin in the fluid that surrounds your spinal cord. most people who have narcolepsy have low levels of hypocretin. hypocretin is a chemical that helps promote wakefulness. to get a sample of spinal cord fluid, a spinal tap (also called a lumbar puncture) is done. for this procedure, your doctor inserts a needle into your lower back area and then withdraws a sample of your spinal fluid."
what are the treatments for narcolepsy ?,"there is no cure for narcolepsy. in 1999, after successful clinical trial results, the u.s. food and drug administration (fda) approved a drug called modafinil for the treatment of eds. two classes of antidepressant drugs have proved effective in controlling cataplexy in many patients: tricyclics (including imipramine, desipramine, clomipramine, and protriptyline) and selective serotonin reuptake inhibitors (including fluoxetine and sertraline). drug therapy should be supplemented by behavioral strategies. for example, many people with narcolepsy take short, regularly scheduled naps at times when they tend to feel sleepiest. improving the quality of nighttime sleep can combat eds and help relieve persistent feelings of fatigue. among the most important common-sense measures people with narcolepsy can take to enhance sleep quality are actions such as maintaining a regular sleep schedule, and avoiding alcohol and caffeine-containing beverages before bedtime. the drug xyrem (sodium oxybate or gamma hydroxybutyrate, also known as ghb) was approved in july 2002 for treating cataplexy and in november 2005 for eds in people who have narcolepsy. due to safety concerns associated with the use of this drug, the distribution of xyrem is tightly restricted."
what is (are) narcolepsy ?,"narcolepsy (nar-ko-lep-se) is a disorder that causes periods of extreme daytime sleepiness. the disorder also may cause muscle weakness. most people who have narcolepsy have trouble sleeping at night. some people who have the disorder fall asleep suddenly, even if they're in the middle of talking, eating, or another activity. narcolepsy also can cause: cataplexy (kat-ah-plek-se). this condition causes a sudden loss of muscle tone while you're awake. muscle weakness can affect certain parts of your body or your whole body. for example, if cataplexy affects your hand, you may drop what you're holding. strong emotions often trigger this weakness. it may last seconds or minutes. hallucinations (ha-lu-sih-na-shuns). these vivid dreams occur while falling asleep or waking up. sleep paralysis (pah-ral-ih-sis). this condition prevents you from moving or speaking while waking up and sometimes while falling asleep. sleep paralysis usually goes away within a few minutes. overview the two main phases of sleep are nonrapid eye movement (nrem) and rapid eye movement (rem). most people are in the nrem phase when they first fall asleep. after about 90 minutes of sleep, most people go from nrem to rem sleep. dreaming occurs during the rem phase of sleep. during rem, your muscles normally become limp. this prevents you from acting out your dreams. (for more information about sleep cycles, go to the national heart, lung, and blood institute's ""your guide to healthy sleep."") people who have narcolepsy often fall into rem sleep quickly and wake up directly from it. as a result, they may have vivid dreams while falling asleep and waking up. hypocretin (hi-po-kreet-in), a chemical in the brain, helps promote wakefulness. most people who have narcolepsy have low levels of this chemical. what causes these low levels isn't well understood. researchers think that certain factors may work together to cause a lack of hypocretin. these factors may include heredity, infections, brain injuries, and autoimmune disorders. (autoimmune disorders occur if the body's immune system mistakenly attacks the body's cells and tissues.) outlook narcolepsy symptoms usually begin during the teen or young adult years. people who have narcolepsy may find it hard to function at school, work, home, and in social situations because of extreme tiredness. narcolepsy has no cure, but medicines, lifestyle changes, and other therapies can improve symptoms. research is ongoing on the causes of narcolepsy and new ways to treat it."
how to diagnose narcolepsy ?,"how is narcolepsy diagnosed? narcolepsy is often diagnosed in adolescence and young adulthood, when falling asleep suddenly in school brings the problem to attention. however, for many people with narcolepsy, the disorder is not diagnosed for up to 10-15 years after symptoms first begin. the disorder may be misdiagnosed as various other conditions or psychological problems. while it is most easily recognized if all the major symptoms are reported, making the diagnosis based solely on symptoms is difficult. people often seek medical help for single symptoms that could be associated with other disorders, particularly epilepsy. in come cases, symptoms are not dramatically apparent for years. sleep studies are an essential part of the evaluation of people with possible narcolepsy. the combination of an overnight polysomnogram (psg) followed by a multiple sleep latency test (mslt) can provide strongly suggestive evidence of narcolepsy, while excluding other sleep disorders. measurement of hypocretin levels in the cerebrospinal fluid (csf) may further help to establish the diagnosis. people with narcolepsy often have extremely low levels of hypocretin in their csf. in some cases, human leukocyte antigen (hla) typing may be helpful."
what are the symptoms of narcolepsy ?,"what are the signs and symptoms of narcolepsy? the human phenotype ontology provides the following list of signs and symptoms for narcolepsy. if the information is available, the table below includes how often the symptom is seen in people with this condition. you can use the medlineplus medical dictionary to look up the definitions for these medical terms. signs and symptoms approximate number of patients (when available) hallucinations 90% memory impairment 90% muscle weakness 90% reduced consciousness/confusion 90% sleep disturbance 90% abnormality of eye movement 50% neurological speech impairment 7.5% obesity 7.5% sudden cardiac death 7.5% abnormal rapid eye movement (rem) sleep - autosomal dominant inheritance - cataplexy - excessive daytime sleepiness - heterogeneous - hypnagogic hallucinations - hypnopompic hallucinations - narcolepsy - paroxysmal drowsiness - the human phenotype ontology (hpo) has collected information on how often a sign or symptom occurs in a condition. much of this information comes from orphanet, a european rare disease database. the frequency of a sign or symptom is usually listed as a rough estimate of the percentage of patients who have that feature. the frequency may also be listed as a fraction. the first number of the fraction is how many people had the symptom, and the second number is the total number of people who were examined in one study. for example, a frequency of 25/25 means that in a study of 25 people all patients were found to have that symptom. because these frequencies are based on a specific study, the fractions may be different if another group of patients are examined. sometimes, no information on frequency is available. in these cases, the sign or symptom may be rare or common."
what are the treatments for narcolepsy ?,"narcolepsy has no cure. however, medicines, lifestyle changes, and other therapies can relieve many of its symptoms. treatment for narcolepsy is based on the type of symptoms you have and how severe they are. not all medicines and lifestyle changes work for everyone. it may take weeks to months for you and your doctor to find the best treatment. medicines you may need one or more medicines to treat narcolepsy symptoms. these may include: stimulants to ease daytime sleepiness and raise your alertness. a medicine that helps make up for the low levels of hypocretin in your brain. (hypocretin is a chemical that helps promote wakefulness.) this medicine helps you stay awake during the day and sleep at night. it doesn't always completely relieve daytime sleepiness, so your doctor may tell you to take it with a stimulant. medicines that help you sleep at night. medicines used to treat depression. these medicines also help prevent cataplexy, hallucinations, and sleep paralysis. some prescription and over-the-counter medicines can interfere with your sleep. ask your doctor about these medicines and how to avoid them, if possible. for example, your doctor may advise you to avoid antihistamines. these medicines suppress the action of histamine, a substance in the blood that promotes wakefulness. if you take regular naps when you feel sleepy, you may need less medicine to stay awake. lifestyle changes lifestyle changes also may help relieve some narcolepsy symptoms. you can take steps to make it easier to fall asleep at night and stay asleep. follow a regular sleep schedule. go to bed and wake up at the same time every day. do something relaxing before bedtime, such as taking a warm bath. keep your bedroom or sleep area quiet, comfortable, dark, and free from distractions, such as a tv or computer. allow yourself about 20 minutes to fall asleep or fall back asleep after waking up. after that, get up and do something relaxing (like reading) until you get sleepy. certain activities, foods, and drinks before bedtime can keep you awake. try to follow these guidelines: exercise regularly, but not within 3 hours of bedtime. avoid tobacco, alcohol, chocolate, and drinks that contain caffeine for several hours before bedtime. avoid large meals and beverages just before bedtime. avoid bright lights before bedtime. for more tips on sleeping better, go to the national heart, lung, and blood institute's ""your guide to healthy sleep."" other therapies light therapy may help you keep a regular sleep and wake schedule. for this type of therapy, you sit in front of a light box, which has special lights, for 10 to 30 minutes. this therapy can help you feel less sleepy in the morning."
what is (are) narcolepsy ?,"narcolepsy is a chronic neurological disorder caused by the brain's inability to regulate sleep-wake cycles normally. at various times throughout the day, people with narcolepsy experience irresistable bouts ofsleep. if the urge becomes overwhelming, individuals will fall asleep for periods lasting from a few seconds to several minutes. in rare cases, some people may remain asleep for an hour or longer. in addition to excessive daytime sleepiness (eds), three other major symptoms frequently characterize narcolepsy: cataplexy, or the sudden loss of voluntary muscle tone; vivid hallucinations during sleep onset or upon awakening; and brief episodes of total paralysis at the beginning or end of sleep. narcolepsy is not definitively diagnosed in most patients until 10 to 15 years after the first symptoms appear. the cause of narcolepsy remains unknown. it is likely that narcolepsy involves multiple factors interacting to cause neurological dysfunction and sleep disturbances."
what research (or clinical trials) is being done for narcolepsy ?,"the national institute of neurological disorders and stroke (ninds) and other institutes of the national institutes of health (nih) conduct research into narcolepsy and other sleep disorders in laboratories at the nih and also support additional research through grants to major medical institutions across the country. the ninds continues to support investigations into the basic biology of sleep, including the brain mechanisms involved in generating and regulating sleep. within the national heart, lung, and blood institute, also a component of the nih, the national center on sleep disorders research (ncsdr) coordinates federal government sleep research activities and shares information with private and nonprofit groups."
who is at risk for narcolepsy? ?,"narcolepsy affects men and women. symptoms usually begin during the teen or young adult years. the disorder also can develop later in life or in children, but it's rare before age 5. researchers think that certain factors may work together to cause narcolepsy. if these factors affect you, you may be at higher risk for the disorder. (for more information, go to ""what causes narcolepsy?"")"
what are the treatments for narcolepsy ?,"how might narcolepsy be treated? there is currently no cure for narcolepsy, but some of the symptoms can be managed with medications and lifestyle changes. most affected people improve if they maintain a regular sleep schedule, usually 7.5 to 8 hours of sleep per night. scheduled naps during the day also may help. other measures that may help include participating in an exercise program; receiving emotional support and career or vocational counseling; and avoiding high-risk behaviors such as alcohol and drug use, which may make symptoms worse. common-sense measures should be taken to enhance sleep quality (such as avoiding heavy meals before bed time). treatment with medications involves the use of central nervous system (cns) stimulants. these medications help reduce daytime sleepiness and improve this symptom in 65-85% of affected people. two types of antidepressant drugs (tricyclics, and selective serotonin and noradrenergic reuptake inhibitors) are effective in controlling cataplexy in many people. sodium oxybate (a strong sedative taken during the night) may also be used to treat narcolepsy. you can view detailed information about the treatment of narcolepsy on medscape's web site."
who is at risk for neuroblastoma? ?,the risk factors for neuroblastoma are not known.
what is (are) neuroblastoma ?,"neuroblastoma is a tumor that develops from a nerve in a child, usually before the age of 5. it occurs in the abdomen near the adrenal glands, but it can also occur in other parts of the body. it is considered an aggressive tumor because it often spreads to other parts of the body (metastasizes). the symptoms of a neuroblastoma may include a lump in the abdomen, pain, diarrhea, or generally feeling unwell. it affects one out of 100,000 children. the exact cause of this tumor is not yet known. neuroblastoma may be diagnosed by physical examination; specific blood tests; imaging tests such as x-rays, magnetic resonance imaging (mri), or computed tomography (ct) scans; and a biopsy. treatment depends on the size and location of the tumor within the body, as well as the childs age. surgery is often the first step of treatment, and may be followed by chemotherapy, radiation therapy, or a stem cell transplant in more severe cases."
what is (are) neuroblastoma ?,"key points - neuroblastoma is a disease in which malignant (cancer) cells form in neuroblasts (immature nerve tissue) in the adrenal gland, neck, chest, or spinal cord. - neuroblastoma is sometimes caused by a gene mutation (change) passed from the parent to the child. - signs and symptoms of neuroblastoma include bone pain and a lump in the abdomen, neck, or chest. - tests that examine many different body tissues and fluids are used to detect (find) and diagnose neuroblastoma. - a biopsy is done to diagnose neuroblastoma. - certain factors affect prognosis (chance of recovery) and treatment options. neuroblastoma is a disease in which malignant (cancer) cells form in neuroblasts (immature nerve tissue) in the adrenal gland, neck, chest, or spinal cord. neuroblastoma often begins in the nerve tissue of the adrenal glands. there are two adrenal glands, one on top of each kidney in the back of the upper abdomen. the adrenal glands make important hormones that help control heart rate, blood pressure, blood sugar, and the way the body reacts to stress. neuroblastoma may also begin in nerve tissue in the neck, chest, abdomen or pelvis. neuroblastoma most often begins in infancy and may be diagnosed in the first month of life. it is found when the tumor begins to grow and cause signs or symptoms. sometimes it forms before birth and is found during a fetal ultrasound. by the time neuroblastoma is diagnosed, the cancer has usually metastasized (spread). neuroblastoma spreads most often to the lymph nodes, bones, bone marrow, and liver. in infants, it also spreads to the skin."
what are the symptoms of neuroblastoma ?,"what are the signs and symptoms of neuroblastoma? the human phenotype ontology provides the following list of signs and symptoms for neuroblastoma. if the information is available, the table below includes how often the symptom is seen in people with this condition. you can use the medlineplus medical dictionary to look up the definitions for these medical terms. signs and symptoms approximate number of patients (when available) neoplasm of the nervous system 90% abdominal pain - abnormality of the thorax - anemia - ataxia - autosomal dominant inheritance - bone pain - diarrhea - elevated urinary dopamine - elevated urinary homovanillic acid - elevated urinary vanillylmandelic acid - failure to thrive - fever - ganglioneuroblastoma - ganglioneuroma - heterogeneous - horner syndrome - hypertension - incomplete penetrance - myoclonus - neuroblastoma - opsoclonus - skin nodule - spinal cord compression - sporadic - weight loss - the human phenotype ontology (hpo) has collected information on how often a sign or symptom occurs in a condition. much of this information comes from orphanet, a european rare disease database. the frequency of a sign or symptom is usually listed as a rough estimate of the percentage of patients who have that feature. the frequency may also be listed as a fraction. the first number of the fraction is how many people had the symptom, and the second number is the total number of people who were examined in one study. for example, a frequency of 25/25 means that in a study of 25 people all patients were found to have that symptom. because these frequencies are based on a specific study, the fractions may be different if another group of patients are examined. sometimes, no information on frequency is available. in these cases, the sign or symptom may be rare or common."
what are the stages of neuroblastoma ?,"key points - after neuroblastoma has been diagnosed, tests are done to find out if cancer has spread from where it started to other parts of the body. - there are three ways that cancer spreads in the body. - cancer may spread from where it began to other parts of the body. - the following stages are used for neuroblastoma: - stage 1 - stage 2 - stage 3 - stage 4 - treatment of neuroblastoma is based on risk groups. after neuroblastoma has been diagnosed, tests are done to find out if cancer has spread from where it started to other parts of the body. the process used to find out the extent or spread of cancer is called staging. the information gathered from the staging process helps determine the stage of the disease. for neuroblastoma, the stage of disease affects whether the cancer is low risk, intermediate risk, or high risk. it also affects the treatment plan. the results of some tests and procedures used to diagnose neuroblastoma may be used for staging. see the general information section for a description of these tests and procedures. the following tests and procedures also may be used to determine the stage: - lymph node biopsy : the removal of all or part of a lymph node. a pathologist views the tissue under a microscope to look for cancer cells. one of the following types of biopsies may be done: - excisional biopsy : the removal of an entire lymph node. - incisional biopsy : the removal of part of a lymph node. - core biopsy : the removal of tissue from a lymph node using a wide needle. - fine-needle aspiration (fna) biopsy : the removal of tissue or fluid from a lymph node using a thin needle. - x-ray of the bone: an x-ray is a type of energy beam that can go through the body and onto film, making a picture of areas inside the body. - bone scan : a procedure to check if there are rapidly dividing cells, such as cancer cells, in the bone. a very small amount of radioactive material is injected into a vein and travels through the bloodstream. the radioactive material collects in the bones with cancer and is detected by a scanner. - pet scan (positron emission tomography scan): a procedure to find malignant tumor cells in the body. a small amount of radioactive glucose (sugar) is injected into a vein. the pet scanner rotates around the body and makes a picture of where glucose is being used in the body. malignant tumor cells show up brighter in the picture because they are more active and take up more glucose than normal cells do. there are three ways that cancer spreads in the body. cancer can spread through tissue, the lymph system, and the blood: - tissue. the cancer spreads from where it began by growing into nearby areas. - lymph system. the cancer spreads from where it began by getting into the lymph system. the cancer travels through the lymph vessels to other parts of the body. - blood. the cancer spreads from where it began by getting into the blood. the cancer travels through the blood vessels to other parts of the body. cancer may spread from where it began to other parts of the body. when cancer spreads to another part of the body, it is called metastasis. cancer cells break away from where they began (the primary tumor) and travel through the lymph system or blood. - lymph system. the cancer gets into the lymph system, travels through the lymph vessels, and forms a tumor (metastatic tumor) in another part of the body. - blood. the cancer gets into the blood, travels through the blood vessels, and forms a tumor (metastatic tumor) in another part of the body. the metastatic tumor is the same type of cancer as the primary tumor. for example, if neuroblastoma spreads to the liver, the cancer cells in the liver are actually neuroblastoma cells. the disease is metastatic neuroblastoma, not liver cancer. the following stages are used for neuroblastoma: stage 1 in stage 1, the tumor is in only one area and all of the tumor that can be seen is completely removed during surgery. stage 2 stage 2 is divided into stages 2a and 2b. - stage 2a: the tumor is in only one area and all of the tumor that can be seen cannot be completely removed during surgery. - stage 2b: the tumor is in only one area and all of the tumor that can be seen may be completely removed during surgery. cancer cells are found in the lymph nodes near the tumor. stage 3 in stage 3, one of the following is true: - the tumor cannot be completely removed during surgery and has spread from one side of the body to the other side and may also have spread to nearby lymph nodes; or - the tumor is in only one area, on one side of the body, but has spread to lymph nodes on the other side of the body; or - the tumor is in the middle of the body and has spread to tissues or lymph nodes on both sides of the body, and the tumor cannot be removed by surgery. stage 4 stage 4 is divided into stages 4 and 4s. - in stage 4, the tumor has spread to distant lymph nodes or other parts of the body. - in stage 4s: - the child is younger than 12 months; and - the cancer has spread to the skin, liver, and/or bone marrow; and - the tumor is in only one area and all of the tumor that can be seen may be completely removed during surgery; and/or - cancer cells may be found in the lymph nodes near the tumor. treatment of neuroblastoma is based on risk groups. for many types of cancer, stages are used to plan treatment. for neuroblastoma, treatment depends on risk groups. the stage of neuroblastoma is one factor used to determine risk group. other factors are the age of the child, tumor histology, and tumor biology. there are three risk groups: low risk, intermediate risk, and high risk. - low-risk and intermediate-risk neuroblastoma have a good chance of being cured. - high-risk neuroblastoma may be hard to cure."
what is (are) neuroblastoma ?,"key points - neuroblastoma is a disease in which malignant (cancer) cells form in nerve tissue. - most cases of neuroblastoma are diagnosed before 1 year of age. - the risk factors for neuroblastoma are not known. neuroblastoma is a disease in which malignant (cancer) cells form in nerve tissue. neuroblastoma often begins in the nerve tissue of the adrenal glands. there are two adrenal glands, one on top of each kidney, in the back of the upper abdomen. the adrenal glands make important hormones that help control heart rate, blood pressure, blood sugar, and the way the body reacts to stress. neuroblastoma may also begin in the abdomen, chest, spinal cord, or in nerve tissue near the spine in the neck. neuroblastoma most often begins during early childhood, usually in children younger than 5 years of age. see the pdq summary on neuroblastoma treatment for more information about neuroblastoma. most cases of neuroblastoma are diagnosed before 1 year of age. neuroblastoma is the most common type of cancer in infants. the number of new cases of neuroblastoma is greatest among children under 1 year of age. as children get older, the number of new cases decreases. neuroblastoma is slightly more common in males than females. neuroblastoma sometimes forms before birth but is usually found later, when the tumor begins to grow and cause symptoms. in rare cases, neuroblastoma may be found before birth, by fetal ultrasound."
what are the symptoms of neuroblastoma ?,"signs and symptoms of neuroblastoma include bone pain and a lump in the abdomen, neck, or chest.the most common signs and symptoms of neuroblastoma are caused by the tumor pressing on nearby tissues as it grows or by cancer spreading to the bone. these and other signs and symptoms may be caused by neuroblastoma or by other conditions. check with your childs doctor if your child has any of the following: - lump in the abdomen, neck, or chest. - bulging eyes. - dark circles around the eyes (""black eyes""). - bone pain. - swollen stomach and trouble breathing (in infants). - painless, bluish lumps under the skin (in infants). - weakness or paralysis (loss of ability to move a body part). less common signs and symptoms of neuroblastoma include the following: - fever. - shortness of breath. - feeling tired. - easy bruising or bleeding. - petechiae (flat, pinpoint spots under the skin caused by bleeding). - high blood pressure. - severe watery diarrhea. - horner syndrome (droopy eyelid, smaller pupil, and less sweating on one side of the face). - jerky muscle movements. - uncontrolled eye movements."
is neuroblastoma inherited ?,"neuroblastoma is sometimes caused by a gene mutation (change) passed from the parent to the child. gene mutations that increase the risk of neuroblastoma are sometimes inherited (passed from the parent to the child). in children with a gene mutation, neuroblastoma usually occurs at a younger age and more than one tumor may form in the adrenal glands."
what is (are) neuroblastoma ?,"neuroblastoma is a cancer that forms in your nerve tissue. it usually begins in the adrenal glands, which sit atop your kidneys. it may also begin in your neck, chest or spinal cord. the cancer often begins in early childhood. sometimes it begins before a child is born. by the time doctors find the cancer, it has usually spread to other parts of the body. the most common symptoms are - a lump in the abdomen, neck or chest - bulging eyes - dark circles around the eyes - bone pain - swollen stomach and trouble breathing in babies - painless, bluish lumps under the skin in babies - inability to move a body part treatments include surgery, radiation therapy, chemotherapy, biologic therapy, or a combination. biologic therapy boosts your body's own ability to fight cancer. sometimes before giving treatment, doctors wait to see whether symptoms get worse. this is called watchful waiting. nih: national cancer institute"
what is the outlook for neuroblastoma ?,"certain factors affect prognosis (chance of recovery) and treatment options. the prognosis (chance of recovery) and treatment options depend on the following: - age of the child at the time of diagnosis. - the child's risk group. - whether there are certain changes in the genes. - where in the body the tumor started. - tumor histology (the shape, function, and structure of the tumor cells). - whether there is cancer in the lymph nodes on the same side of the body as the primary cancer or whether there is cancer in the lymph nodes on the opposite side of the body. - how the tumor responds to treatment. - how much time passed between diagnosis and when the cancer recurred (for recurrent cancer). prognosis and treatment options for neuroblastoma are also affected by tumor biology, which includes: - the patterns of the tumor cells. - how different the tumor cells are from normal cells. - how fast the tumor cells are growing. - whether the tumor shows mycn amplification. - whether the tumor has changes in the alk gene. the tumor biology is said to be favorable or unfavorable, depending on these factors. a favorable tumor biology means there is a better chance of recovery. in some children up to 6 months old, neuroblastoma may disappear without treatment. this is called spontaneous regression. the child is closely watched for signs or symptoms of neuroblastoma. if signs or symptoms occur, treatment may be needed."
what research (or clinical trials) is being done for neuroblastoma ?,"new types of treatment are being tested in clinical trials. this summary section describes treatments that are being studied in clinical trials. it may not mention every new treatment being studied. information about clinical trials is available from the nci website. immunotherapy immunotherapy is a treatment that uses the patients immune system to fight cancer. substances made by the body or made in a laboratory are used to boost, direct, or restore the bodys natural defenses against cancer. this type of cancer treatment is also called biotherapy or biological therapy. vaccine therapy uses a substance to stimulate the immune system to destroy a tumor. vaccine therapy is being studied to treat neuroblastoma that has come back after treatment. other drug therapy lenalidomide is a type of angiogenesis inhibitor. it prevents the growth of new blood vessels that are needed by a tumor to grow. patients may want to think about taking part in a clinical trial. for some patients, taking part in a clinical trial may be the best treatment choice. clinical trials are part of the cancer research process. clinical trials are done to find out if new cancer treatments are safe and effective or better than the standard treatment. many of today's standard treatments for cancer are based on earlier clinical trials. patients who take part in a clinical trial may receive the standard treatment or be among the first to receive a new treatment. patients who take part in clinical trials also help improve the way cancer will be treated in the future. even when clinical trials do not lead to effective new treatments, they often answer important questions and help move research forward. patients can enter clinical trials before, during, or after starting their cancer treatment. some clinical trials only include patients who have not yet received treatment. other trials test treatments for patients whose cancer has not gotten better. there are also clinical trials that test new ways to stop cancer from recurring (coming back) or reduce the side effects of cancer treatment. clinical trials are taking place in many parts of the country. see the treatment options section that follows for links to current treatment clinical trials. these have been retrieved from nci's listing of clinical trials."
who is at risk for neuroblastoma? ?,"key points - screening tests have risks. - the risks of neuroblastoma screening include the following: - neuroblastoma may be overdiagnosed. - false-negative test results can occur. - false-positive test results can occur. screening tests have risks. decisions about screening tests can be difficult. not all screening tests are helpful and most have risks. before having any screening test, you may want to discuss the test with your doctor. it is important to know the risks of the test and whether it has been proven to reduce the risk of dying from cancer. the risks of neuroblastoma screening include the following: neuroblastoma may be overdiagnosed. when a screening test result leads to the diagnosis and treatment of a disease that may never have caused symptoms or become life-threatening, it is called overdiagnosis. for example, when a urine test result shows a higher than normal amount of homovanillic acid (hma) or vanillyl mandelic acid (vma), tests and treatments for neuroblastoma are likely to be done, but may not be needed. at this time, it is not possible to know which neuroblastomas found by a screening test will cause symptoms and which neuroblastomas will not. diagnostic tests (such as biopsies) and cancer treatments (such as surgery, radiation therapy, and chemotherapy) can have serious risks, including physical and emotional problems. false-negative test results can occur. screening test results may appear to be normal even though neuroblastoma is present. a person who receives a false-negative test result (one that shows there is no cancer when there really is) may delay seeking medical care even if there are symptoms. false-positive test results can occur. screening test results may appear to be abnormal even though no cancer is present. a false-positive test result (one that shows there is cancer when there really isn't) can cause anxiety and is usually followed by more tests and procedures, which also have risks."
how to diagnose neuroblastoma ?,"tests that examine many different body tissues and fluids are used to detect (find) and diagnose neuroblastoma. the following tests and procedures may be used: - physical exam and history : an exam of the body to check general signs of health, including checking for signs of disease, such as lumps or anything else that seems unusual. a history of the patients health habits and past illnesses and treatments will also be taken. - neurological exam : a series of questions and tests to check the brain, spinal cord, and nerve function. the exam checks a persons mental status, coordination, and ability to walk normally, and how well the muscles, senses, and reflexes work. this may also be called a neuro exam or a neurologic exam. - urine catecholamine studies: a procedure in which a urine sample is checked to measure the amount of certain substances, vanillylmandelic acid (vma) and homovanillic acid (hva), that are made when catecholamines break down and are released into the urine. a higher than normal amount of vma or hva can be a sign of neuroblastoma. - blood chemistry studies : a procedure in which a blood sample is checked to measure the amounts of certain substances released into the blood by organs and tissues in the body. an unusual (higher or lower than normal) amount of a substance can be a sign of disease. - x-ray : an x-ray is a type of energy beam that can go through the body and onto film, making a picture of areas inside the body. - ct scan (cat scan): a procedure that makes a series of detailed pictures of areas inside the body, taken from different angles. the pictures are made by a computer linked to an x-ray machine. a dye may be injected into a vein or swallowed to help the organs or tissues show up more clearly. this procedure is also called computed tomography, computerized tomography, or computerized axial tomography. - mri (magnetic resonance imaging) with gadolinium : a procedure that uses a magnet, radio waves, and a computer to make a series of detailed pictures of areas inside the body. a substance called gadolinium is injected into a vein. the gadolinium collects around the cancer cells so they show up brighter in the picture. this procedure is also called nuclear magnetic resonance imaging (nmri). - mibg (metaiodobenzylguanidine) scan : a procedure used to find neuroendocrine tumors, such as neuroblastoma. a very small amount of a substance called radioactive mibg is injected into a vein and travels through the bloodstream. neuroendocrine tumor cells take up the radioactive mibg and are detected by a scanner. scans may be taken over 1-3 days. an iodine solution may be given before or during the test to keep the thyroid gland from absorbing too much of the mibg. this test is also used to find out how well the tumor is responding to treatment. mibg is used in high doses to treat neuroblastoma. - bone marrow aspiration and biopsy : the removal of bone marrow, blood, and a small piece of bone by inserting a hollow needle into the hipbone or breastbone. a pathologist views the bone marrow, blood, and bone under a microscope to look for signs of cancer. - ultrasound exam: a procedure in which high-energy sound waves (ultrasound) are bounced off internal tissues or organs and make echoes. the echoes form a picture of body tissues called a sonogram. the picture can be printed to be looked at later. an ultrasound exam is not done if a ct/mri has been done."
how to diagnose osteoarthritis ?,"no single test can diagnose osteoarthritis. when a person feels pain in his or her joints, it may or may not be osteoarthritis. the doctor will use a combination of tests to try to determine if osteoarthritis is causing the symptoms. these may include a medical history, a physical examination, x-rays, and laboratory tests. a patient's attitudes, daily activities, and levels of anxiety or depression have a lot to do with how much the symptoms of osteoarthritis affect day-to-day living."
what are the treatments for osteoarthritis ?,"people with osteoarthritis may find many non-drug ways to relieve pain. below are some examples. heat and cold. heat or cold (or a combination of the two) can be useful for joint pain. heat can be applied in a number of different ways -- with warm towels, hot packs, or a warm bath or shower -- to increase blood flow and ease pain and stiffness. in some cases, cold packs (bags of ice or frozen vegetables wrapped in a towel), which reduce inflammation, can relieve pain or numb the sore area. (check with a doctor or physical therapist to find out if heat or cold is the best treatment.) transcutaneous electrical nerve stimulation (tens). tens is a technique that uses a small electronic device to direct mild electric pulses to nerve endings that lie beneath the skin in the painful area. tens may relieve some arthritis pain. it seems to work by blocking pain messages to the brain and by modifying pain perception. massage. in this pain-relief approach, a massage therapist will lightly stroke and/or knead the painful muscles. this may increase blood flow and bring warmth to a stressed area. however, arthritis-stressed joints are sensitive, so the therapist must be familiar with the problems of the disease. acupuncture. some people have found pain relief using acupuncture, a practice in which fine needles are inserted by a licensed acupuncture therapist at specific points on the skin. scientists think the needles stimulate the release of natural, pain-relieving chemicals produced by the nervous system. a large study supported by the national institute of arthritis and musculoskeletal and skin diseases (niams) and the national center for complementary and alternative medicine (nccam) revealed that acupuncture relieves pain and improves function in knee osteoarthritis, and it serves as an effective complement to standard care. nutritional supplements, such as glucosamine and chondroitin sulfate, have been reported to improve the symptoms of people with osteoarthritis, as have certain vitamins. additional studies have been carried out to further evaluate these claims. it is unknown whether they might change the course of disease. folk remedies include the wearing of copper bracelets, following special diets, and rubbing wd-40 on joints to lubricate them. although these practices may or may not be harmful, no scientific research to date shows that they are helpful in treating osteoarthritis. they can also be expensive, and using them may cause people to delay or even abandon useful medical treatment. for general information about alternative therapies, see the complementary health approaches topic."
what is (are) osteoarthritis ?,"osteoarthritis is the most common form of arthritis. it causes pain, swelling, and reduced motion in your joints. it can occur in any joint, but usually it affects your hands, knees, hips or spine. osteoarthritis breaks down the cartilage in your joints. cartilage is the slippery tissue that covers the ends of bones in a joint. healthy cartilage absorbs the shock of movement. when you lose cartilage, your bones rub together. over time, this rubbing can permanently damage the joint. risk factors for osteoarthritis include - being overweight - getting older - injuring a joint no single test can diagnose osteoarthritis. most doctors use several methods, including medical history, a physical exam, x-rays, or lab tests. treatments include exercise, medicines, and sometimes surgery. nih: national institute of arthritis and musculoskeletal and skin diseases"
what are the treatments for osteoarthritis ?,"doctors consider a number of factors when choosing medicines for their patients. in particular, they look at the type of pain the patient may be having and any possible side effects from the drugs. for pain relief, doctors usually start with acetaminophen because the side effects are minimal. if acetaminophen does not relieve pain, then non-steroidal anti-inflammatory drugs such as ibuprofen and naproxen may be used. some nsaids are available over the counter, while more than a dozen others, including a subclass called cox-2 inhibitors, are available only with a prescription. corticosteroids, hyaluronic acid, and topical creams are also used. most medicines used to treat osteoarthritis have side effects, so it is important for people to learn about the medicines they take. for example, people over age 65 and those with any history of ulcers or stomach bleeding should use non-steroidal anti-inflammatory drugs, or nsaids, with caution. there are measures you can take to help reduce the risk of side effects associated with nsaids. these include taking medications with food and avoiding stomach irritants such as alcohol, tobacco, and caffeine. in some cases, it may help to take another medication along with an nsaid to coat the stomach or block stomach acids. although these measures may help, they are not always completely effective. for more tips on how older adults can avoid medication side effects, see side effects in the taking medicines topic."
what is (are) osteoarthritis ?,"osteoarthritis is the most common form of arthritis among older people. it affects hands, low back, neck, and weight-bearing joints such as knees, hips, and feet. osteoarthritis occurs when cartilage, the tissue that cushions the ends of the bones within the joints, breaks down and wears away. this causes bones to rub together, causing pain, swelling, and loss of motion of the joint."
what are the symptoms of osteoarthritis ?,"warning signs of osteoarthritis include - joint pain - swelling or tenderness in one or more joints - stiffness after getting out of bed or sitting for a long time - a crunching feeling or sound of bone rubbing on bone. joint pain swelling or tenderness in one or more joints stiffness after getting out of bed or sitting for a long time a crunching feeling or sound of bone rubbing on bone. not everyone with osteoarthritis develops symptoms. in fact, only a third of people with x-ray evidence of osteoarthritis report pain or other symptoms."
what causes osteoarthritis ?,"risk increases with age researchers suspect that osteoarthritis is caused by a combination of factors in the body and the environment. the chance of developing osteoarthritis increases with age. it is estimated that 33.6% (12.4 million) of individuals age 65 and older are affected by the disease. wear and tear on joints affects cartilage osteoarthritis often results from years of wear and tear on joints. this wear and tear mostly affects the cartilage, the tissue that cushions the ends of bones within the joint. osteoarthritis occurs when the cartilage begins to fray, wear away, and decay. putting too much stress on a joint that has been previously injured, improper alignment of joints, and excess weight all may contribute to the development of osteoarthritis."
what is (are) osteoarthritis ?,"affects many older people osteoarthritis is the most common form of arthritis among older people, and it is one of the most frequent causes of physical disability among older adults. the disease affects both men and women. before age 45, osteoarthritis is more common in men than in women. after age 45, osteoarthritis is more common in women. it is estimated that 33.6% (12.4 million) of individuals age 65 and older are affected by the disease. osteoarthritis occurs when cartilage, the tissue that cushions the ends of the bones within the joints, breaks down and wears away. in some cases, all of the cartilage may wear away, leaving bones that rub up against each other. joint stiffness and pain symptoms range from stiffness and mild pain that comes and goes to severe joint pain. osteoarthritis affects hands, low back, neck, and weight-bearing joints such as knees, hips, and feet. osteoarthritis affects just joints, not internal organs. hands osteoarthritis of the hands seems to run in families. if your mother or grandmother has or had osteoarthritis in their hands, youre at greater-than-average risk of having it too. women are more likely than men to have osteoarthritis in the hands. for most women, it develops after menopause. when osteoarthritis involves the hands, small, bony knobs may appear on the end joints (those closest to the nails) of the fingers. they are called heberdens (heberr-denz) nodes. similar knobs, called bouchards (boo-shardz) nodes, can appear on the middle joints of the fingers. fingers can become enlarged and gnarled, and they may ache or be stiff and numb. the base of the thumb joint also is commonly affected by osteoarthritis. knees the knees are among the joints most commonly affected by osteoarthritis. symptoms of knee osteoarthritis include stiffness, swelling, and pain, which make it hard to walk, climb, and get in and out of chairs and bathtubs. osteoarthritis in the knees can lead to disability. hips the hips are also common sites of osteoarthritis. as with knee osteoarthritis, symptoms of hip osteoarthritis include pain and stiffness of the joint itself. but sometimes pain is felt in the groin, inner thigh, buttocks, or even the knees. osteoarthritis of the hip may limit moving and bending, making daily activities such as dressing and putting on shoes a challenge. spine osteoarthritis of the spine may show up as stiffness and pain in the neck or lower back. in some cases, arthritis-related changes in the spine can cause pressure on the nerves where they exit the spinal column, resulting in weakness, tingling, or numbness of the arms and legs. in severe cases, this can even affect bladder and bowel function."
what are the treatments for osteoarthritis ?,"for many people, surgery helps relieve the pain and disability of osteoarthritis. surgery may be performed to achieve one or more of the following. - removal of loose pieces of bone and cartilage from the joint if they are causing symptoms of buckling or locking (arthroscopic debridement). - repositioning of bones (osteotomy). - resurfacing (smoothing out) bones (joint resurfacing). removal of loose pieces of bone and cartilage from the joint if they are causing symptoms of buckling or locking (arthroscopic debridement). repositioning of bones (osteotomy). resurfacing (smoothing out) bones (joint resurfacing). the decision to use surgery depends on several factors, including the patients age, occupation, level of disability, pain intensity, and the degree to which arthritis interferes with his or her lifestyle. after surgery and rehabilitation, the patient usually feels less pain and swelling and can move more easily."
what are the treatments for osteoarthritis ?,"treatment goals: manage pain, improve function osteoarthritis treatment plans often include ways to manage pain and improve function. such plans can include exercise, rest and joint care, pain relief, weight control, medicines, surgery, and non-traditional treatment approaches. current treatments for osteoarthritis can relieve symptoms such as pain and disability, but right now there are no treatments that can cure osteoarthritis. exercise: one of the best treatments exercise is one of the best treatments for osteoarthritis. it can improve mood and outlook, decrease pain, increase flexibility, and help you maintain a healthy weight. the amount and form of exercise will depend on which joints are involved, how stable the joints are, whether or not the joint is swollen, and whether a joint replacement has already been done. ask your doctor or physical therapist what exercises are best for you the following types of exercise are part of a well-rounded arthritis treatment plan. - strengthening exercises. these exercises strengthen muscles that support joints affected by arthritis. they can be performed with weights or with exercise bands, inexpensive devices that add resistance. - aerobic activities. these are exercises, such as brisk walking or low-impact aerobics, that get your heart pumping and can keep your lungs and circulatory system in shape. - range-of-motion activities. these keep your joints limber. - balance and agility exercises. these help you maintain your balance and reduce the risk of falling. strengthening exercises. these exercises strengthen muscles that support joints affected by arthritis. they can be performed with weights or with exercise bands, inexpensive devices that add resistance. aerobic activities. these are exercises, such as brisk walking or low-impact aerobics, that get your heart pumping and can keep your lungs and circulatory system in shape. range-of-motion activities. these keep your joints limber. balance and agility exercises. these help you maintain your balance and reduce the risk of falling. to see examples of exercises for older adults, see exercises to try or visit go4life, the national institute on agings exercise and physical activity program for older adults. weight control if you are overweight or obese, you should try to lose weight. weight loss can reduce stress on weight-bearing joints, limit further injury, increase mobility, and reduce the risk of associated health problems. a dietitian can help you develop healthy eating habits. a healthy diet and regular exercise help reduce weight. rest and relief from stress on joints treatment plans include regularly scheduled rest. you must learn to recognize the bodys signals, and know when to stop or slow down. this will prevent the pain caused by overexertion. although pain can make it difficult to sleep, getting proper sleep is important for managing arthritis pain. if you have trouble sleeping, you may find that relaxation techniques, stress reduction, and biofeedback can help. timing medications to provide maximum pain relief through the night can also help. if joint pain interferes with your ability to sleep or rest, consult your doctor. some people find relief from special footwear and insoles that can reduce pain and improve walking or from using canes to take pressure off painful joints. they may use splints or braces to provide extra support for joints and/ or keep them in proper position during sleep or activity. splints should be used only for limited periods of time because joints and muscles need to be exercised to prevent stiffness and weakness. if you need a splint, an occupational therapist or a doctor can help you get a properly fitted one. non-drug pain relief and alternative therapies people with osteoarthritis may find many nondrug ways to relieve pain. below are some examples. - heat and cold. heat or cold (or a combination of the two) can be useful for joint pain. heat can be applied in a number of different ways -- with warm towels, hot packs, or a warm bath or shower -- to increase blood flow and ease pain and stiffness. in some cases, cold packs (bags of ice or frozen vegetables wrapped in a towel), which reduce inflammation, can relieve pain or numb the sore area. (check with a doctor or physical therapist to find out if heat or cold is the best treatment.) heat and cold. heat or cold (or a combination of the two) can be useful for joint pain. heat can be applied in a number of different ways -- with warm towels, hot packs, or a warm bath or shower -- to increase blood flow and ease pain and stiffness. in some cases, cold packs (bags of ice or frozen vegetables wrapped in a towel), which reduce inflammation, can relieve pain or numb the sore area. (check with a doctor or physical therapist to find out if heat or cold is the best treatment.) - transcutaneous electrical nerve stimulation (tens). tens is a technique that uses a small electronic device to direct mild electric pulses to nerve endings that lie beneath the skin in the painful area. tens may relieve some arthritis pain. it seems to work by blocking pain messages to the brain and by modifying pain perception. transcutaneous electrical nerve stimulation (tens). tens is a technique that uses a small electronic device to direct mild electric pulses to nerve endings that lie beneath the skin in the painful area. tens may relieve some arthritis pain. it seems to work by blocking pain messages to the brain and by modifying pain perception. - massage. in this pain-relief approach, a massage therapist will lightly stroke and/or knead the painful muscles. this may increase blood flow and bring warmth to a stressed area. however, arthritis-stressed joints are sensitive, so the therapist must be familiar with the problems of the disease. massage. in this pain-relief approach, a massage therapist will lightly stroke and/or knead the painful muscles. this may increase blood flow and bring warmth to a stressed area. however, arthritis-stressed joints are sensitive, so the therapist must be familiar with the problems of the disease. - acupuncture. some people have found pain relief using acupuncture, a practice in which fine needles are inserted by a licensed acupuncture therapist at specific points on the skin. scientists think the needles stimulate the release of natural, pain-relieving chemicals produced by the nervous system. a large study supported by the national institute of arthritis and musculoskeletal and skin diseases (niams) and the national center for complementary and alternative medicine (nccam) revealed that acupuncture relieves pain and improves function in knee osteoarthritis, and it serves as an effective complement to standard care. acupuncture. some people have found pain relief using acupuncture, a practice in which fine needles are inserted by a licensed acupuncture therapist at specific points on the skin. scientists think the needles stimulate the release of natural, pain-relieving chemicals produced by the nervous system. a large study supported by the national institute of arthritis and musculoskeletal and skin diseases (niams) and the national center for complementary and alternative medicine (nccam) revealed that acupuncture relieves pain and improves function in knee osteoarthritis, and it serves as an effective complement to standard care. - nutritional supplements, such as glucosamine and chondroitin sulfate have been reported to improve the symptoms of people with osteoarthritis, as have certain vitamins. additional studies have been carried out to further evaluate these claims. it is unknown whether they might change the course of disease. nutritional supplements, such as glucosamine and chondroitin sulfate have been reported to improve the symptoms of people with osteoarthritis, as have certain vitamins. additional studies have been carried out to further evaluate these claims. it is unknown whether they might change the course of disease. - folk remedies. these include the wearing of copper bracelets, following special diets, and rubbing wd-40 on joints to lubricate them. although these practices may or may not be harmful, no scientific research to date shows that they are helpful in treating osteoarthritis. they can also be expensive, and using them may cause people to delay or even abandon useful medical treatment. folk remedies. these include the wearing of copper bracelets, following special diets, and rubbing wd-40 on joints to lubricate them. although these practices may or may not be harmful, no scientific research to date shows that they are helpful in treating osteoarthritis. they can also be expensive, and using them may cause people to delay or even abandon useful medical treatment. for general information on alternative therapies, see the complementary health approaches topic. medications doctors consider a number of factors when choosing medicines for their patients. in particular, they look at the type of pain the patient may be having and any possible side effects from the drugs. for pain relief, doctors usually start with acetaminophen because the side effects are minimal. if acetaminophen does not relieve pain, then non-steroidal anti-inflammatory drugs such as ibuprofen and naproxen may be used. some nsaids are available over the counter, while more than a dozen others, including a subclass called cox-2 inhibitors, are available only with a prescription. other medications, including corticosteroids, hyaluronic acid, and topical creams are also used. reduce the risks of nsaid use most medicines used to treat osteoarthritis have side effects, so it is important for people to learn about the medicines they take. for example, people over age 65 and those with any history of ulcers or stomach bleeding should use non-steroidal anti-inflammatory drugs, or nsaids, with caution. there are measures you can take to help reduce the risk of side effects associated with nsaids. these include taking medications with food and avoiding stomach irritants such as alcohol, tobacco, and caffeine. in some cases, it may help to take another medication along with an nsaid to coat the stomach or block stomach acids. although these measures may help, they are not always completely effective. for more tips on how older adults can avoid side effects, see side effects in the taking medicines topic. surgery for many people, surgery helps relieve the pain and disability of osteoarthritis. surgery may be performed to achieve one or more of the following goals. - removal of loose pieces of bone and cartilage from the joint if they are causing symptoms of buckling or locking (arthroscopic debridement). - repositioning of bones (osteotomy). - resurfacing (smoothing out) bones (joint resurfacing). removal of loose pieces of bone and cartilage from the joint if they are causing symptoms of buckling or locking (arthroscopic debridement). repositioning of bones (osteotomy). resurfacing (smoothing out) bones (joint resurfacing). joint replacement surgeons may replace affected joints with artificial joints called prostheses. these joints can be made from metal alloys, high-density plastic, and ceramic material. some prostheses are joined to bone surfaces with special cements. others have porous surfaces and rely on the growth of bone into that surface (a process called biologic fixation) to hold them in place. artificial joints can last 10 to 15 years or longer. surgeons choose the design and components of prostheses according to their patients weight, sex, age, activity level, and other medical conditions. joint replacement advances in recent years have included the ability, in some cases, to replace only the damaged part of the knee joint, leaving undamaged parts of the joint intact, and the ability to perform hip replacement through much smaller incisions than previously possible. for more on joint replacement see the hip replacement and knee replacement topics. deciding on surgery the decision to use surgery depends on several factors, including the patients age, occupation, level of disability, pain intensity, and the degree to which arthritis interferes with his or her lifestyle. after surgery and rehabilitation, the patient usually feels less pain and swelling and can move more easily."
what causes osteoarthritis ?,"osteoarthritis often results from years of wear and tear on joints. this wear and tear mostly affects the cartilage, the tissue that cushions the ends of bones within the joint. osteoarthritis occurs when the cartilage begins to fray, wear away, and decay. putting too much stress on a joint that has been repeatedly injured may lead to the development of osteoarthritis, too. a person who is overweight is more likely to develop osteoarthritis because of too much stress on the joints. also, improper joint alignment may lead to the development of osteoarthritis."
what are the treatments for osteoarthritis ?,"warm towels, hot packs, or a warm bath or shower can provide temporary pain relief. medications such as non-steroidal anti-inflammatory drugs, or nsaids, help reduce pain and inflammation that result from osteoarthritis. a doctor or physical therapist can recommend if heat or cold is the best treatment. for osteoarthritis in the knee, wearing insoles or cushioned shoes may reduce joint stress."
what are the symptoms of osteoarthritis ?,"pain and stiffness in joints different types of arthritis have different symptoms. in general, people with most forms of arthritis have pain and stiffness in their joints. osteoarthritis usually develops slowly and can occur in any joint, but often occurs in weight-bearing joints. early in the disease, joints may ache after physical work or exercise. most often, osteoarthritis occurs in the hands, hips, knees, neck, or low back. common signs common signs of osteoarthritis include - joint pain, swelling, and tenderness - stiffness after getting out of bed - a crunching feeling or sound of bone rubbing on bone. joint pain, swelling, and tenderness stiffness after getting out of bed a crunching feeling or sound of bone rubbing on bone. not everyone with osteoarthritis feels pain, however. in fact, only a third of people with x-ray evidence of osteoarthritis report pain or other symptoms. diagnosis to make a diagnosis of osteoarthritis, most doctors use a combination of methods and tests including a medical history, a physical examination, x-rays, and laboratory tests. - a medical history is the patient's description of symptoms and when and how they began. the description covers pain, stiffness, and joint function, and how these have changed over time. - a physical examination includes the doctor's examination of the joints, skin, reflexes, and muscle strength. the doctor observes the patient's ability to walk, bend, and carry out activities of daily living. - x-rays are limited in their capacity to reveal how much joint damage may have occurred in osteoarthritis. x-rays usually don't show osteoarthritis damage until there has been a significant loss of cartilage. a medical history is the patient's description of symptoms and when and how they began. the description covers pain, stiffness, and joint function, and how these have changed over time. a physical examination includes the doctor's examination of the joints, skin, reflexes, and muscle strength. the doctor observes the patient's ability to walk, bend, and carry out activities of daily living. x-rays are limited in their capacity to reveal how much joint damage may have occurred in osteoarthritis. x-rays usually don't show osteoarthritis damage until there has been a significant loss of cartilage. questions your doctor may ask it is important for people with joint pain to give the doctor a complete medical history. answering these questions will help your doctor make an accurate diagnosis: - is the pain in one or more joints? - when does the pain occur and how long does it last? - when did you first notice the pain? - does activity make the pain better or worse? - have you had any illnesses or accidents that may account for the pain? - is there a family history of any arthritis or rheumatic diseases? - what medicines are you taking? is the pain in one or more joints? when does the pain occur and how long does it last? when did you first notice the pain? does activity make the pain better or worse? have you had any illnesses or accidents that may account for the pain? is there a family history of any arthritis or rheumatic diseases? what medicines are you taking? a patient's attitudes, daily activities, and levels of anxiety or depression have a lot to do with how severe the symptoms of osteoarthritis may be. who can provide care treating arthritis often requires a multidisciplinary or team approach. many types of health professionals care for people with arthritis. you may choose a few or more of the following professionals to be part of your health care team. - primary care physicians -- doctors who treat patients before they are referred to other specialists in the health care system. often a primary care physician will be the main doctor to treat your arthritis. primary care physicians also handle other medical problems and coordinate the care you receive from other physicians and health care providers. primary care physicians -- doctors who treat patients before they are referred to other specialists in the health care system. often a primary care physician will be the main doctor to treat your arthritis. primary care physicians also handle other medical problems and coordinate the care you receive from other physicians and health care providers. - rheumatologists -- doctors who specialize in treating arthritis and related conditions that affect joints, muscles, and bones. rheumatologists -- doctors who specialize in treating arthritis and related conditions that affect joints, muscles, and bones. - orthopaedists -- surgeons who specialize in the treatment of, and surgery for, bone and joint diseases. orthopaedists -- surgeons who specialize in the treatment of, and surgery for, bone and joint diseases. - physical therapists -- health professionals who work with patients to improve joint function. physical therapists -- health professionals who work with patients to improve joint function. - occupational therapists -- health professionals who teach ways to protect joints, minimize pain, perform activities of daily living, and conserve energy. occupational therapists -- health professionals who teach ways to protect joints, minimize pain, perform activities of daily living, and conserve energy. - dietitians -- health professionals who teach ways to use a good diet to improve health and maintain a healthy weight. dietitians -- health professionals who teach ways to use a good diet to improve health and maintain a healthy weight. - nurse educators -- nurses who specialize in helping patients understand their overall condition and implement their treatment plans. nurse educators -- nurses who specialize in helping patients understand their overall condition and implement their treatment plans. - physiatrists (rehabilitation specialists) -- medical doctors who help patients make the most of their physical potential. physiatrists (rehabilitation specialists) -- medical doctors who help patients make the most of their physical potential. - licensed acupuncture therapists -- health professionals who reduce pain and improve physical functioning by inserting fine needles into the skin at specific points on the body. licensed acupuncture therapists -- health professionals who reduce pain and improve physical functioning by inserting fine needles into the skin at specific points on the body. - psychologists -- health professionals who seek to help patients cope with difficulties in the home and workplace resulting from their medical conditions. psychologists -- health professionals who seek to help patients cope with difficulties in the home and workplace resulting from their medical conditions. - social workers -- professionals who assist patients with social challenges caused by disability, unemployment, financial hardships, home health care, and other needs resulting from their medical conditions. social workers -- professionals who assist patients with social challenges caused by disability, unemployment, financial hardships, home health care, and other needs resulting from their medical conditions. - chiropractors -- health professionals who focus treatment on the relationship between the body's structure -- mainly the spine -- and its functioning. chiropractors -- health professionals who focus treatment on the relationship between the body's structure -- mainly the spine -- and its functioning. - massage therapists -- health professionals who press, rub, and otherwise manipulate the muscles and other soft tissues of the body. they most often use their hands and fingers, but may use their forearms, elbows, or feet. massage therapists -- health professionals who press, rub, and otherwise manipulate the muscles and other soft tissues of the body. they most often use their hands and fingers, but may use their forearms, elbows, or feet."
what is (are) osteoporosis ?,"osteoporosis makes your bones weak and more likely to break. anyone can develop osteoporosis, but it is common in older women. as many as half of all women and a quarter of men older than 50 will break a bone due to osteoporosis. risk factors include - getting older - being small and thin - having a family history of osteoporosis - taking certain medicines - being a white or asian woman - having osteopenia, which is low bone density osteoporosis is a silent disease. you might not know you have it until you break a bone. a bone mineral density test is the best way to check your bone health. to keep bones strong, eat a diet rich in calcium and vitamin d, exercise and do not smoke. if needed, medicines can also help. nih: national institute of arthritis and musculoskeletal and skin diseases"
how to diagnose osteoporosis ?,"diagnosing osteoporosis involves several steps, starting with a physical exam and a careful medical history, blood and urine tests, and possibly a bone mineral density assessment. when recording information about your medical history, your doctor will ask questions to find out whether you have risk factors for osteoporosis and fractures. the doctor may ask about - any fractures you have had - your lifestyle (including diet, exercise habits, and whether you smoke) - current or past health problems - medications that could contribute to low bone mass and increased fracture risk - your family history of osteoporosis and other diseases - for women, your menstrual history. any fractures you have had your lifestyle (including diet, exercise habits, and whether you smoke) current or past health problems medications that could contribute to low bone mass and increased fracture risk your family history of osteoporosis and other diseases for women, your menstrual history."
what are the symptoms of osteoporosis ?,osteoporosis does not have any symptoms until a fracture occurs. some people may be unaware that they have already experienced one or more spine fractures. height loss of one inch or more may be the first sign that someone has experienced spinal fractures due to osteoporosis. people who have experienced a fracture are at high risk of having another one. a fracture over the age of 50 or several fractures before that age may be a warning sign that a person has already developed osteoporosis. any fracture in an older person should be followed up for suspicion of osteoporosis.
what is (are) osteoporosis ?,"a bone disease osteoporosis is a disease that thins and weakens the bones to the point that they become fragile and break easily. women and men with osteoporosis most often break bones in the hip, spine, and wrist, but any bone can be affected. you can't ""catch"" osteoporosis or give it to someone else. in the united states, more than 53 million people either already have osteoporosis or are at high risk due to low bone mass, placing them at risk for more serious bone loss and fractures. although osteoporosis can strike at any age, it is most common among older people, especially older women. how bone loss occurs bone is living tissue. throughout our lives, the body breaks down old bone and replaces it with new bone. but as people age, more bone is broken down than is replaced. the inside of a bone normally looks like a honeycomb, but when a person has osteoporosis, the spaces inside this honeycomb become larger, reflecting the loss of bone density and strength. (the word ""osteoporosis"" means ""porous bone."") the outside of long bones -- called the cortex -- also thins, further weakening the bone. sometime around the age of 30, bone mass stops increasing, and the goal for bone health is to keep as much bone as possible for as long as you can. in most women, the rate of bone loss increases for several years after menopause, then slows down again, but continues. in men, the bone loss occurs more slowly. but by age 65 or 70, most men and women are losing bone at the same rate. weak bones can lead to fractures osteoporosis is often called ""silent"" because bone loss occurs without symptoms. people may not know that they have osteoporosis until a sudden strain, bump, or fall causes a bone to break. this can result in a trip to the hospital, surgery, and possibly a long-term disabling condition. broken bones in your spine are painful and very slow to heal. people with weak bones in their spine gradually lose height and their posture becomes hunched over. over time a bent spine can make it hard to walk or even sit up. broken hips are a very serious problem as we age. they greatly increase the risk of death, especially during the year after they break. people who break a hip might not recover for months or even years. because they often cannot care for themselves, they are more likely to have to live in a nursing home. prevention and treatment the good news is that osteoporosis can often be prevented and treated. healthy lifestyle choices such as proper diet, exercise, and treatment medications can help prevent further bone loss and reduce the risk of fractures."
who is at risk for osteoporosis? ?,"some risk factors for osteoporosis cannot be changed. these include - gender. women are at higher risk for osteoporosis than men. they have smaller bones and lose bone more rapidly than men do because of hormone changes that occur after menopause. therefore, if you are a woman, you are at higher risk for osteoporosis. - age. because bones become thinner with age, the older you are, the greater your risk of osteoporosis. - ethnicity. caucasian and asian women are at the highest risk for osteoporosis. this is mainly due to differences in bone mass and density compared with other ethnic groups. african-american and hispanic women are also at risk, but less so. - family history. osteoporosis tends to run in families. if a family member has osteoporosis or breaks a bone, there is a greater chance that you will too. - history of previous fracture. people who have had a fracture after the age of 50 are at high risk of having another. gender. women are at higher risk for osteoporosis than men. they have smaller bones and lose bone more rapidly than men do because of hormone changes that occur after menopause. therefore, if you are a woman, you are at higher risk for osteoporosis. age. because bones become thinner with age, the older you are, the greater your risk of osteoporosis. ethnicity. caucasian and asian women are at the highest risk for osteoporosis. this is mainly due to differences in bone mass and density compared with other ethnic groups. african-american and hispanic women are also at risk, but less so. family history. osteoporosis tends to run in families. if a family member has osteoporosis or breaks a bone, there is a greater chance that you will too. history of previous fracture. people who have had a fracture after the age of 50 are at high risk of having another."
what are the treatments for osteoporosis ?,"who treats osteoporosis? although there is no cure for osteoporosis, it can be treated. if your doctor does not specialize in osteoporosis, he or she can refer you to a specialist. there is not one type of doctor who cares for people with osteoporosis. many family doctors have been learning about osteoporosis and can treat people who have it. endocrinologists, rheumatologists, geriatricians, and internists are just a few of the specialists who can provide care to people with osteoporosis. here is how to find an appropriate health care professional to treat osteoporosis. the goal of treatment the goal of treatment is to prevent fractures. a balanced diet rich in calcium, adequate vitamin d, a regular exercise program, and fall prevention are all important for maintaining bone health. medications several medications are approved by the food and drug administration for the treatment of osteoporosis. since all medications have side effects, it is important to talk to your doctor about which medication is right for you. bisphosphonates. several bisphosphonates are approved for the prevention or treatment of osteoporosis. these medications reduce the activity of cells that cause bone loss. - side effects of taking oral bisphosphonates may include nausea, heartburn, and stomach pain, including serious digestive problems if they are not taken properly. side effects of taking oral bisphosphonates may include nausea, heartburn, and stomach pain, including serious digestive problems if they are not taken properly. - a few people have muscle, bone, or joint pain while using these medicines. a few people have muscle, bone, or joint pain while using these medicines. - side effects of intravenous bisphosphonates may include flu-like symptoms such as fever, pain in muscles or joints, and headaches. these symptoms usually stop after a few days. in rare cases, deterioration of the jawbone or an unusual type of broken bone in the femur (thigh bone) has occurred in people taking bisphosphonates. side effects of intravenous bisphosphonates may include flu-like symptoms such as fever, pain in muscles or joints, and headaches. these symptoms usually stop after a few days. in rare cases, deterioration of the jawbone or an unusual type of broken bone in the femur (thigh bone) has occurred in people taking bisphosphonates. - the food and drug administration recommends that health care professionals consider periodic reevaluation of the need for continued bisphosphonate therapy, particularly for patients who have been on bisphosphonates for longer than 5 years. the food and drug administration recommends that health care professionals consider periodic reevaluation of the need for continued bisphosphonate therapy, particularly for patients who have been on bisphosphonates for longer than 5 years. parathyroid hormone. a form of human parathyroid hormone (pth) is approved for postmenopausal women and men with osteoporosis who are at high risk for having a fracture. use of the drug for more than 2 years is not recommended. rank ligand (rankl) inhibitor. a rank ligand (rankl) inhibitor is approved for postmenopausal women with osteoporosis who are at high risk for fracture estrogen agonists/antagonists. an estrogen agonist/ antagonist (also called a selective estrogen receptor modulator or serm) is approved for the prevention and treatment of osteoporosis in postmenopausal women. serms are not estrogens, but they have estrogen-like effects on some tissues and estrogen-blocking effects on other tissues. calcitonin. calcitonin is approved for the treatment of osteoporosis in women who are at least 5 years beyond menopause. calcitonin is a hormone involved in calcium regulation and bone metabolism. estrogen and hormone therapy. estrogen is approved for the treatment of menopausal symptoms and osteoporosis in women after menopause. - because of recent evidence that breast cancer, strokes, blood clots, and heart attacks may be increased in some women who take estrogen, the food and drug administration recommends that women take the lowest effective dose for the shortest period possible. estrogen should only be considered for women at significant risk for osteoporosis, and nonestrogen medications should be carefully considered first. because of recent evidence that breast cancer, strokes, blood clots, and heart attacks may be increased in some women who take estrogen, the food and drug administration recommends that women take the lowest effective dose for the shortest period possible. estrogen should only be considered for women at significant risk for osteoporosis, and nonestrogen medications should be carefully considered first."
who is at risk for osteoporosis? ?,"women have smaller bones, and they lose bone more rapidly than men because of hormone changes that occur after menopause. therefore, women are at higher risk for osteoporosis."
what are the symptoms of osteoporosis ?,"fractures -- a possible warning sign osteoporosis does not have any symptoms until a fracture occurs. women and men with osteoporosis most often break bones in the hip, spine, and wrist. but any fracture in an older person could be a warning sign that the bone is weaker than optimal. some people may be unaware that they have already experienced one or more spine fractures. height loss of one inch or more may be the first sign that someone has experienced spine fractures due to osteoporosis. multiple spine fractures can cause a curved spine, stooped posture, back pain, and back fatigue. women and men who have had a fracture are at high risk of experiencing another one. a fracture over the age of 50 or several fractures before that age may be a warning sign that a person has already developed osteoporosis. people over the age of 50 who have experienced a fracture should talk to their doctor about getting evaluated for osteoporosis. risk factors for fractures the more likely you are to fall, the higher your risk for a fracture. and more severe falls increase your risk for fractures. factors that increase your risk of falling and of fracturing a bone include - decreased muscle strength - poor balance - impaired eyesight - impaired mental abilities - certain medications, such as tranquilizers and muscle relaxants - hazardous elements in your living environment, such as slippery throw rugs and icy sidewalks. decreased muscle strength poor balance impaired eyesight impaired mental abilities certain medications, such as tranquilizers and muscle relaxants hazardous elements in your living environment, such as slippery throw rugs and icy sidewalks. the angle at which you fall also affects your risk of fracture. hip fractures although low bone mass (or low bone density) plays an important role in determining a person's risk of osteoporosis, it is only one of many risk factors for fractures. various aspects of bone geometry, such as tallness, hip structure, and thighbone (femur) length, can also affect your chances of breaking a bone if you fall. increasing age, too much weight loss, a history of fractures since age 50, having an existing spine fracture, and having a mother who fractured her hip all increase the risk of hip fracture regardless of a person's bone density. people with more risk factors have a higher chance of suffering a hip fracture."
what are the treatments for osteoporosis ?,"a comprehensive osteoporosis treatment program includes a focus on proper nutrition, exercise, and safety issues to prevent falls that may result in fractures. in addition, your doctor may prescribe a medication to slow or stop bone loss, increase bone density, and reduce fracture risk. nutrition. the foods we eat contain a variety of vitamins, minerals, and other important nutrients that help keep our bodies healthy. all of these nutrients are needed in balanced proportion. in particular, calcium and vitamin d are needed for strong bones and for your heart, muscles, and nerves to function properly. exercise. exercise is an important component of an osteoporosis prevention and treatment program. exercise not only improves your bone health, but it increases muscle strength, coordination, and balance, and leads to better overall health. although exercise is good for someone with osteoporosis, it should not put any sudden or excessive strain on your bones. as extra insurance against fractures, your doctor can recommend specific exercises to strengthen and support your back. therapeutic medications. several medications are available for the prevention and/or treatment of osteoporosis, including: bisphosphonates; estrogen agonists/antagonists (also called selective estrogen receptor modulators or serms); calcitonin; parathyroid hormone; estrogen therapy; hormone therapy; and a recently approved rank ligand (rankl) inhibitor. (watch the video to learn how exercise helped a 70-year-old woman with osteoporosis. to enlarge the video, click the brackets in the lower right-hand corner. to reduce the video, press the escape (esc) button on your keyboard.)"
what is (are) osteoporosis ?,"consider talking to your doctor about being evaluated for osteoporosis if - you are a man or woman over age 50 or a postmenopausal woman and you break a bone - you are a woman age 65 or older - you are a woman younger than 65 and at high risk for fractures - you have lost height, developed a stooped or hunched posture, or experienced sudden back pain with no apparent cause - you have been taking glucocorticoid medications such as prednisone, cortisone, or dexamethasone for 2 months or longer or are taking other medications known to cause bone loss - you have a chronic illness or are taking a medication that is known to cause bone loss - you have anorexia nervosa or a history of this eating disorder. - you are a premenopausal woman, not pregnant, and your menstrual periods have stopped, are irregular, or never started when you reached puberty. you are a man or woman over age 50 or a postmenopausal woman and you break a bone you are a woman age 65 or older you are a woman younger than 65 and at high risk for fractures you have lost height, developed a stooped or hunched posture, or experienced sudden back pain with no apparent cause you have been taking glucocorticoid medications such as prednisone, cortisone, or dexamethasone for 2 months or longer or are taking other medications known to cause bone loss you have a chronic illness or are taking a medication that is known to cause bone loss you have anorexia nervosa or a history of this eating disorder. you are a premenopausal woman, not pregnant, and your menstrual periods have stopped, are irregular, or never started when you reached puberty. here is how to find an appropriate health care professional to treat osteoporosis."
who is at risk for osteoporosis? ?,"the more likely you are to fall, the higher your risk for a fracture. and more severe falls increase your risk for fractures. factors that increase your risk of falling and of fracturing a bone include - decreased muscle strength - poor balance - impaired eyesight - impaired mental abilities - certain medications, such as tranquilizers and muscle relaxants - hazardous elements in your living environment, such as slippery throw rugs and icy sidewalks. decreased muscle strength poor balance impaired eyesight impaired mental abilities certain medications, such as tranquilizers and muscle relaxants hazardous elements in your living environment, such as slippery throw rugs and icy sidewalks."
who is at risk for osteoporosis? ?,"risk factors you can't change some risk factors for osteoporosis cannot be changed. these include - gender. women are at higher risk for osteoporosis than men. they have smaller bones and lose bone more rapidly than men do because of hormone changes that occur after menopause. therefore, if you are a woman, you are at higher risk for osteoporosis. - age. because bones become thinner with age, the older you are, the greater your risk of osteoporosis. - ethnicity. caucasian and asian women are at the highest risk for osteoporosis. this is mainly due to differences in bone mass and density compared with other ethnic groups. african-american and hispanic women are also at risk, but less so. - family history. osteoporosis tends to run in families. if a family member has osteoporosis or breaks a bone, there is a greater chance that you will too. - history of previous fracture. people who have had a fracture after the age of 50 are at high risk of having another. gender. women are at higher risk for osteoporosis than men. they have smaller bones and lose bone more rapidly than men do because of hormone changes that occur after menopause. therefore, if you are a woman, you are at higher risk for osteoporosis. age. because bones become thinner with age, the older you are, the greater your risk of osteoporosis. ethnicity. caucasian and asian women are at the highest risk for osteoporosis. this is mainly due to differences in bone mass and density compared with other ethnic groups. african-american and hispanic women are also at risk, but less so. family history. osteoporosis tends to run in families. if a family member has osteoporosis or breaks a bone, there is a greater chance that you will too. history of previous fracture. people who have had a fracture after the age of 50 are at high risk of having another. risk factors you can change there are other risk factors for osteoporosis that can be changed. - poor diet. getting too little calcium over your lifetime can increase your risk for osteoporosis. not getting enough vitamin d -- either from your diet, supplements, or sunlight -- can also increase your risk for osteoporosis. vitamin d is important because it helps the body absorb calcium. an overall diet adequate in protein and other vitamins and minerals is also essential for bone health. - physical inactivity. not exercising and being inactive or staying in bed for long periods can increase your risk of developing osteoporosis. like muscles, bones become stronger with exercise. - smoking. cigarette smokers may absorb less calcium from their diets. in addition, women who smoke have lower levels of estrogen in their bodies. learn more about smoking and bone health. poor diet. getting too little calcium over your lifetime can increase your risk for osteoporosis. not getting enough vitamin d -- either from your diet, supplements, or sunlight -- can also increase your risk for osteoporosis. vitamin d is important because it helps the body absorb calcium. an overall diet adequate in protein and other vitamins and minerals is also essential for bone health. physical inactivity. not exercising and being inactive or staying in bed for long periods can increase your risk of developing osteoporosis. like muscles, bones become stronger with exercise. smoking. cigarette smokers may absorb less calcium from their diets. in addition, women who smoke have lower levels of estrogen in their bodies. learn more about smoking and bone health. - medications. some commonly used medicines can cause loss of bone mass. these include a type of steroid called glucocorticoids, which are used to control diseases such as arthritis and asthma; some antiseizure drugs; some medicines that treat endometriosis; and some cancer drugs. using too much thyroid hormone for an underactive thyroid can also be a problem. talk to your doctor about the medications you are taking and what you can do to protect your bones. - low body weight. women who are thin -- and small-boned -- are at greater risk for osteoporosis. medications. some commonly used medicines can cause loss of bone mass. these include a type of steroid called glucocorticoids, which are used to control diseases such as arthritis and asthma; some antiseizure drugs; some medicines that treat endometriosis; and some cancer drugs. using too much thyroid hormone for an underactive thyroid can also be a problem. talk to your doctor about the medications you are taking and what you can do to protect your bones. low body weight. women who are thin -- and small-boned -- are at greater risk for osteoporosis. use this checklist to find out if you are at risk for weak bones. many of these risk factors, both ones you can change and ones you cannot change, affect peak bone mass, which is when your bones achieve maximum strength and density. because high peak bone density can reduce osteoporosis risk later in life, it makes sense to pay more attention to those factors that affect peak bone mass. learn more about peak bone mass."
who is at risk for osteoporosis? ?,"here are risk factors for osteoporosis that you can control. - poor diet. getting too little calcium over your lifetime can increase your risk for osteoporosis. not getting enough vitamin d -- either from your diet, supplements, or sunlight -- can also increase your risk for osteoporosis. vitamin d is important because it helps the body absorb calcium. an overall diet adequate in protein and other vitamins and minerals is also essential for bone health. - physical inactivity. not exercising and being inactive or staying in bed for long periods can increase your risk of developing osteoporosis. like muscles, bones become stronger with exercise. - smoking. cigarette smokers may absorb less calcium from their diets. in addition, women who smoke have lower levels of estrogen in their bodies. learn more about smoking and bone health. - medications. some commonly used medicines can cause loss of bone mass. these include a type of steroid called glucocorticoids, which are used to control diseases such as arthritis and asthma; some antiseizure drugs; some medicines that treat endometriosis; and some cancer drugs. using too much thyroid hormone for an underactive thyroid can also be a problem. talk to your doctor about the medications you are taking and what you can do to protect your bones. - low body weight. women who are thin -- and small-boned -- are at greater risk for osteoporosis. poor diet. getting too little calcium over your lifetime can increase your risk for osteoporosis. not getting enough vitamin d -- either from your diet, supplements, or sunlight -- can also increase your risk for osteoporosis. vitamin d is important because it helps the body absorb calcium. an overall diet adequate in protein and other vitamins and minerals is also essential for bone health. physical inactivity. not exercising and being inactive or staying in bed for long periods can increase your risk of developing osteoporosis. like muscles, bones become stronger with exercise. smoking. cigarette smokers may absorb less calcium from their diets. in addition, women who smoke have lower levels of estrogen in their bodies. learn more about smoking and bone health. medications. some commonly used medicines can cause loss of bone mass. these include a type of steroid called glucocorticoids, which are used to control diseases such as arthritis and asthma; some antiseizure drugs; some medicines that treat endometriosis; and some cancer drugs. using too much thyroid hormone for an underactive thyroid can also be a problem. talk to your doctor about the medications you are taking and what you can do to protect your bones. low body weight. women who are thin -- and small-boned -- are at greater risk for osteoporosis."
what are the treatments for parkinson's disease ?,"deep brain stimulation deep brain stimulation, or dbs, is a surgical procedure used to treat a variety of disabling disorders. it is most commonly used to treat the debilitating symptoms of parkinsons disease. deep brain stimulation uses an electrode surgically implanted into part of the brain. the electrodes are connected by a wire under the skin to a small electrical device called a pulse generator that is implanted in the chest. the pulse generator and electrodes painlessly stimulate the brain in a way that helps to stop many of the symptoms of parkinson's such as tremor, bradykinesia, and rigidity. dbs is primarily used to stimulate one of three brain regions: the subthalamic nucleus, the globus pallidus, or the thalamus. researchers are exploring optimal generator settings for dbs, whether dbs of other brain regions will also improve symptoms of parkinsons disease, and also whether dbs may slow disease progression. deep brain stimulation usually reduces the need for levodopa and related drugs, which in turn decreases dyskinesias and other side effects. it also helps to relieve on-off fluctuation of symptoms. people who respond well to treatment with levodopa tend to respond well to dbs. unfortunately, older people who have only a partial response to levodopa may not improve with dbs. complementary and supportive therapies a wide variety of complementary and supportive therapies may be used for parkinson's disease. among these therapies are standard physical, occupational, and speech therapies, which help with gait and voice disorders, tremors and rigidity, and decline in mental functions. other supportive therapies include diet and exercise. diet at this time there are no specific vitamins, minerals, or other nutrients that have any proven therapeutic value in parkinson's disease. some early reports have suggested that dietary supplements might protect against parkinson's. also, a preliminary clinical study of a supplement called coenzyme q10 suggested that large doses of this substance might slow disease progression in people with early-stage parkinson's. this supplement is now being tested in a large clinical trial. other studies are being conducted to find out if caffeine, antioxidants, nicotine, and other dietary factors may help prevent or treat the disease. while there is currently no proof that any specific dietary factor is beneficial, a normal, healthy diet can promote overall well-being for people with parkinson's disease, just as it would for anyone else. a high protein meal, however, may limit levodopa's effectiveness because for a time afterwards less levodopa passes through the blood-brain barrier. exercise exercise can help people with parkinson's improve their mobility and flexibility. it can also improve their emotional well-being. exercise may improve the brain's dopamine production or increase levels of beneficial compounds called neurotrophic factors in the brain. other therapies other complementary therapies include massage therapy, yoga, tai chi, hypnosis, acupuncture, and the alexander technique, which improves posture and muscle activity. there have been limited studies suggesting mild benefits from some of these therapies, but they do not slow parkinson's disease and to date there is no convincing evidence that they help. however, this remains an active area of investigation."
how to diagnose parkinson's disease ?,"there are currently no blood or laboratory tests to diagnose sporadic parkinson's disease. diagnosis is based on a person's medical history and a neurological examination, but the disease can be difficult to diagnose accurately. doctors may sometimes request brain scans or laboratory tests in order to rule out other diseases. however, computed tomography (ct) and magnetic resonance imaging (mri) brain scans of people with parkinson's usually appear normal. recently, the fda (food and drug administration) has approved an imaging technique called datscan, which may help to increase accuracy of the diagnosis of parkinsons disease. since many other diseases have similar features but require different treatments, it is very important to make an exact diagnosis as soon as possible to ensure proper treatment."
what is (are) parkinson's disease ?,"parkinson's disease (pd) is a type of movement disorder. it happens when nerve cells in the brain don't produce enough of a brain chemical called dopamine. sometimes it is genetic, but most cases do not seem to run in families. exposure to chemicals in the environment might play a role. symptoms begin gradually, often on one side of the body. later they affect both sides. they include - trembling of hands, arms, legs, jaw and face - stiffness of the arms, legs and trunk - slowness of movement - poor balance and coordination as symptoms get worse, people with the disease may have trouble walking, talking, or doing simple tasks. they may also have problems such as depression, sleep problems, or trouble chewing, swallowing, or speaking. there is no lab test for pd, so it can be difficult to diagnose. doctors use a medical history and a neurological examination to diagnose it. pd usually begins around age 60, but it can start earlier. it is more common in men than in women. there is no cure for pd. a variety of medicines sometimes help symptoms dramatically. surgery and deep brain stimulation (dbs) can help severe cases. with dbs, electrodes are surgically implanted in the brain. they send electrical pulses to stimulate the parts of the brain that control movement. nih: national institute of neurological disorders and stroke"
what is (are) parkinson's disease ?,"the parkinsons disease biomarkers identification network, or pd-bin, is an initiative developed by the national institute of neurological disorders and stroke to discover and validate biomarkers for parkinsons disease. biomarkers are measurable characteristics that can reveal whether the disease is developing or progressing. biomarkers could help doctors detect parkinsons disease before symptoms appear and improve diagnosis of the disorder."
what are the symptoms of parkinson's disease ?,"parkinson's belongs to a group of neurological conditions called movement disorders. the four main symptoms of parkinson's disease are: - tremor, or trembling in hands, arms, legs, jaw, or head - rigidity, or stiffness of the limbs and trunk - bradykinesia, or slowness of movement - postural instability, or impaired balance. tremor, or trembling in hands, arms, legs, jaw, or head rigidity, or stiffness of the limbs and trunk bradykinesia, or slowness of movement postural instability, or impaired balance. other symptoms include depression, emotional changes, difficulty swallowing, speech changes, urinary problems, sleep problems, and dementia and other cognitive problems. parkinson's symptoms usually begin gradually and get worse over time. as the symptoms become more severe, people with the disorder may have difficulty walking, talking, or completing other simple tasks. they also experience non-motor, or movement, symptoms including mental and behavioral changes, sleep problems, depression, memory difficulties, and fatigue. parkinson's disease not only affects the brain, but the entire body. while the brain involvement is responsible for the core features, other affected locations contribute to the complicated picture of parkinson's."
what research (or clinical trials) is being done for parkinson's disease ?,"in recent years, research on parkinson's has advanced to the point that halting the progression of the disease, restoring lost function, and even preventing the disease are all considered realistic goals. while the goal of preventing parkinson's disease may take years to achieve, researchers are making great progress in understanding and treating it. genetics research one of the most exciting areas of parkinson's research is genetics. studying the genes responsible for inherited cases can help researchers understand both inherited and sporadic cases of the disease. identifying gene defects can also help researchers - understand how parkinson's occurs - develop animal models that accurately mimic the death of nerve cells in humans - identify new approaches to drug therapy - improve diagnosis. understand how parkinson's occurs develop animal models that accurately mimic the death of nerve cells in humans identify new approaches to drug therapy improve diagnosis. researchers funded by the national institute of neurological disorders and stroke are gathering information and dna samples from hundreds of families with members who have parkinson's and are conducting large-scale studies to identify gene variants that are associated with increased risk of developing the disease. they are also comparing gene activity in parkinson's with gene activity in similar diseases such as progressive supranuclear palsy. in addition to identifying new genes for parkinson's disease, researchers are trying to learn about the function of genes known to be associated with the disease, and about how gene mutations cause disease. effects of environmental toxins scientists continue to study environmental toxins such as pesticides and herbicides that can cause parkinson's symptoms in animals. they have found that exposing rodents to the pesticide rotenone and several other agricultural chemicals can cause cellular and behavioral changes that mimic those seen in parkinson's. role of lewy bodies other studies focus on how lewy bodies form and what role they play in parkinson's disease. some studies suggest that lewy bodies are a byproduct of a breakdown that occurs within nerve cells, while others indicate that lewy bodies are protective, helping neurons ""lock away"" abnormal molecules that might otherwise be harmful. identifying biomarkers biomarkers for parkinson's -- measurable characteristics that can reveal whether the disease is developing or progressing -- are another focus of research. such biomarkers could help doctors detect the disease before symptoms appear and improve diagnosis of the disease. they also would show if medications and other types of therapy have a positive or negative effect on the course of the disease. the national disorders of neurological disorders and stroke has developed an initiative, the parkinsons disease biomarkers identification network (pd-bin), designed specifically to address these questions and to discover and validate biomarkers for parkinsons disease. transcranial therapies researchers are conducting many studies of new or improved therapies for parkinson's disease. studies are testing whether transcranial electrical polarization (tep) or transcranial magnetic stimulation (tms) can reduce the symptoms of the disease. in tep, electrodes placed on the scalp are used to generate an electrical current that modifies signals in the brain's cortex. in tms, an insulated coil of wire on the scalp is used to generate a brief electrical current. drug discovery a variety of new drug treatments for parkinson's disease are in clinical trials. several mao-b inhibitors including selegiline, lazabemide, and rasagiline, are being tested to determine if they have neuroprotective effects in people with parkinsons disease. the national institute of neurological disorders and stroke has launched a broad effort to find drugs to slow the progression of parkinson's disease, called net-pd or nih exploratory trials in parkinson's disease. the first studies tested several compounds; one of these, creatine, is now being evaluated in a larger clinical trial. the net-pd investigators are testing a highly purified form of creatine, a nutritional supplement, to find out if it slows the decline seen in people with parkinson's. creatine is a widely used dietary supplement thought to improve exercise performance. cellular energy is stored in a chemical bond between creatine and a phosphate. more recently, net-pd has initiated pilot studies to test pioglitazone, a drug that has been shown to stimulate mitochondrial function. because mitochondrial function may be less active in parkinsons disease, this drug may protect vulnerable dopamine neurons by boosting mitochondrial function. cell implantation another potential approach to treating parkinson's disease is to implant cells to replace those lost in the disease. starting in the 1990s, researchers conducting a controlled clinical trial of fetal tissue implants tried to replace lost dopamine-producing nerve cells with healthy ones from fetal tissue in order to improve movement and the response to medications. while many of the implanted cells survived in the brain and produced dopamine, this therapy was associated with only modest functional improvements, mostly in patients under the age of 60. some of the people who received the transplants developed disabling dyskinesias that could not be relieved by reducing anti-parkinsonian medications. stem cells another type of cell therapy involves stem cells. some stem cells derived from embryos can develop into any kind of cell in the body, while others, called progenitor cells, are less flexible. researchers are developing methods to improve the number of dopamine-producing cells that can be grown from embryonic stem cells in culture. other researchers are also exploring whether stem cells from adult brains might be useful in treating parkinson's disease. recent studies suggest that some adult cells from skin can be reprogrammed to an embryonic-like state, resulting in induced pluripotent stem cells (ipsc) that may someday be used for treatment of parkinsons. in addition, development and characterization of cells from people with sporadic or inherited parkinsons may reveal information about cellular mechanisms of disease and identify targets for drug development. gene therapy a number of early clinical trials are now underway to test whether gene therapy can improve parkinson's disease. genes which are found to improve cellular function in models of parkinson's are inserted into modified viruses. the genetically engineered viruses are then injected into the brains of people with parkinson's disease. clinical studies have focused on the therapeutic potential of neurotrophic factors, including gdnf and neurturin, and enzymes that produce dopamine. these trials will test whether the viruses, by lending to the production of the protective gene product, improve symptoms of parkinson's over time. the national institute of neurological disorders and stroke also supports the morris k. udall centers of excellence for parkinson's disease research program . these centers, located across the usa, study cellular mechanisms underlying parkinsons disease, identify and characterize disease-associated genes, and discover and develop potential therapeutic targets. the centers' multidisciplinary research environment allows scientists to take advantage of new discoveries in the basic, translational and clinical sciences that could lead to clinical advances for parkinsons disease."
what causes parkinson's disease ?,"parkinson's disease occurs when nerve cells, or neurons, in an area of the brain that controls movement die or become impaired. normally, these neurons produce an important brain chemical known as dopamine, but once the neurons become impaired, they produce less dopamine and eventually die. it is this shortage of dopamine that causes the movement problems of people with parkinson's."
what is (are) parkinson's disease ?,"parkinson's disease (pd) belongs to a group of conditions called motor system disorders, which are the result of the loss of dopamine-producing brain cells. the four primary symptoms of pd are tremor, or trembling in hands, arms, legs, jaw, and face; rigidity, or stiffness of the limbs and trunk; bradykinesia, or slowness of movement; and postural instability, or impaired balance and coordination. as these symptoms become more pronounced, patients may have difficulty walking, talking, or completing other simple tasks. pd usually affects people over the age of 60. early symptoms of pd are subtle and occur gradually. in some people the disease progresses more quickly than in others. as the disease progresses, the shaking, or tremor, which affects the majority of people with pd may begin to interfere with daily activities. other symptoms may include depression and other emotional changes; difficulty in swallowing, chewing, and speaking; urinary problems or constipation; skin problems; and sleep disruptions. there are currently no blood or laboratory tests that have been proven to help in diagnosing sporadic pd. therefore the diagnosis is based on medical history and a neurological examination. the disease can be difficult to diagnose accurately. doctors may sometimes request brain scans or laboratory tests in order to rule out other diseases."
what research (or clinical trials) is being done for parkinson's disease ?,genetics is one of the most exciting areas of parkinson's disease research. studying the genes responsible for inherited cases can help researchers understand both inherited and sporadic cases of the disease. sporadic means the disease occurs randomly and does not seem to run in families. identifying gene defects can also help researchers - understand how the disease occurs - develop animal models that accurately mimic the death of nerve cells in human parkinson's disease - identify new drug targets - improve diagnosis. understand how the disease occurs develop animal models that accurately mimic the death of nerve cells in human parkinson's disease identify new drug targets improve diagnosis.
what is (are) parkinson's disease ?,"a brain disorder parkinson's disease is a brain disorder that leads to shaking, stiffness, and difficulty with walking, balance, and coordination. it affects about half a million people in the united states although the numbers may be much higher. the average age of onset is 60 years, and the risk of developing parkinson's goes up with age. parkinson's disease was first described in 1817 by james parkinson, a british doctor who published a paper on what he called ""the shaking palsy."" in this paper, he described the major symptoms of the disease that would later bear his name. four main symptoms parkinson's disease belongs to a group of neurological conditions called movement disorders. the four main symptoms of parkinson's are: - tremor, or trembling in hands, arms, legs, jaw, or head - rigidity, or stiffness of the limbs and trunk - bradykinesia, or slowness of movement - postural instability, or impaired balance. tremor, or trembling in hands, arms, legs, jaw, or head rigidity, or stiffness of the limbs and trunk bradykinesia, or slowness of movement postural instability, or impaired balance. parkinson's symptoms usually begin gradually and get worse over time. as the symptoms become more severe, people with the disorder may have difficulty walking, talking, or completing other simple tasks. they also experience non-motor, or movement, symptoms including mental and behavioral changes, sleep problems, depression, memory difficulties, and fatigue. parkinson's disease not only affects the brain, but the entire body. while the brain involvement is responsible for the core features, other affected locations contribute to the complicated picture of parkinson's. parkinson's disease is both chronic, meaning it lasts for a long time, and progressive, meaning its symptoms grow worse over time. it is not contagious. diagnosis can be difficult about 60,000 americans are diagnosed with parkinson's disease each year. however, it's difficult to know exactly how many have it because many people in the early stages of the disease think their symptoms are due to normal aging and do not seek help from a doctor. also, diagnosis is sometimes difficult because there are no medical tests that can diagnose the disease with certainty and because other conditions may produce symptoms of parkinson's. for example, people with parkinson's may sometimes be told by their doctors that they have other disorders, and people with diseases similar to parkinson's may be incorrectly diagnosed as having parkinson's. a persons good response to the drug levodopa may support the diagnosis. levodopa is the main therapy for parkinsons disease. who is at risk? both men and women can have parkinsons disease. however, the disease affects about 50 percent more men than women. while the disease is more common in developed countries, studies also have found an increased risk of parkinson's disease in people who live in rural areas and in those who work in certain professions, suggesting that environmental factors may play a role in the disorder. researchers are focusing on additional risk factors for parkinsons disease. one clear risk factor for parkinson's is age. the average age of onset is 60 years and the risk rises significantly with advancing age. however, about 5 to 10 percent of people with parkinson's have ""early-onset"" disease which begins before the age of 50. early-onset forms of parkinson's are often inherited, though not always, and some have been linked to specific gene mutations. juvenile parkinsonism in very rare cases, parkinsonian symptoms may appear in people before the age of 20. this condition is called juvenile parkinsonism. it is most commonly seen in japan but has been found in other countries as well. it usually begins with dystonia (sustained muscle contractions causing twisting movements) and bradykinesia (slowness of movement), and the symptoms often improve with levodopa medication. juvenile parkinsonism often runs in families and is sometimes linked to a mutated gene. some cases are inherited evidence suggests that, in some cases, parkinsons disease may be inherited. an estimated 15 to 25 percent of people with parkinson's have a known relative with the disease. people with one or more close relatives who have parkinson's have an increased risk of developing the disease themselves, but the total risk is still just 2 to 5 percent unless the family has a known gene mutation for the disease. a gene mutation is a change or alteration in the dna or genetic material that makes up a gene. researchers have discovered several genes that are linked to parkinson's disease. the first to be identified was alpha-synuclein or snca. inherited cases of parkinsons disease are caused by mutations in the lrrk2, park2 or parkin, park7 or dj-1, pink1, or snca genes, or by mutations in genes that have not yet been identified."
what are the treatments for parkinson's disease ?,"at present, there is no cure for pd, but a variety of medications provide dramatic relief from the symptoms. usually, affected individuals are given levodopa combined with carbidopa. carbidopa delays the conversion of levodopa into dopamine until it reaches the brain. nerve cells can use levodopa to make dopamine and replenish the brain's dwindling supply. although levodopa helps at least three-quarters of parkinsonian cases, not all symptoms respond equally to the drug. bradykinesia and rigidity respond best, while tremor may be only marginally reduced. problems with balance and other symptoms may not be alleviated at all. anticholinergics may help control tremor and rigidity. other drugs, such as bromocriptine, pramipexole, and ropinirole, mimic the role of dopamine in the brain, causing the neurons to react as they would to dopamine. an antiviral drug, amantadine, also appears to reduce symptoms. in may 2006, the fda approved rasagiline to be used along with levodopa for patients with advanced pd or as a single-drug treatment for early pd. in some cases, surgery may be appropriate if the disease doesn't respond to drugs. a therapy called deep brain stimulation (dbs) has now been approved by the u.s. food and drug administration. in dbs, electrodes are implanted into the brain and connected to a small electrical device called a pulse generator that can be externally programmed. dbs can reduce the need for levodopa and related drugs, which in turn decreases the involuntary movements called dyskinesias that are a common side effect of levodopa. it also helps to alleviate fluctuations of symptoms and to reduce tremors, slowness of movements, and gait problems. dbs requires careful programming of the stimulator device in order to work correctly."
who is at risk for parkinson's disease? ?,"about 60,000 americans are diagnosed with parkinson's disease each year. the disease strikes about 50 percent more men than women. the average age of onset is 60 years, and the risk of developing the disease increases with age. parkinson's disease is also more common in developed countries, possibly because of increased exposure to pesticides or other environmental toxins."
what is (are) parkinson's disease ?,"lewy bodies are unusual deposits or clumps of the brain protein alpha-synuclein, along with other proteins, which are seen upon microscopic examination of the brain. many brain cells of people with parkinson's disease contain lewy bodies. researchers do not yet know why lewy bodies form or what role they play in the development of parkinson's disease. the clumps may prevent the cell from functioning normally, or they may actually be helpful, perhaps by keeping harmful proteins ""locked up"" so that the cells can function."
what research (or clinical trials) is being done for peripheral arterial disease (p.a.d.) ?,"the national heart, lung, and blood institute (nhlbi) supports research aimed at learning more about peripheral arterial disease (p.a.d.). for example, nhlbi-supported research on p.a.d. includes studies that - explore whether group walking sessions increase physical activity in people who have p.a.d. - compare how effective certain exercise programs are at reducing leg pain in people who have p.a.d. - examine how inflammation and insulin resistance affect people who have p.a.d. explore whether group walking sessions increase physical activity in people who have p.a.d. compare how effective certain exercise programs are at reducing leg pain in people who have p.a.d. examine how inflammation and insulin resistance affect people who have p.a.d. much of this research depends on the willingness of volunteers to take part in clinical trials. clinical trials test new ways to prevent, diagnose, or treat various diseases and conditions. carefully conducted clinical trials are the fastest and safest way to find treatments that work in people and ways to improve health. for more information about clinical trials related to p.a.d., talk with your doctor. you also can visit the following web sites to learn more about clinical research and to search for clinical trials. - - - - -"
how to prevent peripheral arterial disease (p.a.d.) ?,"treatment and prevention for p.a.d. often includes making long-lasting lifestyle changes, such as - quitting smoking - lowering blood pressure - lowering high blood cholesterol levels - lowering high blood glucose levels if you have diabetes - getting regular physical activity - following a healthy eating plan that's low in total fat, saturated fat, trans fat, cholesterol, and sodium (salt). quitting smoking lowering blood pressure lowering high blood cholesterol levels lowering high blood glucose levels if you have diabetes getting regular physical activity following a healthy eating plan that's low in total fat, saturated fat, trans fat, cholesterol, and sodium (salt). two examples of healthy eating plans are therapeutic lifestyle changes (tlc) and dietary approaches to stop hypertension (dash)."
what is (are) peripheral arterial disease (p.a.d.) ?,"arteries clogged with plaque peripheral arterial disease (p.a.d.) is a disease in which plaque (plak) builds up in the arteries that carry blood to your head, organs, and limbs. plaque is made up of fat, cholesterol, calcium, fibrous tissue, and other substances in the blood. when plaque builds up in the body's arteries, the condition is called atherosclerosis (ath-er-o-skler-o-sis). over time, plaque can harden and narrow the arteries. this limits the flow of oxygen-rich blood to your organs and other parts of your body. p.a.d. usually affects the arteries in the legs, but it can also affect the arteries that carry blood from your heart to your head, arms, kidneys, and stomach. blocked blood flow to your legs can cause pain and numbness. it also can raise your risk of getting an infection in the affected limbs. your body may have a hard time fighting the infection. why is p.a.d. dangerous? over time, the plaque may crack and cause blood clots to form. these blood clots can block arteries, causing pain, numbness, inflammation, and even permanent tissue damage in the affected part of the body. if severe enough, blocked blood flow can cause tissue death (also called gangrene.) in very serious cases, this can lead to leg amputation. p.a.d. currently affects 8 million to 12 million americans. about 1 in every 20 americans over the age of 50 has p.a.d. african americans are more than twice as likely as caucasians to have p.a.d. if you have p.a.d., your risk of coronary artery disease, heart attack, stroke, and transient ischemic attack (""mini-stroke"") is much higher than in people without p.a.d. if you have coronary artery disease, you have a 1 in 3 chance of having blocked leg arteries. although p.a.d. is serious, it is treatable. if you have the disease, it's important to see your doctor regularly and treat the underlying atherosclerosis. other names for peripheral arterial disease - atherosclerotic peripheral arterial disease - claudication (klaw-dih-ka-shen) - hardening of the arteries - leg cramps from poor circulation - peripheral vascular disease - poor circulation - vascular disease atherosclerotic peripheral arterial disease claudication (klaw-dih-ka-shen) hardening of the arteries leg cramps from poor circulation peripheral vascular disease poor circulation vascular disease"
how to diagnose peripheral arterial disease (p.a.d.) ?,"there are several tests used to diagnose p.a.d. these include - an ankle-brachial index (abi). this test compares blood pressure in your ankle to blood pressure in your arm. it shows how well blood is flowing in your limbs. - a doppler ultrasound. this test uses sound waves to show whether a blood vessel is blocked. a blood pressure cuff and special device measure blood flow in the veins and arteries of the limbs. a doppler ultrasound can help find out how where p.a.d. is. - a treadmill test. this test shows if you have any problems during normal walking, how severe your symptoms are, and what level of exercise brings them on. - a magnetic resonance angiogram (mra). this test uses magnetic and radio waves to take pictures of your blood vessels. an mra can find the location of a blocked blood vessel and show how severe the blockage is. - an arteriogram. this test is used to find the exact location of a blocked artery. dye is injected through a needle or catheter (thin tube) into an artery, then an x-ray is taken. the pictures from the x-ray can show the location, type, and extent of the blockage in the artery. - blood tests. these tests check for p.a.d. risk factors such as diabetes and high blood cholesterol levels. an ankle-brachial index (abi). this test compares blood pressure in your ankle to blood pressure in your arm. it shows how well blood is flowing in your limbs. a doppler ultrasound. this test uses sound waves to show whether a blood vessel is blocked. a blood pressure cuff and special device measure blood flow in the veins and arteries of the limbs. a doppler ultrasound can help find out how where p.a.d. is. a treadmill test. this test shows if you have any problems during normal walking, how severe your symptoms are, and what level of exercise brings them on. a magnetic resonance angiogram (mra). this test uses magnetic and radio waves to take pictures of your blood vessels. an mra can find the location of a blocked blood vessel and show how severe the blockage is. an arteriogram. this test is used to find the exact location of a blocked artery. dye is injected through a needle or catheter (thin tube) into an artery, then an x-ray is taken. the pictures from the x-ray can show the location, type, and extent of the blockage in the artery. blood tests. these tests check for p.a.d. risk factors such as diabetes and high blood cholesterol levels."
what causes peripheral arterial disease (p.a.d.) ?,"the most common cause of p.a.d. is atherosclerosis, a buildup of plaque in the arteries. over time, plaque can harden and narrow the arteries. this limits the flow of oxygen-rich blood to your organs and other parts of your body."
what are the symptoms of peripheral arterial disease (p.a.d.) ?,"common symptoms some people with p.a.d. do not have any symptoms. others may have a number of signs and symptoms. people who have p.a.d. may notice symptoms when walking or climbing stairs. these symptoms may include pain, aching, or heaviness in the leg muscles. symptoms may also include - pain - aching, or heaviness in the leg muscles - cramping in the affected leg(s) and in the buttocks, thighs, calves, and feet. pain aching, or heaviness in the leg muscles cramping in the affected leg(s) and in the buttocks, thighs, calves, and feet. they may go away after resting. these symptoms are called intermittent claudication (klaw-dih-ka-shen). if you have leg pain if you have leg pain when you walk or climb stairs, talk to your doctor. sometimes older people think that leg pain is part of aging when it could be p.a.d. tell your doctor if you're feeling pain in your legs, and discuss whether you should be tested for p.a.d. other possible signs possible signs of p.a.d. include - weak or absent pulses in the legs or feet - sores or wounds on the toes, feet, or legs that heal slowly, poorly, or not at all - a pale or bluish color to the skin - a lower temperature in one leg compared to the other leg - poor toenail growth and decreased leg hair growth - erectile dysfunction, especially in men who have diabetes. weak or absent pulses in the legs or feet sores or wounds on the toes, feet, or legs that heal slowly, poorly, or not at all a pale or bluish color to the skin a lower temperature in one leg compared to the other leg poor toenail growth and decreased leg hair growth erectile dysfunction, especially in men who have diabetes. should i be checked for p.a.d.? even if you don't have symptoms or signs of p.a.d., you could still have the disease. ask your doctor whether you should get checked for p.a.d. if you are - age 70 or older - age 50 or older and have a history of smoking or diabetes - younger than 50 years old and have diabetes and one or more risk factors for atherosclerosis. these risk factors include high cholesterol levels, high blood pressure, smoking, and being overweight. age 70 or older age 50 or older and have a history of smoking or diabetes younger than 50 years old and have diabetes and one or more risk factors for atherosclerosis. these risk factors include high cholesterol levels, high blood pressure, smoking, and being overweight."
how to prevent peripheral arterial disease (p.a.d.) ?,"what causes p.a.d.? the most common cause of p.a.d. is atherosclerosis, a buildup of plaque in the arteries. the exact cause of atherosclerosis isn't known. certain people are at higher risk for developing atherosclerosis. the disease may start if certain factors damage the inner layers of the arteries. these factors include - smoking - high amounts of certain fats and cholesterol in the blood - high blood pressure - high amounts of sugar in the blood due to insulin resistance or diabetes. smoking high amounts of certain fats and cholesterol in the blood high blood pressure high amounts of sugar in the blood due to insulin resistance or diabetes. the major risk factors for p.a.d. are smoking, older age, and having certain diseases or conditions. the effects of smoking smoking is the main risk factor for p.a.d. your risk of p.a.d. increases four times if you smoke or have a history of smoking. on average, people who smoke and develop p.a.d. have symptoms 10 years earlier than people who don't smoke and develop p.a.d. quitting smoking slows the progress of p.a.d. smoking even one or two cigarettes a day can interfere with p.a.d. treatments. people who smoke and people who have diabetes are at highest risk for p.a.d. complications such as gangrene (tissue death) in the leg from decreased blood flow. older age older age also is a risk factor for p.a.d. plaque builds up in your arteries as you age. about 1 in every 20 americans over the age of 50 has p.a.d. the risk continues to rise as you get older. older age combined with other factors, such as smoking or diabetes, also puts you at higher risk for p.a.d. diseases that put you at risk many diseases and conditions can raise your risk of p.a.d., including - diabetes. about 1 in 3 people older than 50 who has diabetes also has p.a.d. - high blood pressure - high blood cholesterol - coronary heart disease (chd) - stroke - metabolic syndrome (a group of risk factors that raise your risk of chd and other health problems, such as p.a.d., stroke, and diabetes). diabetes. about 1 in 3 people older than 50 who has diabetes also has p.a.d. high blood pressure high blood cholesterol coronary heart disease (chd) stroke metabolic syndrome (a group of risk factors that raise your risk of chd and other health problems, such as p.a.d., stroke, and diabetes). a family history of these conditions makes p.a.d. more likely. reducing your risk for p.a.d. taking action to control your risk factors can help prevent or delay p.a.d. there are several helpful lifestyle changes you can make. - quit smoking. smoking is the biggest risk factor for p.a.d. - eat a healthy diet. look for foods that are low in total fat, saturated fat, trans fat, cholesterol, and sodium (salt). - get regular exercise and physical activity. quit smoking. smoking is the biggest risk factor for p.a.d. eat a healthy diet. look for foods that are low in total fat, saturated fat, trans fat, cholesterol, and sodium (salt). get regular exercise and physical activity. these lifestyle changes can reduce your risk for p.a.d. and its complications. they can also help prevent and control conditions such as diabetes and high blood pressure that can lead to p.a.d."
what is (are) peripheral arterial disease (p.a.d.) ?,"here are links to more information about p.a.d. from the national heart, lung, and blood institute. - what is peripheral arterial disease? - atherosclerosis - the dash eating plan - facts about p.a.d. - facts about p.a.d. (spanish) - facts about p.a.d. for african americans - keep the beat: heart healthy recipes - smoking and your heart - your guide to physical activity and your heart - stay in circulation: take steps to learn about p.a.d. - stay in circulation: take steps to learn about p.a.d. wallet card - your guide to lowering your blood pressure with dash - your guide to lowering your cholesterol with tlc what is peripheral arterial disease? atherosclerosis the dash eating plan facts about p.a.d. facts about p.a.d. (spanish) facts about p.a.d. for african americans keep the beat: heart healthy recipes smoking and your heart your guide to physical activity and your heart stay in circulation: take steps to learn about p.a.d. stay in circulation: take steps to learn about p.a.d. wallet card your guide to lowering your blood pressure with dash your guide to lowering your cholesterol with tlc for print resources and materials on p.a.d. visit"
what is (are) peripheral arterial disease (p.a.d.) ?,"peripheral arterial disease (p.a.d.) is a disease in which plaque (plak) builds up in the arteries that carry blood to your head, organs, and limbs. plaque is made up of fat, cholesterol, calcium, fibrous tissue, and other substances in the blood. p.a.d. currently affects millions of americans, and about 1 in every 20 americans over the age of 50 has p.a.d."
what are the symptoms of peripheral arterial disease (p.a.d.) ?,"people who have p.a.d. may have symptoms when walking or climbing stairs. these may include pain, numbness, aching, or heaviness in the leg muscles. symptoms may also include cramping in the affected leg(s) and in the buttocks, thighs, calves, and feet. some possible signs of p.a.d. include - weak or absent pulses in the legs or feet - sores or wounds on the toes, feet, or legs that heal slowly - a pale or bluish color to the skin - poor nail growth on the toes and decreased hair growth on the legs - erectile dysfunction, especially among men who have diabetes. weak or absent pulses in the legs or feet sores or wounds on the toes, feet, or legs that heal slowly a pale or bluish color to the skin poor nail growth on the toes and decreased hair growth on the legs erectile dysfunction, especially among men who have diabetes."
what are the treatments for peripheral arterial disease (p.a.d.) ?,"yes. in some people, lifestyle changes are not enough to control p.a.d. surgery and other procedures may be needed. these may include bypass grafting surgery, angioplasty, a stent, or a procedure called atherectomy (ath-eh-rek-to-mee). - your doctor may recommend bypass grafting surgery if blood flow in your limb is blocked or nearly blocked. in this type of surgery, a blood vessel from another part of the body or a man-made tube is used to make a graft. this graft bypasses (goes around) the blocked part of the artery, which allows blood to flow around the blockage. this surgery doesn't cure p.a.d., but it may increase blood flow to the affected limb. your doctor may recommend bypass grafting surgery if blood flow in your limb is blocked or nearly blocked. in this type of surgery, a blood vessel from another part of the body or a man-made tube is used to make a graft. this graft bypasses (goes around) the blocked part of the artery, which allows blood to flow around the blockage. this surgery doesn't cure p.a.d., but it may increase blood flow to the affected limb. - angioplasty is used to restore blood flow through a narrowed or blocked artery. during this procedure, a catheter (thin tube) with a balloon or other device on the end is inserted into a blocked artery. the balloon is inflated, which pushes the plaque outward against the wall of the artery. this widens the artery and restores blood flow. angioplasty is used to restore blood flow through a narrowed or blocked artery. during this procedure, a catheter (thin tube) with a balloon or other device on the end is inserted into a blocked artery. the balloon is inflated, which pushes the plaque outward against the wall of the artery. this widens the artery and restores blood flow. - a stent (a small mesh tube) may be placed in the artery during angioplasty. a stent helps keep the artery open after the procedure is done. some stents are coated with medicine to help prevent blockages in the artery. a stent (a small mesh tube) may be placed in the artery during angioplasty. a stent helps keep the artery open after the procedure is done. some stents are coated with medicine to help prevent blockages in the artery. - a procedure called atherectomy (ath-eh-rek-to-mee) may be used to remove plaque buildup from an artery. during the procedure, a catheter (thin tube) is used to insert a small cutting device into the blocked artery. the device is used to shave or cut off the plaque. the bits of plaque are removed from the body through the catheter or washed away in the bloodstream (if theyre small enough). doctors also can do atherectomy using a special laser that dissolves the blockage. a procedure called atherectomy (ath-eh-rek-to-mee) may be used to remove plaque buildup from an artery. during the procedure, a catheter (thin tube) is used to insert a small cutting device into the blocked artery. the device is used to shave or cut off the plaque. the bits of plaque are removed from the body through the catheter or washed away in the bloodstream (if theyre small enough). doctors also can do atherectomy using a special laser that dissolves the blockage."
how to diagnose peripheral arterial disease (p.a.d.) ?,"your family and medical history p.a.d. is diagnosed based on a person's medical and family histories, a physical exam, and results from medical tests. to learn about your medical and family histories, your doctor may ask about - your risk factors for p.a.d. for example, he or she may ask whether you smoke or have diabetes. - your symptoms, including any symptoms that occur when walking, exercising, sitting, standing, or climbing - your diet - any medicines you take, including prescription and over-the-counter medicines - family members with a history of heart or blood vessel diseases. your risk factors for p.a.d. for example, he or she may ask whether you smoke or have diabetes. your symptoms, including any symptoms that occur when walking, exercising, sitting, standing, or climbing your diet any medicines you take, including prescription and over-the-counter medicines family members with a history of heart or blood vessel diseases. the physical exam during the physical exam, your doctor will look for signs of p.a.d. he or she may check the blood flow in your legs or feet to see whether you have weak or absent pulses. your doctor also may check the pulses in your leg arteries for an abnormal whooshing sound called a bruit (broo-e). he or she can hear this sound with a stethoscope. a bruit may be a warning sign of a narrowed or blocked artery. your doctor may compare blood pressure between your limbs to see whether the pressure is lower in the affected limb. he or she may also check for poor wound healing or any changes in your hair, skin, or nails that might be signs of p.a.d. diagnostic tests tests are used to diagnose p.a.d. these tests include - an ankle-brachial index (abi). this test compares blood pressure in your ankle to blood pressure in your arm and shows how well blood is flowing in your limbs. abi can show whether p.a.d. is affecting your limbs, but it wont show which blood vessels are narrowed or blocked. a normal abi result is 1.0 or greater (with a range of 0.90 to 1.30). the test takes about 10 to 15 minutes to measure both arms and both ankles. this test may be done yearly to see whether p.a.d. is getting worse. an ankle-brachial index (abi). this test compares blood pressure in your ankle to blood pressure in your arm and shows how well blood is flowing in your limbs. abi can show whether p.a.d. is affecting your limbs, but it wont show which blood vessels are narrowed or blocked. a normal abi result is 1.0 or greater (with a range of 0.90 to 1.30). the test takes about 10 to 15 minutes to measure both arms and both ankles. this test may be done yearly to see whether p.a.d. is getting worse. - a doppler ultrasound. this test looks at blood flow in the major arteries and veins in the limbs. during this test, a handheld device is placed on your body and passed back and forth over the affected area. a computer converts sound waves into a picture of blood flow in the arteries and veins. the results of this test can show whether a blood vessel is blocked. the results also can help show the severity of p.a.d. a doppler ultrasound. this test looks at blood flow in the major arteries and veins in the limbs. during this test, a handheld device is placed on your body and passed back and forth over the affected area. a computer converts sound waves into a picture of blood flow in the arteries and veins. the results of this test can show whether a blood vessel is blocked. the results also can help show the severity of p.a.d. - a treadmill test. this test shows if you have any problems during normal walking, how severe your symptoms are, and what level of exercise brings on your symptoms. you may have an abi test before and after the treadmill test. this will help compare blood flow in your arms and legs before and after exercise. a treadmill test. this test shows if you have any problems during normal walking, how severe your symptoms are, and what level of exercise brings on your symptoms. you may have an abi test before and after the treadmill test. this will help compare blood flow in your arms and legs before and after exercise. - a magnetic resonance angiogram (mra). this test uses magnetic and radio waves to take pictures of your blood vessels. this test is a type of magnetic resonance imaging (mri). an mra can show the location and severity of a blocked blood vessel. if you have a pacemaker, man-made joint, stent, surgical clips, mechanical heart valve, or other metallic devices in your body, you might not be able to have an mra. ask your doctor whether an mra is an option for you. a magnetic resonance angiogram (mra). this test uses magnetic and radio waves to take pictures of your blood vessels. this test is a type of magnetic resonance imaging (mri). an mra can show the location and severity of a blocked blood vessel. if you have a pacemaker, man-made joint, stent, surgical clips, mechanical heart valve, or other metallic devices in your body, you might not be able to have an mra. ask your doctor whether an mra is an option for you. - an arteriogram. this test is used to find the exact location of a blocked artery. dye is injected through a needle or catheter (thin tube) into one of your arteries, then an x-ray is taken. the x-ray can show the location, type, and extent of the blockage in the artery. some doctors use a newer method of arteriogram that uses tiny ultrasound cameras. these cameras take pictures of the insides of the blood vessels. this method is called intravascular ultrasound. an arteriogram. this test is used to find the exact location of a blocked artery. dye is injected through a needle or catheter (thin tube) into one of your arteries, then an x-ray is taken. the x-ray can show the location, type, and extent of the blockage in the artery. some doctors use a newer method of arteriogram that uses tiny ultrasound cameras. these cameras take pictures of the insides of the blood vessels. this method is called intravascular ultrasound. - blood tests. these tests check for p.a.d. risk factors such as diabetes and high blood cholesterol levels. blood tests. these tests check for p.a.d. risk factors such as diabetes and high blood cholesterol levels."
who is at risk for peripheral arterial disease (p.a.d.)? ?,"smoking is the main risk factor for p.a.d. your risk of p.a.d. increases four times if you smoke. smoking also raises your risk for other diseases, such as coronary heart disease (chd). on average, smokers who develop p.a.d. have symptoms 10 years earlier than nonsmokers who develop p.a.d. as you get older, your risk for p.a.d. increases, usually starting in your fifties. older age combined with other risk factors, such as smoking or diabetes, also puts you at higher risk. african american men and women have a greater risk of developing p.a.d. than caucasians. your risk for p.a.d. is higher if you have diabetes, high cholesterol, high blood pressure, heart disease, or have had a stroke. a family history of these conditions also makes p.a.d. more likely."
what are the treatments for prescription and illicit drug abuse ?,"depending on the substance(s) involved, treatment may include medications, behavioral treatments, or a combination. a doctor, substance abuse counselor, or other health professional can determine the right treatment for an individual. treatment helps people reduce the powerful effects of drugs on the body and brain. in doing so, treatment helps people improve their physical health and everyday functioning and regain control of their lives. once in treatment, older adults do just as well or better than younger adults."
what are the treatments for prescription and illicit drug abuse ?,"the first step in a substance treatment program is often detoxification (detox), the process of allowing the body to get rid of the substance. detoxification under medical supervision allows the symptoms of withdrawal to be treated, but is not addiction treatment in and of itself. (withdrawal is the sick, sometimes unbearable feeling that people have when trying to stop or cut down on a substance they have become addicted to or have been taking for a long time.)the type of withdrawal symptoms and how long they last vary with the substance abused. for example, withdrawal from certain stimulants may lead to fatigue, depression, and sleep problems. unsupervised withdrawal from barbiturates and benzodiazepines can be dangerous."
how to prevent prescription and illicit drug abuse ?,"many reasons for abuse drug abuse, whether prescription or illicit drugs, can have serious consequences, particularly for older adults. that is why prevention is key. however, there are many different reasons why people abuse drugs and become addicted to them. these reasons need to be taken into account when considering how to best prevent drug abuse. family members, friends, pharmacists, and health care providers can all be involved in preventing drug abuse among older adults. preventing medication abuse there are steps that you as a patient can take to prevent abuse of prescription medications and its consequences. - when visiting the doctor or pharmacist, bring along all prescription and over-the-counter medicines that you take -- or a list of the medicines and their dosages (how much you take and how often). your doctor can make sure your medicines are right for you and make changes if necessary. - always follow medication directions carefully. - only use the medication for its prescribed purpose. - do not crush or break pills. - if you are not sure how to take a medicine correctly, ask your doctor or pharmacist. he or she can tell you how to take a medication properly and about side effects to watch out for and interactions with other medications. - ask how the medication will affect driving and other daily activities. - do not use other people's prescription medications, and do not share yours. - talk with your doctor before increasing or decreasing the medication dosage. when visiting the doctor or pharmacist, bring along all prescription and over-the-counter medicines that you take -- or a list of the medicines and their dosages (how much you take and how often). your doctor can make sure your medicines are right for you and make changes if necessary. always follow medication directions carefully. only use the medication for its prescribed purpose. do not crush or break pills. if you are not sure how to take a medicine correctly, ask your doctor or pharmacist. he or she can tell you how to take a medication properly and about side effects to watch out for and interactions with other medications. ask how the medication will affect driving and other daily activities. do not use other people's prescription medications, and do not share yours. talk with your doctor before increasing or decreasing the medication dosage. - do not stop taking a medicine on your own. talk to your doctor if you are having side effects or other problems. - learn about the medicines possible interactions with alcohol and other prescription and over-the-counter medicines, and follow your doctors instructions to avoid these interactions. - answer honestly if a doctor or other health care professional asks you about other drug or alcohol use. without that information, your doctor may not be able to provide you with the best care. also, if you have a substance problem, he or she can help you find the right treatment to prevent more serious problems from developing, including addiction. do not stop taking a medicine on your own. talk to your doctor if you are having side effects or other problems. learn about the medicines possible interactions with alcohol and other prescription and over-the-counter medicines, and follow your doctors instructions to avoid these interactions. answer honestly if a doctor or other health care professional asks you about other drug or alcohol use. without that information, your doctor may not be able to provide you with the best care. also, if you have a substance problem, he or she can help you find the right treatment to prevent more serious problems from developing, including addiction. for tips on safe use of medicines for older adults, see taking medicines safely."" preventing illicit drug use preventing illicit drug use in older adults requires first knowing what contributes to it. for people of all ages, an individuals biology (including their genetics) and the environment, as well as how the two act together, determine a persons vulnerability to drug abuse and addiction -- or can protect against it. for example, being exposed to drugs of abuse in youth, living in a community where drug use is prevalent, having untreated mental disorders, such as depression, or dealing with difficult transition periods such as retirement or loss of a spouse can all make an older adult more vulnerable to drug abuse. prevention requires various approaches prevention efforts must focus on gaining a better understanding of the factors that promote illicit drug use in older adults. prevention also includes finding ways to stop drug use before it worsens and leads to health problems, including addiction. family members can play an important role by being aware of an older relatives well-being and possible drug abuse, and stepping in to help at an early stage, if necessary. doctors should ask their older patients about potential drug abuse and make referrals as needed."
what are the treatments for prescription and illicit drug abuse ?,"behavioral treatment helps people change the way they think about the abused substance and teaches them how to handle or avoid situations that trigger strong drug cravings. behavioral therapies can make treatment medications more effective, help people stay in treatment longer, and prevent relapse. there are four main types of behavioral treatments. - cognitive behavioral therapy seeks to help people recognize, avoid, and cope with situations in which they are most likely to abuse substances. cognitive behavioral therapy seeks to help people recognize, avoid, and cope with situations in which they are most likely to abuse substances. - motivational incentives offer rewards or privileges for attending counseling sessions, taking treatment medications, and not abusing substances. motivational incentives offer rewards or privileges for attending counseling sessions, taking treatment medications, and not abusing substances. - motivational interviewing is typically conducted by a treatment counselor and occurs when a person first enters a drug treatment program. it aims to get people to recognize the need for treatment and to take an active role in their recovery. motivational interviewing is typically conducted by a treatment counselor and occurs when a person first enters a drug treatment program. it aims to get people to recognize the need for treatment and to take an active role in their recovery. - group therapy, preferably with ones own age group, helps people face their substance abuse and the harm it causes. it teaches skills for dealing with personal problems without abusing medications or drugs. group therapy, preferably with ones own age group, helps people face their substance abuse and the harm it causes. it teaches skills for dealing with personal problems without abusing medications or drugs."
what causes prescription and illicit drug abuse ?,"medications affect older people differently than younger people because aging changes how the body and brain handle these substances. as we age, our bodies change and cannot break down and get rid of substances as easily as before. this means that even a small amount of a medicine or a drug can have a strong effect. if you take medications the wrong way or abuse illicit drugs, this can have a serious effect on your health and make existing health problems worse. as people age, they may also become more sensitive to alcohols effects. for more information on the dangers of mixing alcohol and medicines, see alcohol use and older adults."""
what are the symptoms of prescription and illicit drug abuse ?,"not always. some warning signs, such as sleep problems, falls, mood swings, anxiety, depression, and memory problems -- can also be signs of other health conditions. as a result, doctors and family members often do not realize that an older person has a drug problem, and people may not get the help they need."
what is (are) prescription and illicit drug abuse ?,"physical dependence is a normal process that can happen to anyone taking a medication for a long time. it means that the body (including the brain) is adapting to the presence of the drug, and the person may require a higher dosage or a different medication to get relief; this condition is known as tolerance. they may also suffer from withdrawal or feel sick when they stop taking the medication abruptly. however, the symptoms of withdrawal can usually be prevented or managed by a physician, which is why it is so important to talk to a doctor before stopping a medication. someone who is addicted to a drug may also be physically dependent on it, but rather than benefitting from the drugs effects, an addicted person will continue to get worse with continued or increasing drug abuse. an addicted person compulsively seeks and abuses drugs, despite their negative consequences."
what is (are) prescription and illicit drug abuse ?,"addiction is a chronic disease in which a person craves, seeks, and continues to abuse a legal (medication, alcohol, tobacco) or an illicit (illegal) drug, despite harmful consequences. people who are addicted continue to abuse the substance even though it can harm their physical or mental health, lead to accidents, or put others in danger. for more on drugs and the brain, see drugs, brains and behavior: the science of addiction."
what are the treatments for prescription and illicit drug abuse ?,"recovering from addiction is hard. even with treatment, many people return to substance abuse, sometimes months or years after having stopped drug use. this is commonly referred to as relapse. as with most chronic diseases, relapse in addiction is not unusual, and signals a need to restart, adjust, or modify the treatment."
what is (are) prescription and illicit drug abuse ?,"the prescription medications most commonly abused by people of any age are opioids (painkillers), depressants, and stimulants. doctors prescribe opioids to relieve pain and, sometimes, to treat severe coughs and diarrhea. common opioid prescription medications include the following: - morphine (ms contin, kadian, avinza), which is used before and after surgical procedures to treat severe pain - codeine (tylenol with codeine, robitussin ac), which is prescribed for mild pain - hydrocodone (vicodin, lortab, zydone), which is prescribed to relieve moderate to severe pain - oxycodone (oxycontin, percodan, percocet, tylox, roxicet), which is used to relieve moderate to severe pain - fentanyl (duragesic), which is a strong pain medication typically delivered through a pain patch and prescribed for severe ongoing pain morphine (ms contin, kadian, avinza), which is used before and after surgical procedures to treat severe pain codeine (tylenol with codeine, robitussin ac), which is prescribed for mild pain hydrocodone (vicodin, lortab, zydone), which is prescribed to relieve moderate to severe pain oxycodone (oxycontin, percodan, percocet, tylox, roxicet), which is used to relieve moderate to severe pain fentanyl (duragesic), which is a strong pain medication typically delivered through a pain patch and prescribed for severe ongoing pain for more on opioids, see what are the possible consequences of opioid use and abuse?"" depressants are used to treat anxiety and sleep disorders. the types of depressants that are most commonly abused are barbiturates (secobarbital ,mebaral and nembutal) and benzodiazepines (valium, librium, and xanax). for more on depressants, see what are the possible consequences of cns depressant use and abuse?"" stimulants are used to treat narcolepsy (a sleep disorder), attention deficit hyperactivity disorder (adhd), and depression that has not responded to other treatments. these medications increase alertness, attention, and energy. stimulants include methylphenidate (ritalin and concerta), and amphetamines (adderall). for more on stimulants, see what are the possible consequences of stimulant use and abuse?"""
what are the treatments for prescription and illicit drug abuse ?,"although under federal law, marijuana is illegal to use under any circumstance, in some states doctors are allowed to prescribe it for medical use. however, solid data on marijuanas health benefits is lacking, and for smoked marijuana many health experts have concerns about the potential negative effects on the lungs and respiratory system. the u.s. food and drug administration has not approved smoked marijuana to treat any disease. they have approved two medications that are chemically similar to marijuana to treat wasting disease (extreme weight loss) in people with aids and to treat nausea and vomiting associated with cancer treatment."
what are the treatments for prescription and illicit drug abuse ?,people can receive treatment as outpatients (they live at home and visit the doctor or other provider) or through inpatient services (they live temporarily at a special facility where they get treatment). the support of family and friends is important during the treatment process.
what are the treatments for prescription and illicit drug abuse ?,"different types of medications may be useful at different stages of treatment to help a person stop abusing a substance, stay in treatment, focus on learning new behavioral skills, and avoid relapse. currently, medications are available to treat addiction to opiates, nicotine, and alcohol, but none are yet approved for treating addiction to stimulants, marijuana, or depressants. medications for substance abuse treatment help the brain adjust to the absence of the abused substance. these medications act slowly to stave off drug cravings and prevent relapse. for example, buprenorphine, marketed as subutex or suboxone, is prescribed by approved physicians to treat people who are addicted to opiate drugs, such as painkillers or heroin. buprenorphine is useful in the short-term detoxification process by helping ease withdrawal symptoms and in the long-term by staving off cravings and helping prevent relapse. for more on treating opioid addiction, seetreating addiction to prescription opioids."" for information on treating addiction to depressants, see ""treating addiction to cns depressants."" for information on treating addiction to stimulants, see treating addiction to prescription stimulants."""
what causes problems with taste ?,"yes. certain medicines can cause a change in our ability to taste. the medicines that most frequently do this are certain antibiotics and some antihistamines, although other medications can affect our sense of taste as well. if your medicine is causing a problem with your sense of taste, your doctor may be able to adjust or change your medicine. if not, he or she may suggest ways to manage your problem. do not stop taking your medications unless directed by your doctor. your doctor will work with you to get the medicine you need while trying to reduce unwanted side effects."
what are the treatments for problems with taste ?,"depending on the cause of your taste disorder, your doctor may be able to treat your problem or suggest ways to cope with it. if a certain medication is the cause of the problem, your doctor may be able to adjust or change your medicine. your doctor will work with you to get the medicine you need while trying to reduce unwanted side effects. some patients with respiratory infections regain their sense of taste when the illness is over. often, correcting a general medical problem can restore the sense of taste. occasionally, the sense of taste returns to normal on its own without any treatment."
what is (are) problems with taste ?,"taste, or gustation, is one of our most robust senses. although there is a small decline in taste in people over 60, most older people will not notice it because normal aging does not greatly affect our sense of taste. problems with taste occur less frequently than problems with smell. how our sense of taste works our sense of taste, along with our sense of smell, is part of our chemical sensing system. normal taste occurs when tiny molecules released by chewing or the digestion of food stimulate special sensory cells in the mouth and throat. these taste cells, or gustatory cells, send messages through three specialized taste nerves to the brain, where specific tastes are identified. damage to these nerves following head injury can lead to taste loss. the taste cells are clustered within the taste buds of the tongue and roof of the mouth, and along the lining of the throat. many of the small bumps that can be seen on the tip of the tongue contain taste buds. at birth, we have about 10,000 taste buds scattered on the back, sides, and tip of the tongue. after age 50, we may start to lose taste buds. five taste sensations we can experience five basic taste sensations: sweet, sour, bitter, salty, and umami, or savory. umami is the taste we get from glutamate, a building block of protein found in chicken broth, meat stock, and some cheeses. umami is also the taste associated wtih msg (monosodium glutamate) that is often added to foods as a flavor enhancer. the five taste qualities combine with other oral sensations, such as texture, spiciness, temperature, and aroma to produce what is commonly referred to as flavor. it is flavor that lets us know whether we are eating an apple or a pear. flavors and the sense of smell many people are surprised to learn that we recognize flavors largely through our sense of smell. try holding your nose while eating chocolate. you will be able to distinguish between its sweetness and bitterness, but you can't identify the chocolate flavor. that's because the distinguishing characteristic of chocolate is largely identified by our sense of smell as aromas are released during chewing. food flavor is affected by a head cold or nasal congestion because the aroma of food does not reach the sensory cells that detect odors. more information on this topic can be found in the topic problems with smell smell and taste closely linked smell and taste are closely linked senses. many people mistakenly believe they have a problem with taste, when they are really experiencing a problem with smell. it is common for people who lose their sense of smell to say that food has lost its taste. this is incorrect; the food has lost its aroma, but taste remains. in older people, there is a normal decline in the sense of smell and the taste of food shifts toward blandness. this is why people often believe they have a taste problem. when taste is impaired problems with taste can have a big impact on an older person's life. because taste affects the amount and type of food we eat, when there are problems with taste, a person may change his or her eating habits. some people may eat too much and gain weight, while others may eat too little and lose weight. a loss of appetite, especially in older adults, can lead to loss of weight, poor nutrition, weakened immunity, and even death. taste helps us detect spoiled food or liquids and it also helps some people detect ingredients they are allergic to. a problem with taste can weaken or remove an early warning system that most of us take for granted. a distorted sense of taste can be a serious risk factor for illnesses that require sticking to a specific diet. loss of taste can cause us to eat too much sugar or salt to make our food taste better. this can be a problem for people with such illnesses as diabetes or high blood pressure. in severe cases, loss of taste can lead to depression. taste problems are often temporary when an older person has a problem with taste, it is often temporary and minor. true taste disorders are uncommon. when a problem with taste exists, it is usually caused by medications, disease, some cancer treatments, or injury. many older people believe that there is nothing they can do about their weakened sense of taste. if you think you have a problem with your sense of taste, see your doctor. depending on the cause of your problem, your doctor may be able to suggest ways to regain your sense of taste or to cope with the loss of taste."
what is (are) problems with taste ?,you can help your doctor make a diagnosis by writing down important information about your problem beforehand and giving the information to your doctor during your visit. write down answers to the following questions. - when did i first become aware of my taste problem? - what changes in my sense of taste did i notice? - do all foods and drinks taste the same? - have there been any changes in my sense of smell? - does the change in taste affect my ability to eat normally? - what medicines do i take? what are the names of the medicines? how much do i take? what is the health condition for which i take the medicine? - have i recently had a cold or the flu? when did i first become aware of my taste problem? what changes in my sense of taste did i notice? do all foods and drinks taste the same? have there been any changes in my sense of smell? does the change in taste affect my ability to eat normally? what medicines do i take? what are the names of the medicines? how much do i take? what is the health condition for which i take the medicine? have i recently had a cold or the flu?
what is (are) problems with taste ?,"taste is the ability to detect different sensations in the mouth, such as sweet or salty. it is part of your body's chemical sensing system. taste combines with other oral sensations, such as texture, spiciness, temperature, and aroma to produce what is commonly referred to as flavor."
how to prevent problems with taste ?,"problems with taste that occur with aging cannot be prevented. however you may be able to protect yourself against other causes of taste loss with these steps. - prevent upper respiratory infections such as colds and the flu. wash your hands frequently, especially during the winter months, and get a flu shot every year. - avoid head injuries. always wear seatbelts when riding in a car and a helmet when bicycling. - avoid exposure to toxic chemicals. avoid contact with chemicals that might cause smell problems such as paints, insecticides, and solvents, or wear a respirator if you cannot avoid contact. - review your medications. if you are taking antibiotics or antihistamines or other medications and notice a change in your sense of taste, talk to your doctor. you may be able to adjust or change your medicine to one that will not cause a problem with taste. do not stop taking your medications unless directed by your doctor. - dont smoke. it can impair the sense of taste. for free help to quit smoking, visit smokefree.gov prevent upper respiratory infections such as colds and the flu. wash your hands frequently, especially during the winter months, and get a flu shot every year. avoid head injuries. always wear seatbelts when riding in a car and a helmet when bicycling. avoid exposure to toxic chemicals. avoid contact with chemicals that might cause smell problems such as paints, insecticides, and solvents, or wear a respirator if you cannot avoid contact. review your medications. if you are taking antibiotics or antihistamines or other medications and notice a change in your sense of taste, talk to your doctor. you may be able to adjust or change your medicine to one that will not cause a problem with taste. do not stop taking your medications unless directed by your doctor. dont smoke. it can impair the sense of taste. for free help to quit smoking, visit smokefree.gov"
what are the symptoms of problems with taste ?,"symptoms vary with disorders there are several types of taste disorders depending on how the sense of taste is affected. people who have taste disorders usually lose their ability to taste or can no longer perceive taste in the same way. true taste disorders are rare. most changes in the perception of food flavor result from the loss of smell. phantom taste perception. the most common taste complaint is ""phantom taste perception"" -- tasting something when nothing is in the mouth. hypogeusia. some people have hypogeusia, or the reduced ability to taste sweet, sour, bitter, salty, and savory, or umami. this disorder is usually temporary. dysgeusia. dysgeusia is a condition in which a foul, salty, rancid, or metallic taste sensation will persist in the mouth. dysgeusia is sometimes accompanied by burning mouth syndrome, a condition in which a person experiences a painful burning sensation in the mouth. although it can affect anyone, burning mouth syndrome is most common in middle-aged and older women. ageusia. other people can't detect taste at all, which is called ageusia. this type of taste disorder can be caused by head trauma; some surgical procedures, such as middle ear surgery or extraction of the third molar; radiation therapy; and viral infections. why a diagnosis is important if you think you have a taste disorder, see your doctor. loss of the sense of taste can lead to depression and a reduced desire to eat. loss of appetite can lead to loss of weight, poor nutrition and weakened immunity. in some cases, loss of taste can accompany or signal conditions such as diabetes. sometimes, a problem with taste can be a sign of a disease of the nervous system, such multiple sclerosis, alzheimer's disease, or parkinsons disease. do you have a taste disorder? if you think you have a taste disorder, try to identify and record the circumstances surrounding it. ask yourself the following questions: - when did i first become aware of it? - what changes in my taste do i notice? - do all foods and drinks taste the same? - have there been any changes in my sense of smell? - does the change in taste affect my ability to eat normally? - what medications do i take? what are the names of the medications? how much do i take? what is the health condition for which i take them? - have i recently had a cold or the flu? when did i first become aware of it? what changes in my taste do i notice? do all foods and drinks taste the same? have there been any changes in my sense of smell? does the change in taste affect my ability to eat normally? what medications do i take? what are the names of the medications? how much do i take? what is the health condition for which i take them? have i recently had a cold or the flu? talking with your doctor bring this information with you when you visit the doctor. he or she may refer you to an otolaryngologist, a specialist in diseases of the ear, nose, and throat. an accurate assessment of your taste loss will include, among other things - a physical examination of your ears, nose, and throat - a dental examination and assessment of oral hygiene - a review of your health history - a taste test supervised by a health care professional. a physical examination of your ears, nose, and throat a dental examination and assessment of oral hygiene a review of your health history a taste test supervised by a health care professional. tests for taste disorders some tests are designed to measure the lowest concentration of a substance that a person can detect or recognize. your doctor may ask you to compare the tastes of different substances or to note how the intensity of a taste grows when a substance's concentration is increased. scientists have developed taste tests in which the patient responds to different concentrations of a substance. this may involve a simple ""sip, spit, and rinse"" test or the application of a substance directly to your tongue using an eye dropper. by using these tests, your doctor can determine if you have a true taste disorder and what type it is. if your doctor suspects that nerves in your mouth or head may be affected, he or she may order an x-ray, usually a cat scan, to look further into the head and neck area. once the cause of a taste disorder is found, your doctor may be able to treat it. many types of taste disorders are reversible, but if not, counseling and self-help techniques may help you cope."
what causes problems with taste ?,"loss of taste may be permanent or temporary, depending on the cause. as with vision and hearing, people gradually lose their ability to taste as they get older, but it is usually not as noticeable as loss of smell. medications and illness can make the normal loss of taste worse. common causes problems with taste are caused by anything that interrupts the transfer of taste sensations to the brain, or by conditions that affect the way the brain interprets the sensation of taste. some people are born with taste disorders, but most develop them after an injury or illness. among the causes of taste problems are - medications - upper respiratory and middle ear infections - radiation for treatment of head and neck cancers - exposure to certain chemicals - head injury - some surgeries - poor oral hygiene and dental problems - smoking. medications upper respiratory and middle ear infections radiation for treatment of head and neck cancers exposure to certain chemicals head injury some surgeries poor oral hygiene and dental problems smoking. in many cases, people regain their sense of taste when they stop taking medications or when the illness or injury clears up. medications.taking medications can affect our ability to taste. some antibiotics and antihistamines as well as other medications can cause a bad taste in the mouth or a loss of taste. one type of taste disorder is characterized by a persistent bad taste in the mouth, such as a bitter or salty taste. this is called dysgeusia and it occurs in older people, usually because of medications or oral health problems. upper respiratory and middle ear infections. respiratory infections such as the flu can lead to taste disorders. radiation for head and neck cancers. people with head and neck cancers who receive radiation treatment to the nose and mouth regions commonly experience problems with their sense of smell and taste as an unfortunate side effect. older people who have lost their larynx or voice box commonly complain of poor ability to smell and taste. exposure to certain chemicals. sometimes exposure to certain chemicals, such as insecticides and solvents, can impair taste. avoid contact with these substances, and if you do come in contact with them and experience a problem, see your doctor. head injury. previous surgery or trauma to the head can impair your sense of taste because the taste nerves may be cut, blocked or physically damaged. some surgeries. some surgeries to the ear nose and throat can impair taste. these include third molarwisdom toothextraction and middle ear surgery. poor oral hygiene and dental problems. gum disease can cause problems with taste and so can can dentures and inflammation or infections in the mouth. if you take several medications, your mouth may produce less saliva. this causes dry mouth, which can make swallowing and digestion difficult and increase dental problems. practice good oral hygiene, keep up to date with your dental appointments, and tell your dentist if you notice any problems with your sense of taste. smoking. tobacco smoking is the most concentrated form of pollution that most people are exposed to. smokers often report an improved sense of taste after quitting. when to see the doctor be sure to see your doctor if you have had a taste problem for a while or if you notice that your problem with taste is associated with other symptoms. let your doctor know if you are taking any medications that might affect your sense of taste. you may be able to change or adjust your medicine to one that will not cause a problem with taste. your doctor will work with you to get the medicine you need while trying to reduce unwanted side effects."
what research (or clinical trials) is being done for problems with taste ?,"the national institute on deafness and other communication disorders (nidcd) supports basic and clinical investigations of smell and taste disorders at its laboratories in bethesda, md. and at universities and chemosensory research centers across the country. these chemosensory scientists are exploring how to - prevent the effects of aging on taste and smell - develop new diagnostic tests - understand associations between taste disorders and changes in diet and food preferences in the elderly or among people with chronic illnesses - improve treatment methods and rehabilitation strategies. prevent the effects of aging on taste and smell develop new diagnostic tests understand associations between taste disorders and changes in diet and food preferences in the elderly or among people with chronic illnesses improve treatment methods and rehabilitation strategies."
what research (or clinical trials) is being done for problems with taste ?,"the national institute on deafness and other communication disorders (nidcd) supports basic and clinical investigations of smell and taste disorders at its laboratories in bethesda, md. and at universities and chemosensory research centers across the country. these chemosensory scientists are exploring how to - prevent the effects of aging on taste and smell - develop new diagnostic tests - understand associations between taste disorders and changes in diet and food preferences in the elderly or among people with chronic illnesses - improve treatment methods and rehabilitation strategies. prevent the effects of aging on taste and smell develop new diagnostic tests understand associations between taste disorders and changes in diet and food preferences in the elderly or among people with chronic illnesses improve treatment methods and rehabilitation strategies. studies on aging and taste a recent nidcd-funded study has shown that small variations in our genetic code can raise or lower our sensitivity to sweet tastes, which might influence a persons desire for sweets. scientists have also made progress in understanding how our sense of taste changes as we age. older adults often decide what to eat based on how much they like or dislike certain tastes. scientists are looking at how and why this happens in order to develop more effective ways to help older people cope better with taste problems. studies on taste receptors some of the most recent chemosensory research focuses on identifying the key receptors expressed by our taste cells and understanding how those receptors send signals to the brain. researchers are also working to develop a better understanding of how sweet and bitter substances attach to their targeted receptors. this research holds promise for the development of sugar or salt substitutes that could help combat obesity or hypertension, as well as the development of bitter blockers that could make life-saving medicines more acceptable to children. taste cellsas well as sensory cells that help us smellare the only sensory cells in the human body that are regularly replaced throughout life. researchers are exploring how and why this happens so that they might find ways to replace other damaged sensory cells. gut and sweet receptors scientists are gaining a better understanding of why the same receptor that helps our tongue detect sweet taste can also be found in the human gut. recent research has shown that the sweet receptor helps the intestine to sense and absorb sugar and turn up the production of blood sugar-regulation hormones, including the hormone that regulates insulin release. further research may help scientists develop drugs targeting the gut taste receptors to treat obesity and diabetes. effects of medications on taste scientists are also working to find out why some medications and medical procedures can have a harmful effect on our senses of taste and smell. they hope to develop treatments to help restore the sense of taste to people who have lost it."
what causes problems with taste ?,"the most common causes of taste disorders are medications, infections, head trauma, and dental problems. most people who have a problem with taste are taking certain medications or they have had a head or neck injury. gum disease, dry mouth, and dentures can contribute to taste problems, too. other causes are radiation therapy for head and neck cancers, smoking, and some surgeries."
how to diagnose problems with taste ?,"doctors can diagnose a taste disorder by measuring the lowest concentration of a substance that a person can detect. the doctor may also ask a patient to compare the tastes of different substances or to note how the intensity of a taste grows when a substance's concentration is increased. scientists have developed taste tests in which a person responds to different concentrations of a substance. this may involve a simple ""sip, spit, and rinse"" test, or the application of a substance directly to the tongue with an eye dropper. by using these tests, your doctor can determine if you have a true taste disorder and what type it is."
what are the treatments for problems with taste ?,"relief is possible although there is no treatment for any gradual loss of taste that occurs with aging, relief from taste disorders is possible for many older people. depending on the cause of your problem with taste, your doctor may be able to treat it or suggest ways to cope with it. scientists are studying how loss of taste occurs so that treatments can be developed. some patients regain their sense of taste when the condition or illness that is causing the loss of taste is over. for example, a middle ear infection often affects taste temporarily. often, correcting the general medical problem can restore the sense of taste. check your medications often, a certain medication is the cause of a taste disorder, and stopping or changing the medicine may help eliminate the problem. if you take medications, ask your doctor if they can affect your sense of taste. if so, ask if you can take other medications or safely reduce the dose. do not stop taking your medications unless directed by your doctor. your doctor will work with you to get the medicines you need while trying to reduce unwanted side effects. if your diet is affected because your sense of taste may gradually decline, you may not even notice the change. but your diet may change, and not for the better. you may lose interest in food and eat less, but you may choose foods that are high in fat and sugars. or, you may eat more than you should, hoping to get more flavor from every bite. if you lose some or all of your sense of taste, there are things you can do to make your food taste better: - prepare foods with a variety of colors and textures - use aromatic herbs and hot spices to add more flavor; however avoid adding more sugar or salt to food - if your diet permits, use small amounts of cheese, bacon bits, or butter on vegetables, as well as olive oil or toasted nuts - avoid combination dishes, such as casseroles, that can hide individual flavors and dilute taste. prepare foods with a variety of colors and textures use aromatic herbs and hot spices to add more flavor; however avoid adding more sugar or salt to food if your diet permits, use small amounts of cheese, bacon bits, or butter on vegetables, as well as olive oil or toasted nuts avoid combination dishes, such as casseroles, that can hide individual flavors and dilute taste. if your sense of taste does not return if you cannot regain your sense of taste, there are things you can do to ensure your safety. take extra care to avoid food that may have spoiled. if you live with other people, ask them to smell and taste food to make sure it is fresh. people who live alone should discard food if there is a chance it is spoiled. for those who wish to have additional help, there may be support groups in your area. these are often associated with smell and taste clinics in medical school hospitals. some online bulletin boards also allow people with smell and taste disorders to share their experiences. not all people with taste disorders will regain their sense of taste, but most can learn to live with it."
what is (are) prostate cancer ?,"surgery is a common treatment for early stage prostate cancer. it is used to remove the cancer. the surgeon may remove the entire prostate -- a type of surgery called radical prostatectomy -- or, in some cases, remove only part of it. sometimes the surgeon will also remove nearby lymph nodes. side effects may include lack of sexual function (impotence), or problems holding urine (incontinence)."
how many people are affected by prostate cancer ?,"prostate cancer is one of the most common types of cancer among american men. it is a slow-growing disease that mostly affects older men. in fact, more than 60 percent of all prostate cancers are found in men over the age of 65. the disease rarely occurs in men younger than 40 years of age."
what is (are) prostate cancer ?,"sometimes, cancer cells break away from the malignant tumor in the prostate and enter the bloodstream or the lymphatic system and travel to other organs in the body. when cancer spreads from its original location in the prostate to another part of the body such as the bone, it is called metastatic prostate cancer, not bone cancer. doctors sometimes call this ""distant"" disease."
what are the treatments for prostate cancer ?,"with watchful waiting, a man's condition is closely monitored, but treatment does not begin until symptoms appear or change. the doctor may suggest watchful waiting for some men who have prostate cancer that is found at an early stage and appears to be growing slowly. also, watchful waiting may be advised for older men or men with other serious medical problems. for these men, the risks and possible side effects of surgery, radiation therapy, or hormonal therapy may outweigh the possible benefits. doctors monitor these patients with regular check-ups. if symptoms appear or get worse, the doctor may recommend active treatment."
what are the treatments for prostate cancer ?,"there are a number of ways to treat prostate cancer, and the doctor will develop a treatment to fit each man's needs. the choice of treatment mostly depends on the stage of the disease and the grade of the tumor. but doctors also consider a man's age, general health, and his feelings about the treatments and their possible side effects. treatment for prostate cancer may involve watchful waiting, surgery, radiation therapy, or hormonal therapy. some men receive a combination of therapies. a cure is probable for men whose prostate cancer is diagnosed early."
what are the treatments for prostate cancer ?,"hormonal therapy deprives cancer cells of the male hormones they need to grow and survive. this treatment is often used for prostate cancer that has spread to other parts of the body. sometimes doctors use hormonal therapy to try to keep the cancer from coming back after surgery or radiation treatment. side effects can include impotence, hot flashes, loss of sexual desire, and thinning of bones."
what are the stages of prostate cancer ?,"key points - after prostate cancer has been diagnosed, tests are done to find out if cancer cells have spread within the prostate or to other parts of the body. - there are three ways that cancer spreads in the body. - cancer may spread from where it began to other parts of the body. - the following stages are used for prostate cancer: - stage i - stage ii - stage iii - stage iv after prostate cancer has been diagnosed, tests are done to find out if cancer cells have spread within the prostate or to other parts of the body. the process used to find out if cancer has spread within the prostate or to other parts of the body is called staging. the information gathered from the staging process determines the stage of the disease. it is important to know the stage in order to plan treatment. the results of the tests used to diagnose prostate cancer are often also used to stage the disease. (see the general information section.) in prostate cancer, staging tests may not be done unless the patient has symptoms or signs that the cancer has spread, such as bone pain, a high psa level, or a high gleason score. the following tests and procedures also may be used in the staging process: - bone scan : a procedure to check if there are rapidly dividing cells, such as cancer cells, in the bone. a very small amount of radioactive material is injected into a vein and travels through the bloodstream. the radioactive material collects in the bones and is detected by a scanner. - mri (magnetic resonance imaging): a procedure that uses a magnet, radio waves, and a computer to make a series of detailed pictures of areas inside the body. this procedure is also called nuclear magnetic resonance imaging (nmri). - ct scan (cat scan): a procedure that makes a series of detailed pictures of areas inside the body, taken from different angles. the pictures are made by a computer linked to an x-ray machine. a dye may be injected into a vein or swallowed to help the organs or tissues show up more clearly. this procedure is also called computed tomography, computerized tomography, or computerized axial tomography. - pelvic lymphadenectomy : a surgical procedure to remove the lymph nodes in the pelvis. a pathologist views the tissue under a microscope to look for cancer cells. - seminal vesicle biopsy : the removal of fluid from the seminal vesicles (glands that make semen) using a needle. a pathologist views the fluid under a microscope to look for cancer cells. - prostascint scan : a procedure to check for cancer that has spread from the prostate to other parts of the body, such as the lymph nodes. a very small amount of radioactive material is injected into a vein and travels through the bloodstream. the radioactive material attaches to prostate cancer cells and is detected by a scanner. the radioactive material shows up as a bright spot on the picture in areas where there are a lot of prostate cancer cells. the stage of the cancer is based on the results of the staging and diagnostic tests, including the prostate-specific antigen (psa) test and the gleason score. the tissue samples removed during the biopsy are used to find out the gleason score. the gleason score ranges from 2-10 and describes how different the cancer cells look from normal cells and how likely it is that the tumor will spread. the lower the number, the less likely the tumor is to spread. there are three ways that cancer spreads in the body. cancer can spread through tissue, the lymph system, and the blood: - tissue. the cancer spreads from where it began by growing into nearby areas. - lymph system. the cancer spreads from where it began by getting into the lymph system. the cancer travels through the lymph vessels to other parts of the body. - blood. the cancer spreads from where it began by getting into the blood. the cancer travels through the blood vessels to other parts of the body. cancer may spread from where it began to other parts of the body. when cancer spreads to another part of the body, it is called metastasis. cancer cells break away from where they began (the primary tumor) and travel through the lymph system or blood. - lymph system. the cancer gets into the lymph system, travels through the lymph vessels, and forms a tumor (metastatic tumor) in another part of the body. - blood. the cancer gets into the blood, travels through the blood vessels, and forms a tumor (metastatic tumor) in another part of the body. the metastatic tumor is the same type of cancer as the primary tumor. for example, if prostate cancer spreads to the bone, the cancer cells in the bone are actually prostate cancer cells. the disease is metastatic prostate cancer, not bone cancer. denosumab, a monoclonal antibody, may be used to prevent bone metastases. the following stages are used for prostate cancer: stage i in stage i, cancer is found in the prostate only. the cancer: - is found by needle biopsy (done for a high psa level) or in a small amount of tissue during surgery for other reasons (such as benign prostatic hyperplasia). the psa level is lower than 10 and the gleason score is 6 or lower; or - is found in one-half or less of one lobe of the prostate. the psa level is lower than 10 and the gleason score is 6 or lower; or - cannot be felt during a digital rectal exam and cannot be seen in imaging tests. cancer is found in one-half or less of one lobe of the prostate. the psa level and the gleason score are not known. stage ii in stage ii, cancer is more advanced than in stage i, but has not spread outside the prostate. stage ii is divided into stages iia and iib. in stage iia, cancer: - is found by needle biopsy (done for a high psa level) or in a small amount of tissue during surgery for other reasons (such as benign prostatic hyperplasia). the psa level is lower than 20 and the gleason score is 7; or - is found by needle biopsy (done for a high psa level) or in a small amount of tissue during surgery for other reasons (such as benign prostatic hyperplasia). the psa level is at least 10 but lower than 20 and the gleason score is 6 or lower; or - is found in one-half or less of one lobe of the prostate. the psa level is at least 10 but lower than 20 and the gleason score is 6 or lower; or - is found in one-half or less of one lobe of the prostate. the psa level is lower than 20 and the gleason score is 7; or - is found in more than one-half of one lobe of the prostate. in stage iib, cancer: - is found in opposite sides of the prostate. the psa can be any level and the gleason score can range from 2 to 10; or - cannot be felt during a digital rectal exam and cannot be seen in imaging tests. the psa level is 20 or higher and the gleason score can range from 2 to 10; or - cannot be felt during a digital rectal exam and cannot be seen in imaging tests. the psa can be any level and the gleason score is 8 or higher. stage iii in stage iii, cancer has spread beyond the outer layer of the prostate and may have spread to the seminal vesicles. the psa can be any level and the gleason score can range from 2 to 10. stage iv in stage iv, the psa can be any level and the gleason score can range from 2 to 10. also, cancer: - has spread beyond the seminal vesicles to nearby tissue or organs, such as the rectum, bladder, or pelvic wall; or - may have spread to the seminal vesicles or to nearby tissue or organs, such as the rectum, bladder, or pelvic wall. cancer has spread to nearby lymph nodes; or - has spread to distant parts of the body, which may include lymph nodes or bones. prostate cancer often spreads to the bones."
what is (are) prostate cancer ?,"key points - prostate cancer is a disease in which malignant (cancer) cells form in the tissues of the prostate. - prostate cancer is the most common nonskin cancer among men in the united states. - different factors increase or decrease the risk of developing prostate cancer. prostate cancer is a disease in which malignant (cancer) cells form in the tissues of the prostate. the prostate is a gland in the male reproductive system located just below the bladder (the organ that collects and empties urine) and in front of the rectum (the lower part of the intestine). it is about the size of a walnut and surrounds part of the urethra (the tube that empties urine from the bladder). the prostate gland produces fluid that makes up part of semen. as men age, the prostate may get bigger. a bigger prostate may block the flow of urine from the bladder and cause problems with sexual function. this condition is called benign prostatic hyperplasia (bph), and although it is not cancer, surgery may be needed to correct it. the symptoms of benign prostatic hyperplasia or of other problems in the prostate may be similar to symptoms of prostate cancer. see the following pdq summaries for more information about prostate cancer: - prostate cancer prevention - prostate cancer treatment"
who is at risk for prostate cancer? ?,"prostate cancer is most common in older men. in the u.s., about one out of five men will be diagnosed with prostate cancer. most men diagnosed with prostate cancer do not die of it. see the following pdq summaries for more information about prostate cancer: - prostate cancer screening - prostate cancer treatment"
what is the outlook for prostate cancer ?,"certain factors affect prognosis (chance of recovery) and treatment options. the prognosis (chance of recovery) and treatment options depend on the following: - the stage of the cancer (level of psa, gleason score, grade of the tumor, how much of the prostate is affected by the cancer, and whether the cancer has spread to other places in the body). - the patients age. - whether the cancer has just been diagnosed or has recurred (come back). treatment options also may depend on the following: - whether the patient has other health problems. - the expected side effects of treatment. - past treatment for prostate cancer. - the wishes of the patient. most men diagnosed with prostate cancer do not die of it."
what research (or clinical trials) is being done for prostate cancer ?,"new types of treatment are being tested in clinical trials. this summary section describes treatments that are being studied in clinical trials. it may not mention every new treatment being studied. information about clinical trials is available from the nci website. cryosurgery cryosurgery is a treatment that uses an instrument to freeze and destroy prostate cancer cells. ultrasound is used to find the area that will be treated. this type of treatment is also called cryotherapy. cryosurgery can cause impotence and leakage of urine from the bladder or stool from the rectum. high-intensityfocused ultrasound therapy high-intensityfocused ultrasound therapy is a treatment that uses ultrasound (high-energy sound waves) to destroy cancer cells. to treat prostate cancer, an endorectal probe is used to make the sound waves. proton beam radiation therapy proton beam radiation therapy is a type of high-energy, external radiation therapy that targets tumors with streams of protons (small, positively charged particles). this type of radiation therapy is being studied in the treatment of prostate cancer. patients may want to think about taking part in a clinical trial. for some patients, taking part in a clinical trial may be the best treatment choice. clinical trials are part of the cancer research process. clinical trials are done to find out if new cancer treatments are safe and effective or better than the standard treatment. many of today's standard treatments for cancer are based on earlier clinical trials. patients who take part in a clinical trial may receive the standard treatment or be among the first to receive a new treatment. patients who take part in clinical trials also help improve the way cancer will be treated in the future. even when clinical trials do not lead to effective new treatments, they often answer important questions and help move research forward. patients can enter clinical trials before, during, or after starting their cancer treatment. some clinical trials only include patients who have not yet received treatment. other trials test treatments for patients whose cancer has not gotten better. there are also clinical trials that test new ways to stop cancer from recurring (coming back) or reduce the side effects of cancer treatment. clinical trials are taking place in many parts of the country. see the treatment options section that follows for links to current treatment clinical trials. these have been retrieved from nci's listing of clinical trials."
who is at risk for prostate cancer? ?,"age is the most important risk factor for prostate cancer. the disease is extremely rare in men under age 40, but the risk increases greatly with age. more than 60 percent of cases are diagnosed in men over age 65. the average age at the time of diagnosis is 65."
what are the symptoms of prostate cancer ?,"yes. any of the symptoms caused by prostate cancer may also be due to enlargement of the prostate, which is not cancer. if you have any of the symptoms mentioned in question #10, see your doctor or a urologist to find out if you need treatment. a urologist is a doctor who specializes in treating diseases of the genitourinary system."
what is (are) psoriasis ?,"psoriasis is a skin disease that causes itchy or sore patches of thick, red skin with silvery scales. you usually get the patches on your elbows, knees, scalp, back, face, palms and feet, but they can show up on other parts of your body. some people who have psoriasis also get a form of arthritis called psoriatic arthritis. a problem with your immune system causes psoriasis. in a process called cell turnover, skin cells that grow deep in your skin rise to the surface. normally, this takes a month. in psoriasis, it happens in just days because your cells rise too fast. psoriasis can be hard to diagnose because it can look like other skin diseases. your doctor might need to look at a small skin sample under a microscope. psoriasis can last a long time, even a lifetime. symptoms come and go. things that make them worse include - infections - stress - dry skin - certain medicines psoriasis usually occurs in adults. it sometimes runs in families. treatments include creams, medicines, and light therapy. nih: national institute of arthritis and musculoskeletal and skin diseases"
what are the treatments for psoriasis ?,"while many psoriasis treatments are applied directly to the skin, your doctor may prescribe others that must be taken by mouth or injected. there are also some natural treatments, taken by mouth or applied to the skin, that you can try on your own. systemic therapies these therapies, prescribed by your doctor, work in different ways to help control the underlying disease process. it is important to learn as much as you can about these medications and to take them exactly as prescribed by your doctor. oral or injected medications for psoriasis include the following. - is used to treat severe psoriasis (meaning more than 20 percent of skin is affected) - slows the rapid growth of skin cells - is taken by mouth or injected. is used to treat severe psoriasis (meaning more than 20 percent of skin is affected) slows the rapid growth of skin cells is taken by mouth or injected. - may be used for severe psoriasis not controlled by methotrexate - suppresses overactive t cells that play a role in psoriasis - is taken by mouth or injected. may be used for severe psoriasis not controlled by methotrexate suppresses overactive t cells that play a role in psoriasis is taken by mouth or injected. - are man-made drugs related to vitamin a - help slow the production of skin cells - reduce inflammation. are man-made drugs related to vitamin a help slow the production of skin cells reduce inflammation. - are made from living cells grown in a laboratory - block the action of specific cells and proteins that play a role in psoriasis - must be injected beneath the skin or given intravenously (by iv). are made from living cells grown in a laboratory block the action of specific cells and proteins that play a role in psoriasis must be injected beneath the skin or given intravenously (by iv). natural treatments for many people, natural treatments can help relieve the symptoms of psoriasis. there are many natural treatments you can try on your own, but you should never use them to replace the treatment your doctor prescribes. here are some natural treatments you may want to try. spending a few minutes in the summer sun can help your psoriasis, but be sure to use sun block and increase time spent in the sun gradually. applying cream from the aloe vera plant improves symptoms for some people. you should avoid aloe vera tablets. taking fish oil orally helps some people with psoriasis. if you want to try fish oil, first speak with your doctor, as it may interact with other medications you are taking. soaking in a solution of dead sea salts may improve scaling and itching. be sure to apply moisturizer when you get out of the tub. capsaicin, the ingredient that makes cayenne peppers hot, is the active ingredient in some topical pain-relievers. some people find they relieve pain and itching."
what are the treatments for psoriasis ?,"the goals of psoriasis treatment are to change the course of the disease by interfering with the increased production of skin cells, and to remove scales and smooth rough skin."
what is (are) psoriasis ?,"psoriasis (sow rye uh sis) is a chronic skin disease. chronic means that it lasts a long time, often a lifetime. psoriasis affects more than 5 million adults in the united states. it appears about equally in males and females. psoriasis occurs when the skin cells grow too quickly. the body does not shed these excess cells and they build up on the surface of the skin, forming thick, scaly patches. types of psoriasis psoriasis occurs in five different forms that affect both men and women. most people have only one type of psoriasis at a time. sometimes, one type of psoriasis will disappear and another will appear. here is a brief overview of the different forms of psoriasis. - is the most common form - appears as raised red patches covered in silvery white scales - usually shows up on the scalp, knees, elbows and lower back - patches may itch or be painful and can also crack and bleed. is the most common form appears as raised red patches covered in silvery white scales usually shows up on the scalp, knees, elbows and lower back patches may itch or be painful and can also crack and bleed. - is the second most common form of psoriasis - usually begins in childhood or early adulthood - appears as small red spots on the skin. is the second most common form of psoriasis usually begins in childhood or early adulthood appears as small red spots on the skin. - appears as red sores in body folds, such as the groin and under the breasts - is more common in people who are overweight - often occurs along with another form of psoriasis. appears as red sores in body folds, such as the groin and under the breasts is more common in people who are overweight often occurs along with another form of psoriasis. - features white blisters surrounded by red skin - mainly affects adults - may occur all over the body, but usually affects one area. features white blisters surrounded by red skin mainly affects adults may occur all over the body, but usually affects one area. - is the rarest and most dangerous form of psoriasis - is characterized by inflammation - usually affects most of the body. is the rarest and most dangerous form of psoriasis is characterized by inflammation usually affects most of the body."
what is (are) psoriasis ?,"the most common form of psoriasis is called plaque psoriasis. it appears as raised red patches covered in silvery white scales. plaque psoriasis usually shows up on the scalp, knees, elbows, and lower back. the patches may itch or be painful. they can also crack and bleed."
what are the treatments for psoriasis ?,"for many people, natural treatments can help relieve the symptoms of psoriasis. there are many natural treatments you can try on your own, but you should never use them to replace the treatment your doctor prescribes. some natural treatments you may want to try are - sunlight - aloe - fish oil - dead sea salts - cayenne. sunlight aloe fish oil dead sea salts cayenne."
what are the symptoms of psoriasis ?,"different forms of psoriasis have different symptoms. in many cases your doctor can diagnose psoriasis based on the signs seen in the physical exam as well as the symptoms you describe. symptoms the most common symptoms of psoriasis are - patches of thick, red skin - skin inflammation - silvery scales - itching - pain. patches of thick, red skin skin inflammation silvery scales itching pain. psoriasis most commonly affects the elbows, knees, scalp, lower back, face, palms, soles of the feet, nails, and soft tissues. making a diagnosis in most cases, your primary care provider can diagnose psoriasis simply by examining your skin. because the symptoms of psoriasis may be similar to those of other skin diseases, however, sometimes the diagnosis is more difficult. you may need to see a dermatologist, a doctor who specializes in diagnosing and treating skin diseases. if your doctor isn't sure if you have psoriasis, he or she may order a biopsy. this involves removing a small sample of skin and looking at it under a microscope."
what are the treatments for psoriasis ?,"topical treatments are those that are applied directly to the skin. topical treatments for psoriasis include - salicylic acid, - steroid-based creams - calcipotriene-containing ointment - anthralin - coal-tar ointments and shampoos - and vitamin d analogues. salicylic acid, steroid-based creams calcipotriene-containing ointment anthralin coal-tar ointments and shampoos and vitamin d analogues."
what is (are) psoriasis ?,"light therapy, also called phototherapy, uses ultraviolet light to treat skin lesions. laser therapy delivers intense, focused doses of light to specific areas of the skin to clear lesions without harming surrounding tissues."
what is (are) psoriasis ?,"having psoriasis may cause you to feel self-conscious, particularly if it affects a part of the body that others can see. some people plan their clothing such as long skirts vs. knee-length or long-sleeve instead of short-sleeve shirts to hide affected skin. others withdraw from sports and other activities where affected skin would show. pain, itching, and other symptoms can lead to frustration. uncertainty over the course of the disease or the need for ongoing treatment may cause you to feel anxious or depressed. in some cases psoriasis symptoms make it difficult or impossible for people keep up with their jobs, household chores, or favorite activities. having to give up a job or favorite hobby can further increase the risk of emotional problems."
what causes psoriasis ?,"although the cause of psoriasis is not completely understood, scientists believe it is related to a problem with a type of blood cells called t cells. these cells normally travel through the bloodstream to help fight an infection, but in people with psoriasis, they attack the bodys skin cells by mistake. genes play a role no one knows what causes t cells to go wrong, but certain genes have been linked to psoriasis. people who have these genes are more likely to develop psoriasis than people without the genes. however, genes alone do not cause psoriasis. scientists believe psoriasis occurs when something in the environment triggers the disease in someone who has one or more of these genes. psoriasis triggers these so-called triggers may be different for different people. different triggers may start the disease or make it worse in different people. factors that may trigger psoriasis or make it worse include - physical and emotional stress - injury to the skin such as cuts or burns - infections, particularly strep throat - cold weather - smoking or heavy alcohol use - certain medications such as - lithium, a psychiatric drug - antimalarials such as hydroxychloroquine and chloroquine - inderal, a high blood pressure medicine - quinidine, a heart medication - indomethacin, a nonsteroidal anti-inflammatory drug often used to treat arthritis. physical and emotional stress injury to the skin such as cuts or burns infections, particularly strep throat cold weather smoking or heavy alcohol use certain medications such as - lithium, a psychiatric drug - antimalarials such as hydroxychloroquine and chloroquine - inderal, a high blood pressure medicine - quinidine, a heart medication - indomethacin, a nonsteroidal anti-inflammatory drug often used to treat arthritis. lithium, a psychiatric drug antimalarials such as hydroxychloroquine and chloroquine inderal, a high blood pressure medicine quinidine, a heart medication indomethacin, a nonsteroidal anti-inflammatory drug often used to treat arthritis."
what causes psoriasis ?,"although the cause of psoriasis is not completely understood, scientists believe it is related to a problem with a type of blood cells called t cells. these cells normally travel through the bloodstream to help fight an infection, but in people with psoriasis, they attack the bodys skin cells by mistake."
what research (or clinical trials) is being done for psoriasis ?,"scientists who are working to better understand and treat psoriasis are making headway in several different areas, including the role of t cells, new treatments, psoriasis genes, psoriasis-related conditions, and stress-reduction treatment."
how to diagnose rheumatoid arthritis ?,"rheumatoid arthritis can be difficult to diagnose in its early stages because the full range of symptoms develops over time, and only a few symptoms may be present in the early stages. as part of the diagnosis, your doctor will look for symptoms such as swelling, warmth, pain, and limitations in joint motion throughout your body. your doctor may ask you questions about the intensity of your pain symptoms, how often they occur, and what makes the pain better or worse."
what are the treatments for rheumatoid arthritis ?,"medication, exercise, and, in some cases, surgery are common treatments for this disease. most people who have rheumatoid arthritis take medications. some drugs only provide relief for pain; others reduce inflammation. people with rheumatoid arthritis can also benefit from exercise, but they need to maintain a good balance between rest and exercise. they should get rest when the disease is active and get more exercise when it is not. in some cases, a doctor will recommend surgery to restore function or relieve pain in a damaged joint. several types of surgery are available to patients with severe joint damage. joint replacement and tendon reconstruction are examples."
what is (are) rheumatoid arthritis ?,"rheumatoid arthritis (ra) is a form of arthritis that causes pain, swelling, stiffness and loss of function in your joints. it can affect any joint but is common in the wrist and fingers. more women than men get rheumatoid arthritis. it often starts in middle age and is most common in older people. you might have the disease for only a short time, or symptoms might come and go. the severe form can last a lifetime. rheumatoid arthritis is different from osteoarthritis, the common arthritis that often comes with older age. ra can affect body parts besides joints, such as your eyes, mouth and lungs. ra is an autoimmune disease, which means the arthritis results from your immune system attacking your body's own tissues. no one knows what causes rheumatoid arthritis. genes, environment, and hormones might contribute. treatments include medicine, lifestyle changes, and surgery. these can slow or stop joint damage and reduce pain and swelling. nih: national institute of arthritis and musculoskeletal and skin diseases"
what are the treatments for rheumatoid arthritis ?,"most people who have rheumatoid arthritis take medications. some drugs only provide relief for pain; others reduce inflammation. still others, called disease-modifying anti-rheumatic drugs or dmards, can often slow the course of the disease. - dmards include methotrexate, leflunomide, sulfasalazine, and cyclosporine. - steroids, which are also called corticosteroids, are another type of drug used to reduce inflammation for people with rheumatoid arthritis. cortisone, hydrocortisone, and prednisone are some commonly used steroids. - dmards called biological response modifiers also can help reduce joint damage. these drugs include etanercept, infliximab, and anakinra. - another dmard, tofacitinib, from a new class of drugs called jak kinase (jak) inhibitors is also available. dmards include methotrexate, leflunomide, sulfasalazine, and cyclosporine. steroids, which are also called corticosteroids, are another type of drug used to reduce inflammation for people with rheumatoid arthritis. cortisone, hydrocortisone, and prednisone are some commonly used steroids. dmards called biological response modifiers also can help reduce joint damage. these drugs include etanercept, infliximab, and anakinra. another dmard, tofacitinib, from a new class of drugs called jak kinase (jak) inhibitors is also available. early treatment with powerful drugs and drug combinations -- including biological response modifiers and dmards -- instead of single drugs may help prevent the disease from progressing and greatly reduce joint damage."
what research (or clinical trials) is being done for rheumatoid arthritis ?,"scientists are making rapid progress in understanding the complexities of rheumatoid arthritis. they are learning more about how and why it develops and why some people have more severe symptoms than others. research efforts are focused on developing drugs that can reduce inflammation and slow or stop the disease with few side effects. identifying possible triggers some evidence shows that infectious agents, such as viruses and bacteria, may contribute to triggering rheumatoid arthritis in people with an inherited tendency to develop the disease. investigators are trying to identify the infectious agents and understand how they work. this knowledge could lead to new therapies. why more women than men? researchers are also exploring why so many more women than men develop rheumatoid arthritis. in the hope of finding clues, they are studying complex relationships between the hormonal, nervous, and immune systems in rheumatoid arthritis. for example, they are exploring whether and how the normal changes in the levels of steroid hormones such as estrogen and testosterone during a person's lifetime may be related to the development, improvement, or flares of the disease. scientists are also examining why rheumatoid arthritis often improves during pregnancy. learn more about current research on rheumatoid arthritis. interested in clinical trials? the u.s. national institutes of health, through its national library of medicine and other institutes, maintains a database of clinical trials at clinical trials.gov. to see a list of current clinical trials on rheumatoid arthritis, type ""rheumatoid arthritis"" into the search box."
what are the symptoms of rheumatoid arthritis ?,"rheumatoid arthritis is characterized by inflammation of the joint lining. this inflammation causes warmth, redness, swelling, and pain around the joints. the pain of rheumatoid arthritis varies greatly from person to person, for reasons that doctors do not yet understand completely. factors that contribute to the pain include swelling within the joint, the amount of heat or redness present, or damage that has occurred within the joint."
what causes rheumatoid arthritis ?,"actual cause is unknown scientists believe that rheumatoid arthritis may result from the interaction of many factors such as genetics, hormones, and the environment. although rheumatoid arthritis sometimes runs in families, the actual cause of rheumatoid arthritis is still unknown. research suggests that a person's genetic makeup is an important part of the picture, but not the whole story. some evidence shows that infectious agents, such as viruses and bacteria, may trigger rheumatoid arthritis in people with an inherited tendency to develop the disease. however, a specific agent or agents are not yet known. not contagious it is important to note that rheumatoid arthritis is not contagious. a person cannot catch it from someone else. learn more about the causes of rheumatoid arthritis."
what is (are) rheumatoid arthritis ?,"an inflammatory, autoimmune disease rheumatoid arthritis is an inflammatory disease that causes pain, swelling, stiffness, and loss of function in the joints. it can cause mild to severe symptoms. rheumatoid arthritis not only affects the joints, but may also attack tissue in the skin, lungs, eyes, and blood vessels. people with rheumatoid arthritis may feel sick, tired, and sometimes feverish. rheumatoid arthritis is classified as an autoimmune disease. an autoimmune disease occurs when the immune system turns against parts of the body it is designed to protect. rheumatoid arthritis generally occurs in a symmetrical pattern. this means that if one knee or hand is involved, the other one is, too. it can occur at any age, but usually begins during a person's most productive years. affects more women than men rheumatoid arthritis occurs much more frequently in women than in men. about two to three times as many women as men have the disease. learn more about how rheumatoid arthritis occurs. effects vary rheumatoid arthritis affects people differently. some people have mild or moderate forms of the disease, with periods of worsening symptoms, called flares, and periods in which they feel better, called remissions. others have a severe form of the disease that is active most of the time, lasts for many years or a lifetime, and leads to serious joint damage and disability. although rheumatoid arthritis is primarily a disease of the joints, its effects are not just physical. many people with rheumatoid arthritis also experience issues related to - depression, anxiety - feelings of helplessness - low self-esteem. depression, anxiety feelings of helplessness low self-esteem. rheumatoid arthritis can affect virtually every area of a persons life from work life to family life. it can also interfere with the joys and responsibilities of family life and may affect the decision to have children. treatment can help fortunately, current treatment strategies allow most people with the disease to lead active and productive lives. these strategies include pain-relieving drugs and medications that slow joint damage, a balance between rest and exercise, and patient education and support programs. in recent years, research has led to a new understanding of rheumatoid arthritis and has increased the likelihood that, in time, researchers will find even better ways to treat the disease."
what is (are) rheumatoid arthritis ?,"rest. people with rheumatoid arthritis need a good balance between rest and exercise; they should rest more when the disease is active and exercise more when it is not. rest helps to reduce active joint inflammation and pain and to fight fatigue. the length of time for rest will vary from person to person, but in general, shorter rest breaks every now and then are more helpful than long times spent in bed. exercise. exercise is important for maintaining healthy and strong muscles, preserving joint mobility, and maintaining flexibility. exercise can help people sleep well, reduce pain, maintain a positive attitude, and manage weight. exercise programs should take into account the persons physical abilities, limitations, and changing needs. for more information on exercise classes, you may want to contact the arthritis foundation at 1-800-283-7800. learn more about the health benefits of exercise for older adults. more information about exercise and physical activity for older adults can be found at go4life, the exercise and and physical activity campaign from the national institute on aging. diet. special diets, vitamin supplements, and other alternative approaches have been suggested for treating rheumatoid arthritis. although such approaches may not be harmful, scientific studies have not yet shown any benefits. an overall nutritious diet with the right amount of calories, protein, and calcium is important. some people need to be careful about drinking alcoholic beverages because of the medications they take for rheumatoid arthritis. see eating well as you get older to learn more about healthy eating. joint care. some people find that using a splint for a short time around a painful joint reduces pain and swelling by supporting the joint and letting it rest. assistive devices may help reduce stress and lessen pain in the joints. examples include zipper pullers and aids to help with moving in and out of chairs and beds. stress reduction. finding ways to reduce stress is important. regular rest periods can help and so can relaxation, distraction, or visualization exercises. exercise programs, participation in support groups, and good communication with the health care team are other ways to reduce stress. learn about relaxation techniques that may relieve tension."
what are the treatments for rheumatoid arthritis ?,"most symptoms are treatable doctors use a variety of approaches to treat rheumatoid arthritis. the goals of treatment are to help relieve pain, reduce swelling, slow down or help prevent joint damage, increase the ability to function, and improve the sense of well-being. current treatment approaches include - lifestyle modification - medications - surgery - routine monitoring and ongoing care. lifestyle modification medications surgery routine monitoring and ongoing care. balance rest and exercise people with rheumatoid arthritis need a good balance between rest and exercise; they should rest more when the disease is active and exercise more when it is not. rest helps to reduce active joint inflammation and pain and to fight fatigue. the length of time for rest will vary from person to person, but in general, shorter rest breaks every now and then are more helpful than long times spent in bed. exercise is important for maintaining healthy and strong muscles, preserving joint mobility, and maintaining flexibility. exercise can also help people sleep well, reduce pain, maintain a positive attitude, and manage weight. exercise programs should take into account the persons physical abilities, limitations, and changing needs. learn more about the health benefits of exercise for older adults. more information about exercise and physical activity for older adults can be found at go4life, the exercise and physical activity campaign from the national institute on aging. reduce stress people with rheumatoid arthritis face emotional challenges as well as physical ones. the emotions they feel because of the diseasefear, anger, and frustrationcombined with any pain and physical limitations can increase their stress level. finding ways to reduce stress is important. regular rest periods can help and so can relaxation, distraction, or visualization exercises. exercise programs, participation in support groups, and good communication with the health care team are other ways to reduce stress. for more information on exercise classes, you may want to contact the arthritis foundation at 1-800-283-7800. learn about relaxation techniques that may relieve tension. eat a healthful diet special diets, vitamin supplements, and other alternative approaches have been suggested for treating rheumatoid arthritis. although such approaches may not be harmful, scientific studies have not yet shown any benefits. special diets, vitamin supplements, and other alternative approaches have been suggested for treating rheumatoid arthritis. although such approaches may not be harmful, scientific studies have not yet shown any benefits. see eating well as you get older for more about healthy eating. reduce stress on joints some people find using a splint for a short time around a painful joint reduces pain and swelling by supporting the joint and letting it rest. splints are used mostly on wrists and hands, but also on ankles and feet. a doctor or a physical or occupational therapist can help a person choose a splint and make sure it fits properly. other ways to reduce stress on joints include - self-help devices (for example, zipper pullers, long-handled shoe horns) - devices to help with getting on and off chairs, toilet seats, and beds - changes in the ways that a person carries out daily activities. self-help devices (for example, zipper pullers, long-handled shoe horns) devices to help with getting on and off chairs, toilet seats, and beds changes in the ways that a person carries out daily activities. medications most people who have rheumatoid arthritis take medications. some drugs only provide relief for pain; others reduce inflammation. still others, called disease-modifying anti-rheumatic drugs or dmards, can often slow the course of the disease. - dmards include methotrexate, leflunomide, sulfasalazine, and cyclosporine. dmards include methotrexate, leflunomide, sulfasalazine, and cyclosporine. - steroids, which are also called corticosteroids, are another type of drug used to reduce inflammation for people with rheumatoid arthritis. cortisone, hydrocortisone, and prednisone are some commonly used steroids. steroids, which are also called corticosteroids, are another type of drug used to reduce inflammation for people with rheumatoid arthritis. cortisone, hydrocortisone, and prednisone are some commonly used steroids. - dmards called biologic response modifiers also can help reduce joint damage. these drugs include etanercept, infliximab, anakinra, golimumab, adalimumab, rituximab, and abatacept. dmards called biologic response modifiers also can help reduce joint damage. these drugs include etanercept, infliximab, anakinra, golimumab, adalimumab, rituximab, and abatacept. - another dmard, tofacitinib, from a new class of drugs called jak kinase (jak) inhibitors is also available. another dmard, tofacitinib, from a new class of drugs called jak kinase (jak) inhibitors is also available. early treatment with powerful drugs and drug combinations -- including biologic response modifiers and dmards -- instead of single drugs may help prevent the disease from progressing and greatly reduce joint damage. surgery in some cases, a doctor will recommend surgery to restore function or relieve pain in a damaged joint. surgery may also improve a person's ability to perform daily activities. joint replacement and tendon reconstruction are two types of surgery available to patients with severe joint damage. routine monitoring and ongoing care regular medical care is important to monitor the course of the disease, determine the effectiveness and any negative effects of medications, and change therapies as needed. monitoring typically includes regular visits to the doctor. it also may include blood, urine, and other laboratory tests and x rays. monitor osteoporosis risk people with rheumatoid arthritis may want to discuss preventing osteoporosis with their doctors as part of their long-term, ongoing care. osteoporosis is a condition in which bones become weakened and fragile. having rheumatoid arthritis increases the risk of developing osteoporosis for both men and women, particularly if a person takes corticosteroids. such patients may want to discuss with their doctors the potential benefits of calcium and vitamin d supplements or other treatments for osteoporosis. see what is osteoporosis? to learn more about this disease."
what causes rheumatoid arthritis ?,"scientists believe that rheumatoid arthritis may result from the interaction of many factors such as genetics, hormones, and the environment. although rheumatoid arthritis sometimes runs in families, the actual cause of rheumatoid arthritis is still unknown. research suggests that a person's genetic makeup is an important part of the picture, but not the whole story. some evidence shows that infectious agents, such as viruses and bacteria, may trigger rheumatoid arthritis in people with an inherited tendency to develop the disease. the exact agent or agents, however, are not yet known. it is important to note that rheumatoid arthritis is not contagious. a person cannot catch it from someone else. learn more about the causes of rheumatoid arthritis."
how to diagnose rheumatoid arthritis ?,"there is no single, definitive test for rheumatoid arthritis. common tests for rheumatoid arthritis include - the rheumatoid factor test. rheumatoid factor is an antibody that is present eventually in the blood of most people with rheumatoid arthritis. however, not all people with rheumatoid arthritis test positive for rheumatoid factor, especially early in the disease. also, some people who do test positive never develop the disease. the rheumatoid factor test. rheumatoid factor is an antibody that is present eventually in the blood of most people with rheumatoid arthritis. however, not all people with rheumatoid arthritis test positive for rheumatoid factor, especially early in the disease. also, some people who do test positive never develop the disease. - the citrulline antibody test. this blood test detects antibodies to cyclic citrullinated peptide (anti-ccp). this test is positive in most people with rheumatoid arthritis and can even be positive years before rheumatoid arthritis symptoms develop. when used with the rheumatoid factor test, the citrulline antibody test results are very useful in confirming a rheumatoid arthritis diagnosis. the citrulline antibody test. this blood test detects antibodies to cyclic citrullinated peptide (anti-ccp). this test is positive in most people with rheumatoid arthritis and can even be positive years before rheumatoid arthritis symptoms develop. when used with the rheumatoid factor test, the citrulline antibody test results are very useful in confirming a rheumatoid arthritis diagnosis. other common tests for rheumatoid arthritis include - the erythrocyte sedimentation rate, which indicates the presence of inflammation in the body - a test for white blood cell count - a blood test for anemia. the erythrocyte sedimentation rate, which indicates the presence of inflammation in the body a test for white blood cell count a blood test for anemia. x-rays are often used to determine the degree of joint destruction. they are not useful in the early stages of rheumatoid arthritis before bone damage is evident, but they can be used later to monitor the progression of the disease. learn more about how rheumatoid arthritis is diagnosed."
what are the symptoms of rheumatoid arthritis ?,"swelling and pain in the joints different types of arthritis have different symptoms. in general, people with most forms of arthritis have pain and stiffness in their joints. rheumatoid arthritis is characterized by inflammation of the joint lining. this inflammation causes warmth, redness, swelling, and pain around the joints. a person also feels sick, tired, and sometimes feverish. rheumatoid arthritis generally occurs in a symmetrical pattern. if one knee or hand is affected, the other one is also likely to be affected. diagnostic tests rheumatoid arthritis can be difficult to diagnose in its early stages for several reasons. there is no single test for the disease. in addition, symptoms differ from person to person and can be more severe in some people than in others. common tests for rheumatoid arthritis include - the rheumatoid factor test. rheumatoid factor is an antibody that is present eventually in the blood of most people with rheumatoid arthritis however, not all people with rheumatoid arthritis test positive for rheumatoid factor, especially early in the disease. also, some people who do test positive never develop the disease. the rheumatoid factor test. rheumatoid factor is an antibody that is present eventually in the blood of most people with rheumatoid arthritis however, not all people with rheumatoid arthritis test positive for rheumatoid factor, especially early in the disease. also, some people who do test positive never develop the disease. - the citrulline antibody test. this blood test detects antibodies to cyclic citrullinated peptide (anti-ccp). this test is positive in most people with rheumatoid arthritis and can even be positive years before rheumatoid arthritis symptoms develop. when used with the rheumatoid factor test, the citrulline antibody test results are very useful in confirming a rheumatoid arthritis diagnosis. the citrulline antibody test. this blood test detects antibodies to cyclic citrullinated peptide (anti-ccp). this test is positive in most people with rheumatoid arthritis and can even be positive years before rheumatoid arthritis symptoms develop. when used with the rheumatoid factor test, the citrulline antibody test results are very useful in confirming a rheumatoid arthritis diagnosis. other common tests for rheumatoid arthritis include - the erythrocyte sedimentation rate, which indicates the presence of inflammation in the body - a test for white blood cell count and - a blood test for anemia. the erythrocyte sedimentation rate, which indicates the presence of inflammation in the body a test for white blood cell count and a blood test for anemia. diagnosis can take time symptoms of rheumatoid arthritis can be similar to those of other types of arthritis and joint conditions, and it may take some time to rule out other conditions. the full range of symptoms develops over time, and only a few symptoms may be present in the early stages. learn more about how rheumatoid arthritis is diagnosed."
what is (are) shingles ?,"shingles is a disease caused by the varicella-zoster virus - the same virus that causes chickenpox. after you have chickenpox, the virus stays in your body. it may not cause problems for many years. as you get older, the virus may reappear as shingles. although it is most common in people over age 50, anyone who has had chickenpox is at risk. you can't catch shingles from someone who has it. however, if you have a shingles rash, you can pass the virus to someone who has never had chickenpox. this would usually be a child, who could get chickenpox instead of shingles. the virus spreads through direct contact with the rash, and cannot spread through the air. early signs of shingles include burning or shooting pain and tingling or itching, usually on one side of the body or face. the pain can be mild to severe. rashes or blisters appear anywhere from one to 14 days later. if shingles appears on your face, it may affect your vision or hearing. the pain of shingles may last for weeks, months, or even years after the blisters have healed. there is no cure for shingles. early treatment with medicines that fight the virus may help. these medicines may also help prevent lingering pain. a vaccine may prevent shingles or lessen its effects. the vaccine is recommended for people 60 or over. in some cases doctors may give it to people ages 50 to 59. nih: national institute of allergy and infectious diseases"
what is (are) shingles ?,"""a burning, tingly feeling is what i noticed first,"" said an elderly woman describing her symptoms. ""i looked in the mirror, and there was a rash on just one side of my back. then the shooting pains started. days later, i could hardly stand to have my clothes touching me. i thought maybe i had hives or poison ivy,"" she said, ""until i went to the doctor."""
what causes shingles ?,"shingles is caused by a virus called the varicella-zoster virus -- the one that gave you chickenpox when you were a child. as you recovered from chickenpox, the sores and other symptoms healed, but the virus remained. it is with you for life. researchers know that the varicella-zoster virus behaves differently from other viruses, such as the flu virus. our immune system usually kills off invading germs, but it cannot completely knock out this type of virus. the virus just becomes inactive. the virus can become active again, especially in the later years of your life when your immune system doesn't protect you as well from infections. the virus travels from the spinal nerve cells and follows a nerve path out to the skin. nerve endings in the skin become inflamed and erupt in a very painful rash. healthcare providers cannot always be sure what the trigger is in each case. they don't know why the virus reactivates in one person with these risk factors, while in another person with the same risk factors, it does not."
what is (are) shingles ?,"shingles (herpes zoster) is an outbreak of rash or blisters on the skin that is caused by the same virus that causes chickenpox the varicella-zoster virus. the first sign of shingles is often burning or tingling pain (which can be severe), or sometimes numbness or itch,generally on one side of the body. after several days or a week, a rash of fluid-filled blisters, similar to chickenpox, appears in one area on one side of the body. shingles pain can be mild or intense. some people have mostly itching; some feel pain from the gentlest touch or breeze. the most common location for shingles is a band, called a dermatome, spanning one side of the trunk around the waistline. anyone who has had chickenpox is at risk for shingles. scientists think that some of the virus particles from the original exposure to the varicella-zoster virus,leave the skin blisters and move into the nervous system. when the varicella-zoster virus reactivates, the virus moves back down the long nerve fibers that extend from the sensory cell bodies to the skin. the viruses multiply, the tell-tale rash erupts, and the person now has shingles."
what are the symptoms of shingles ?,"burning, itching, tingling, then a rash an outbreak of shingles usually begins with a burning, itching, or tingling sensation on the back, chest, or around the rib cage or waist. it is also common for the face or eye area to be affected. (watch the video to learn more about one woman's experience with shingles. to enlarge the video, click the brackets in the lower right-hand corner. to reduce the video, press the escape (esc) button on your keyboard.) some people report feeling feverish and weak during the early stages. usually within 48 to 72 hours, a red, blotchy rash develops on the affected area. the rash erupts into small blisters that look like chickenpox. the blisters seem to arrive in waves over a period of three to five days. blisters the blisters tend to be clustered in one specific area, rather than being scattered all over the body like chickenpox. the torso or face are the parts most likely to be affected, but on occasion, shingles breaks out in the lower body. the burning sensation in the rash area is often accompanied by shooting pains. after the blisters erupt, the open sores take a week or two to crust over. the sores are usually gone within another two weeks. the pain may diminish somewhat, but it often continues for months -- and can go on for years. pain shingles can be quite painful. many shingles patients say that it was the intense pain that ultimately sent them to their healthcare provider. they often report that the sensation of anything brushing across the inflamed nerve endings on the skin is almost unbearable. diagnosis is usually easy for healthcare providers a typical shingles case is easy to diagnose. a healthcare provider might suspect shingles if - the rash is only on one side of the body - the rash erupts along one of the many nerve paths, called dermatomes, that stem from the spine. the rash is only on one side of the body the rash erupts along one of the many nerve paths, called dermatomes, that stem from the spine. a healthcare provider usually confirms a diagnosis of shingles if the person also - reports a sharp, burning pain - has had chickenpox - has blisters that look like chickenpox - is elderly. reports a sharp, burning pain has had chickenpox has blisters that look like chickenpox is elderly. if the diagnosis is unclear some people go to their healthcare provider because of burning, painful, itchy sensations on one area of skin, but they don't get a rash. if there is no rash, the symptoms can be difficult to diagnose because they can be mistaken for numerous other diseases. in cases where there is no rash or the diagnosis is questionable, healthcare providers can do a blood test. if there is a rash, but it does not resemble the usual shingles outbreak, a healthcare provider can examine skin scrapings from the sores."
what is (are) shingles ?,"shingles is a painful rash that develops on one side of the face or body. the rash forms blisters that typically scab over in 7 to 10 days and clear up within 2 to 4 weeks. most commonly, the rash occurs in a single stripe around either the left or the right side of the body. in other cases, the rash occurs on one side of the face. in rare cases (usually among people with weakened immune systems), the rash may be more widespread and look similar to a chickenpox rash. shingles is very common. fifty percent of all americans will have had shingles by the time they are 80. while shingles occurs in people of all ages, it is most common in 60- to 80-year-olds. in fact, one out of every three people 60 years or older will get shingles. (watch the video to learn more about shingles. to enlarge the video, click the brackets in the lower right-hand corner. to reduce the video, press the escape (esc) button on your keyboard.) what causes shingles? shingles is caused by a reactivation of the chickenpox virus. it is distinctive because it affects only one side of the body. the early signs of shingles usually develop in three stages: severe pain or tingling, possibly itchy rash, and blisters that look like chickenpox. the virus that causes shingles is a herpes virus, (another name for shingles is herpes zoster.) once you are infected with this kind of virus, it remains in your body for life. it stays inactive until a period when your immunity is down. shingles and pain the most common complication of shingles is pain -- a condition called post-herpetic neuralgia (phn). people with phn have severe pain in the areas where they had the shingles rash, even after the rash clears up. in most patients, the pain usually clears up in a few weeks or months, but some people can have pain from phn for years. persistent pain from shingles is a common symptom in people over 60. in fact, one out of six people older than 60 years who get shingles will have severe pain. as people get older, they are more likely to develop long-term pain as a complication of shingles and the pain is likely to be more severe. other complications shingles may also lead to other serious complications. - outbreaks that start on the face or eyes can cause vision or hearing problems. even permanent blindness can result if the cornea of the eye is affected. - bacterial infection of the open sores can lead to scarring. outbreaks that start on the face or eyes can cause vision or hearing problems. even permanent blindness can result if the cornea of the eye is affected. bacterial infection of the open sores can lead to scarring. - in a very small number of cases, bacteria can cause more serious conditions, including toxic shock syndrome and necrotizing fasciitis, a severe infection that destroys the soft tissue under the skin. - the burning waves of pain, loss of sleep, and interference with even basic life activities can cause serious depression. - in patients with immune deficiency, the rash can be much more extensive than usual and the illness can be complicated by pneumonia. these cases are more serious, but they are rarely fatal. - very rarely, shingles can also lead to pneumonia, brain inflammation (encephalitis), or death. in a very small number of cases, bacteria can cause more serious conditions, including toxic shock syndrome and necrotizing fasciitis, a severe infection that destroys the soft tissue under the skin. the burning waves of pain, loss of sleep, and interference with even basic life activities can cause serious depression. in patients with immune deficiency, the rash can be much more extensive than usual and the illness can be complicated by pneumonia. these cases are more serious, but they are rarely fatal. very rarely, shingles can also lead to pneumonia, brain inflammation (encephalitis), or death. shingles usually does not return people who develop shingles usually have only one episode in their lifetime. however, a person can have a second or even a third episode. the shingles vaccine adults 60 years old or older should talk to their healthcare professional about getting a one-time dose of the shingles vaccine. the vaccine can reduce your risk of shingles and the long-term pain it can cause. if you have already had shingles or you have a chronic medical condition, you can receive the shingles vaccine. (see more about the shingles vaccine in the chapter prevention.) is shingles contagious? shingles cannot be passed from one person to another. however, the virus that causes shingles, the varicella zoster virus, can be spread from a person with active shingles to another person who has never had chickenpox. in such cases, the person exposed to the virus might develop chickenpox, but they would not develop shingles. the virus is spread through direct contact with fluid from the rash blisters caused by shingles. a person with active shingles can spread the virus when the rash is in the blister phase. a person is not infectious before the blisters appear. once the rash has developed crusts, the person is no longer contagious. shingles is less contagious than chickenpox and the risk of a person with shingles spreading the virus is low if the rash is covered. if you have shingles if you have shingles, - keep the rash covered - avoid touching or scratching the rash - wash your hands often to prevent the spread of varicella zoster virus. keep the rash covered avoid touching or scratching the rash wash your hands often to prevent the spread of varicella zoster virus. until your rash has developed crusts, avoid contact with - pregnant women who have never had chickenpox or the chickenpox vaccine - premature or low birth weight infants - people with weakened immune systems, such as people receiving immunosuppressive medications or undergoing chemotherapy, organ transplant recipients, and people with human immunodeficiency virus (hiv) infection. pregnant women who have never had chickenpox or the chickenpox vaccine premature or low birth weight infants people with weakened immune systems, such as people receiving immunosuppressive medications or undergoing chemotherapy, organ transplant recipients, and people with human immunodeficiency virus (hiv) infection. if you have not had chickenpox and you come into contact with someone who has shingles, ask your healthcare provider whether you should get a chickenpox vaccination. to learn more, see ""what you need to know about shingles and the shingles vaccine."""
who is at risk for shingles? ?,"shingles is very common. fifty percent of all americans will have had shingles by the time they are 80. while shingles occurs in people of all ages, it is most common in 60-to 80-year-olds. in fact, one out of every three people 60 years or older will get shingles."
what is the outlook for shingles ?,"for most healthy people who receive treatment soon after the outbreak of blisters, the lesions heal, the pain subsides within 3 to 5 weeks, and the blisters often leave no scars. however, shingles is a serious threat in immunosuppressed individuals for example, those with hiv infection or who are receiving cancer treatments that can weaken their immune systems. people who receive organ transplants are also vulnerable to shingles because they are given drugs that suppress the immune system. a person with a shingles rash can pass the virus to someone, usually a child, who has never had chickenpox, but the child will develop chickenpox, not shingles. a person with chickenpox cannot give shingles to someone else. shingles comes from the virus hiding inside the person's body, not from an outside source."
what are the symptoms of shingles ?,"a week or two after the blisters erupt, the oozing sores will begin to crust over. the sores are usually gone after another two weeks. the pain usually decreases over the next few weeks, but some patients may have pain for months -- sometimes, for years."
who is at risk for shingles? ?,"the leading risk factor for shingles is a history of having had chickenpox. one out of every five people who have had chickenpox is likely to get shingles. another risk factor is aging. as we age, our natural immunity gradually loses its ability to protect against infection. the shingles virus can take advantage of this and become active again. conditions that weaken the immune system can also put people at risk for shingles. shingles is especially dangerous for anyone who has had cancer, radiation treatments for cancer, hiv/aids, or a transplant operation. our immune system gradually loses strength as we mature. after people reach 50, the body is not able to fight off infections as easily as it once did."
how to diagnose shingles ?,"a typical shingles case is easy to diagnose. a healthcare provider might suspect shingles if - the rash is only on one side of the body - the rash erupts along one of the many nerve paths, called dermatomes, that stem from the spine. the rash is only on one side of the body the rash erupts along one of the many nerve paths, called dermatomes, that stem from the spine. a healthcare provider usually confirms a diagnosis of shingles if the person also - reports a sharp, burning pain - has had chickenpox - has blisters that look like chickenpox - is elderly. reports a sharp, burning pain has had chickenpox has blisters that look like chickenpox is elderly. other symptoms of shingles can include - fever - headache - chills - upset stomach. fever headache chills upset stomach. some people go to their healthcare provider because of burning, painful, itchy sensations on one area of skin, but they don't get a rash. if there is no rash, the symptoms can be difficult to diagnose because they can be mistaken for numerous other diseases. in cases where there is no rash or the diagnosis is questionable, healthcare providers can do a blood test. if there is a rash, but it does not resemble the usual shingles outbreak, a healthcare provider can examine skin scrapings from the sores."
what are the treatments for shingles ?,"the severity and duration of an attack of shingles can be significantly reduced by immediate treatment with antiviral drugs, which include acyclovir, valcyclovir, or famcyclovir. antiviral drugs may also help stave off the painful after-effects of shingles known as postherpetic neuralgia. other treatments for postherpetic neuralgia include steroids, antidepressants, anticonvulsants (including pregabalin and gabapentin enacarbil), and topical agents. the varicella zoster virus vaccine (zostavax) has been approved by teh food and drug administration for adults age 50 and older. researchers found that giving older adults the vaccine reduced the expected number of later cases of shingles by half. and in people who still got the disease despite immunization, the severity and complications of shingles were dramatically reduced. the shingles vaccine is a preventive therapy and not a treatment for those who already have shingles or long-lasting nerve pain (postherpetic neuralgia)."
what are the treatments for shingles ?,"if you suspect shingles if you suspect you have shingles, see your healthcare provider within 72 hours of the first sign of the rash.treatment with antiviral medications can reduce the severity of the nerve damage and speed healing. but to be effective, they must be started as soon as possible after the rash appears. (watch the video to learn more about shingles treatments. to enlarge the video, click the brackets in the lower right-hand corner. to reduce the video, press the escape (esc) button on your keyboard.) antivirals and other treatments at the early stage of shingles, a healthcare provider will usually prescribe antiviral pills. these antiviral medicines include acyclovir, valacyclovir, or famcyclovir, your healthcare provider, may also prescribe drugs to relieve pain. wet compresses, calamine lotion, and colloidal oatmeal baths may help relieve some of the itching. patients with long-term pain may also be treated with numbing patches, tricyclic antidepressants, and gabapentin, an anti-seizure medication. while these treatments can reduce the symptoms of shingles, they are not a cure. the antivirals do weaken the virus and its effects, but the outbreak still tends to run its course. good hygiene, including daily bathing, can help prevent bacterial infections. it is a good idea to keep fingernails clean and well-trimmed to reduce scratching. shingles vaccine the shingles vaccine is not recommended if you have active shingles or pain that continues after the rash is gone. to learn more about the shingles vaccine, see the chapter on ""prevention."""
what are the treatments for short bowel syndrome ?,"a health care provider will recommend treatment for short bowel syndrome based on a patient's nutritional needs. treatment may include - nutritional support - medications - surgery - intestinal transplant nutritional support the main treatment for short bowel syndrome is nutritional support, which may include the following: - oral rehydration. adults should drink water, sports drinks, sodas without caffeine, and salty broths. children should drink oral rehydration solutionsspecial drinks that contain salts and minerals to prevent dehydrationsuch as pedialyte, naturalyte, infalyte, and ceralyte, which are sold in most grocery stores and drugstores. - parenteral nutrition. this treatment delivers fluids, electrolytes, and liquid vitamins and minerals into the bloodstream through an intravenous (iv) tubea tube placed into a vein. health care providers give parenteral nutrition to people who cannot or should not get their nutrition or enough fluids through eating. - enteral nutrition. this treatment delivers liquid food to the stomach or small intestine through a feeding tubea small, soft, plastic tube placed through the nose or mouth into the stomach. gallstonessmall, pebblelike substances that develop in the gallbladderare a complication of enteral nutrition. more information is provided in the niddk health topic, gallstones. - vitamin and mineral supplements. a person may need to take vitamin and mineral supplements during or after parenteral or enteral nutrition. - special diet. a health care provider can recommend a specific diet plan for the patient that may include - small, frequent feedings - avoiding foods that can cause diarrhea, such as foods high in sugar, protein, and fiber - avoiding high-fat foods medications a health care provider may prescribe medications to treat short bowel syndrome, including - antibiotics to prevent bacterial overgrowth - h2 blockers to treat too much gastric acid secretion - proton pump inhibitors to treat too much gastric acid secretion - choleretic agents to improve bile flow and prevent liver disease - bile-salt binders to decrease diarrhea - anti-secretin agents to reduce gastric acid in the intestine - hypomotility agents to increase the time it takes food to travel through the intestines, leading to increased nutrient absorption - growth hormones to improve intestinal absorption - teduglutide to improve intestinal absorption surgery the goal of surgery is to increase the small intestine's ability to absorb nutrients. approximately half of the patients with short bowel syndrome need surgery.2 surgery used to treat short bowel syndrome includes procedures that - prevent blockage and preserve the length of the small intestine - narrow any dilated segment of the small intestine - slow the time it takes for food to travel through the small intestine - lengthen the small intestine long-term treatment and recovery, which for some may take years, depend in part on - what sections of the small intestine were removed - how much of the intestine is damaged - how well the muscles of the intestine work - how well the remaining small intestine adapts over time intestinal transplant an intestinal transplant is surgery to remove a diseased or an injured small intestine and replace it with a healthy small intestine from a person who has just died, called a donor. sometimes a living donor can provide a segment of his or her small intestine. transplant surgeonsdoctors who specialize in performing transplant surgeryperform the surgery on patients for whom other treatments have failed and who have lifethreatening complications from long-term parenteral nutrition. an intestinal-transplant team performs the surgery in a hospital. the patient will need anesthesia. complications of intestinal transplantation include infections and rejection of the transplanted organ. a successful intestinal transplant can be a life-saving treatment for people with intestinal failure caused by short bowel syndrome. by 2008, transplant surgeons had performed almost 2,000 intestinal transplantations in the united statesapproximately 75 percent of which were in patients younger than 18 years of age.3 a health care provider will tailor treatment to the severity of the patient's disease: - treatment for mild short bowel syndrome involves eating small, frequent meals; drinking fluid; taking nutritional supplements; and using medications to treat diarrhea. - treatment for moderate short bowel syndrome is similar to that for mild short bowel syndrome, with the addition of parenteral nutrition as needed. - treatment for severe short bowel syndrome involves use of parenteral nutrition and oral rehydration solutions. patients may receive enteral nutrition or continue normal eating, even though most of the nutrients are not absorbed. both enteral nutrition and normal eating stimulate the remaining intestine to work better and may allow patients to discontinue parenteral nutrition. some patients with severe short bowel syndrome require parenteral nutrition indefinitely or surgery."
what is (are) short bowel syndrome ?,"intestinal adaptation is a process that usually occurs in children after removal of a large portion of their small intestine. the remaining small intestine goes through a period of adaptation and grows to increase its ability to absorb nutrients. intestinal adaptation can take up to 2 years to occur, and during this time a person may be heavily dependent on parenteral or enteral nutrition.1"
what is (are) short bowel syndrome ?,"short bowel syndrome is a group of problems related to poor absorption of nutrients. short bowel syndrome typically occurs in people who have - had at least half of their small intestine removed and sometimes all or part of their large intestine removed - significant damage of the small intestine - poor motility, or movement, inside the intestines short bowel syndrome may be mild, moderate, or severe, depending on how well the small intestine is working. people with short bowel syndrome cannot absorb enough water, vitamins, minerals, protein, fat, calories, and other nutrients from food. what nutrients the small intestine has trouble absorbing depends on which section of the small intestine has been damaged or removed."
what to do for short bowel syndrome ?,"researchers have not found that eating, diet, and nutrition play a role in causing or preventing short bowel syndrome."
what are the symptoms of short bowel syndrome ?,"the main symptom of short bowel syndrome is diarrhealoose, watery stools. diarrhea can lead to dehydration, malnutrition, and weight loss. dehydration means the body lacks enough fluid and electrolyteschemicals in salts, including sodium, potassium, and chlorideto work properly. malnutrition is a condition that develops when the body does not get the right amount of vitamins, minerals, and nutrients it needs to maintain healthy tissues and organ function. loose stools contain more fluid and electrolytes than solid stools. these problems can be severe and can be life threatening without proper treatment. other signs and symptoms may include - bloating - cramping - fatigue, or feeling tired - foul-smelling stool - heartburn - too much gas - vomiting - weakness people with short bowel syndrome are also more likely to develop food allergies and sensitivities, such as lactose intolerance. lactose intolerance is a condition in which people have digestive symptomssuch as bloating, diarrhea, and gasafter eating or drinking milk or milk products. more information is provided in the niddk health topic, lactose intolerance."
how to diagnose short bowel syndrome ?,"a health care provider diagnoses short bowel syndrome based on - a medical and family history - a physical exam - blood tests - fecal fat tests - an x-ray of the small and large intestines - upper gastrointestinal (gi) series - computerized tomography (ct) scan medical and family history taking a medical and family history may help a health care provider diagnose short bowel syndrome. he or she will ask the patient about symptoms and may request a history of past operations. physical exam a physical exam may help diagnose short bowel syndrome. during a physical exam, a health care provider usually - examines a patient's body, looking for muscle wasting or weight loss and signs of vitamin and mineral deficiencies - uses a stethoscope to listen to sounds in the abdomen - taps on specific areas of the patient's body blood tests a blood test involves drawing a patient's blood at a health care provider's office or a commercial facility and sending the sample to a lab for analysis. blood tests can show mineral and vitamin levels and measure complete blood count. fecal fat tests a fecal fat test measures the body's ability to break down and absorb fat. for this test, a patient provides a stool sample at a health care provider's office. the patient may also use a take-home test kit. the patient collects stool in plastic wrap that he or she lays over the toilet seat and places a sample into a container. a patient can also use a special tissue provided by the health care provider's office to collect the sample and place the tissue into the container. for children wearing diapers, the parent or caretaker can line the diaper with plastic to collect the stool. the health care provider will send the sample to a lab for analysis. a fecal fat test can show how well the small intestine is working. x-ray an x-ray is a picture created by using radiation and recorded on film or on a computer. the amount of radiation used is small. an x-ray technician performs the x-ray at a hospital or an outpatient center, and a radiologista doctor who specializes in medical imaginginterprets the images. an x-ray of the small intestine can show that the last segment of the large intestine is narrower than normal. blocked stool causes the part of the intestine just before this narrow segment to stretch and bulge. upper gastrointestinal series upper gi series, also called a barium swallow, uses x rays and fluoroscopy to help diagnose problems of the upper gi tract. fluoroscopy is a form of x ray that makes it possible to see the internal organs and their motion on a video monitor. an x-ray technician performs this test at a hospital or an outpatient center, and a radiologist interprets the images. during the procedure, the patient will stand or sit in front of an x-ray machine and drink barium, a chalky liquid. barium coats the esophagus, stomach, and small intestine so the radiologist and a health care provider can see the shape of these organs more clearly on x-rays. a patient may experience bloating and nausea for a short time after the test. for several days afterward, barium liquid in the gi tract causes white or light-colored stools. a health care provider will give the patient specific instructions about eating and drinking after the test. upper gi series can show narrowing and widening of the small and large intestines. more information is provided in the niddk health topic, upper gi series. computerized tomography scan computerized tomography scans use a combination of x-rays and computer technology to create images. for a ct scan, a health care provider may give the patient a solution to drink and an injection of a special dye, called a contrast medium. ct scans require the patient to lie on a table that slides into a tunnel-shaped device that takes x-rays. an x-ray technician performs the procedure in an outpatient center or a hospital, and a radiologist interprets the images. the patient does not need anesthesia. ct scans can show bowel obstruction and changes in the intestines."
what is (are) short bowel syndrome ?,the large intestine is about 5 feet long in adults and absorbs water and any remaining nutrients from partially digested food passed from the small intestine. the large intestine then changes waste from liquid to a solid matter called stool.
what is (are) short bowel syndrome ?,"the small intestine is the tube-shaped organ between the stomach and large intestine. most food digestion and nutrient absorption take place in the small intestine. the small intestine is about 20 feet long and includes the duodenum, jejunum, and ileum: duodenumthe first part of the small intestine, where iron and other minerals are absorbed jejunumthe middle section of the small intestine, where carbohydrates, proteins, fat, and most vitamins are absorbed ileumthe lower end of the small intestine, where bile acids and vitamin b12 are absorbed"
what to do for short bowel syndrome ?,"- short bowel syndrome is a group of problems related to poor absorption of nutrients. - people with short bowel syndrome cannot absorb enough water, vitamins, minerals, protein, fat, calories, and other nutrients from food. - the main symptom of short bowel syndrome is diarrhealoose, watery stools. diarrhea can lead to dehydration, malnutrition, and weight loss. - a health care provider will recommend treatment for short bowel syndrome based on a patient's nutritional needs. treatment may include - nutritional support - medications - surgery - intestinal transplant"
how many people are affected by short bowel syndrome ?,"short bowel syndrome is a rare condition. each year, short bowel syndrome affects about three out of every million people.1"
what are the symptoms of short bowel syndrome ?,"people who have any signs or symptoms of severe dehydration should call or see a health care provider right away: - excessive thirst - dark-colored urine - infrequent urination - lethargy, dizziness, or faintness - dry skin infants and children are most likely to become dehydrated. parents or caretakers should watch for the following signs and symptoms of dehydration: - dry mouth and tongue - lack of tears when crying - infants with no wet diapers for 3 hours or more - infants with a sunken soft spot - unusually cranky or drowsy behavior - sunken eyes or cheeks - fever if left untreated, severe dehydration can cause serious health problems: - organ damage - shockwhen low blood pressure prevents blood and oxygen from getting to organs - comaa sleeplike state in which a person is not conscious"
how to prevent short bowel syndrome ?,"people can ask their health care providers about surgical techniques that minimize scar tissue. scientists have not yet found a way to prevent short bowel syndrome that is present at birth, as its cause is unknown."
what causes short bowel syndrome ?,"the main cause of short bowel syndrome is surgery to remove a portion of the small intestine. this surgery can treat intestinal diseases, injuries, or birth defects. some children are born with an abnormally short small intestine or with part of their bowel missing, which can cause short bowel syndrome. in infants, short bowel syndrome most commonly occurs following surgery to treat necrotizing enterocolitis, a condition in which part of the tissue in the intestines is destroyed.1 short bowel syndrome may also occur following surgery to treat conditions such as - cancer and damage to the intestines caused by cancer treatment - crohn's disease, a disorder that causes inflammation, or swelling, and irritation of any part of the digestive tract - gastroschisis, which occurs when the intestines stick out of the body through one side of the umbilical cord - internal hernia, which occurs when the small intestine is displaced into pockets in the abdominal lining - intestinal atresia, which occurs when a part of the intestines doesn't form completely - intestinal injury from loss of blood flow due to a blocked blood vessel - intestinal injury from trauma - intussusception, in which one section of either the large or small intestine folds into itself, much like a collapsible telescope - meconium ileus, which occurs when the meconium, a newborn's first stool, is thicker and stickier than normal and blocks the ileum - midgut volvulus, which occurs when blood supply to the middle of the small intestine is completely cut off - omphalocele, which occurs when the intestines, liver, or other organs stick out through the navel, or belly button even if a person does not have surgery, disease or injury can damage the small intestine."
what causes skin cancer ?,"scientists have been able to identify the causes and risk factors for skin cancer. a risk factor is anything that increases your chances of getting a disease. dna damage one of the main reasons that skin cancer develops is because dna is damaged. dna is the master molecule that controls and directs every cell in the body. damage to dna is one of the ways that cells lose control of growth and become cancerous. dna mutations can also be inherited. exposure to ultraviolet radiation excess exposure to ultraviolet (uv) light can damage the dna in skin cells and increase a person's risk for both melanoma and non-melanoma skin cancer. uv light is invisible radiation from the sun that can damage dna. skin cells are especially susceptible to dna damage since they are frequently exposed to uv light. there are three types of uv radiation: a, b, and c. all three are dangerous and able to penetrate skin cells. uva is the most common on earth, and is harmful to the skin. uvb is less common because some of it is absorbed by the ozone layer. it is less harmful than uva, but can still cause damage. uvc is the least dangerous because although it can cause the most damage to the skin, almost all of the uvc rays are absorbed by the ozone layer. sources of ultraviolet radiation uv radiation comes from the sun, sunlamps, tanning beds, or tanning booths. uv radiation is present even in cold weather or on a cloudy day. a person's risk of skin cancer is related to lifetime exposure to uv radiation. most skin cancer appears after age 50, but the sun damages the skin from an early age. the body has systems to repair dna and control some mutations, but not all of them. the risk of cancer increases as we age because sometimes cancer is caused by many mutations accumulating over time. role of the immune system the body's immune system is also responsible for recognizing and killing abnormal cells before they become cancerous. as we get older, our immune systems are less able to fight infection and control cell growth. people whose immune system is weakened by certain other cancers, medications, or by hiv are at an increased risk of developing skin cancer. basal cell and squamous cell carcinoma besides risk factors that increase a person's chance of getting any type of skin cancer, there are risk factors that are specific to basal cell carcinoma and squamous cell carcinoma, the non-melanoma skin cancers. these risk factors include - scars or burns on the skin - chronic skin inflammation or skin ulcers - infection with certain human papilloma viruses - exposure to arsenic at work - radiation therapy - diseases that make the skin sensitive to the sun, such as xeroderma pigmentosum, albinism, and basal cell nevus syndrome - medical conditions or drugs that suppress the immune system - personal history of one or more skin cancers - family history of skin cancer - certain diseases of the skin, including actinic keratosis and bowen's disease. scars or burns on the skin chronic skin inflammation or skin ulcers infection with certain human papilloma viruses exposure to arsenic at work radiation therapy diseases that make the skin sensitive to the sun, such as xeroderma pigmentosum, albinism, and basal cell nevus syndrome medical conditions or drugs that suppress the immune system personal history of one or more skin cancers family history of skin cancer certain diseases of the skin, including actinic keratosis and bowen's disease. someone who has one or more of these risk factors has a greater chance of getting skin cancer than someone who does not have these risk factors. however, having these risk factors does not guarantee a person will get skin cancer. many genetic and environmental factors play a role in causing cancer. melanoma melanoma is less common than non-melanoma skin cancers like basal cell carcinoma and squamous cell carcinoma, but it is more serious. the factors that increase a person's chance of getting melanoma are - severe, blistering sunburns earlier in life - unusual moles (normally benign clusters of melanocytes) - large quantity of ordinary moles (more than 50) - white or light-colored (fair) skin, especially with freckles. - blond or red hair - blue or green eyes - being older than 20 years of age. severe, blistering sunburns earlier in life unusual moles (normally benign clusters of melanocytes) large quantity of ordinary moles (more than 50) white or light-colored (fair) skin, especially with freckles. blond or red hair blue or green eyes being older than 20 years of age. someone who has one or more of these risk factors has a greater chance of getting melanoma than someone who does not have these risk factors. however, having these risk factors does not guarantee a person will get cancer. many genetic and environmental factors play a role in causing cancer. reducing your risk while exposure to uv radiation is a major risk factor for cancer, skin cancer can occur anywhere on the skin, not just in sun-exposed areas. the best ways to reduce your risk of skin cancer are to - avoid outdoor activities during midday, when the sun's rays are strongest - wear protective clothing such as a wide-brimmed hat, long-sleeved shirt, and pants. avoid outdoor activities during midday, when the sun's rays are strongest wear protective clothing such as a wide-brimmed hat, long-sleeved shirt, and pants. darker-colored clothing is more protective against the sun. for example, a white t-shirt, particularly if it gets wet, provides little resistance to uv rays. in addition, wearing sunglasses that wrap around the face or have large frames is a good way to shield the delicate skin around the eyes. wear sunscreen and lipscreen when exposed to sunlight, you should always wear sunscreen and lipscreen. if possible, choose sunscreen and lipscreen labeled ""broad-spectrum"" (to protect against uva and uvb rays). your sunscreen should have an spf, or sun protection rating, of at least 15. the spf of a sunscreen is a measure of the time it takes to produce a sunburn in a person wearing sunscreen compared to the time it takes to produce a sunburn in a person not wearing sunscreen. this varies from person to person, so be sure to reapply sunscreen every 2-3 hours."
what research (or clinical trials) is being done for skin cancer ?,"many areas of research scientists are constantly searching for new ways to detect skin cancer, assess risk, and predict patient outcomes. they are interested in finding new treatments and new ways to deliver drugs and radiation. as scientists get a better understanding of what causes skin cancer and what genetic and environmental factors play a role, they should be able to design new drugs to hinder the development of cancer. clinical trials are designed to answer important questions and to find out whether new approaches are safe and effective. research has already led to advances, such as photodynamic therapy, and researchers continue to search for better ways to prevent and treat skin cancer. researching techniques to deliver drugs one area that scientists are working on is development of techniques for delivering chemotherapy drugs directly to the area around the tumor, rather than sending the chemotherapy through the entire body. one of these techniques is called hyperthermic isolated limb perfusion. hyperthermic isolated limb perfusion sends a warm solution containing anti-cancer drugs directly to the arm or leg in which the cancer is located. a tourniquet is used to temporarily cut off the blood flow while the chemotherapy drugs are injected directly into the limb. this allows the patient to receive a high dose of drugs only in the area where the cancer occurred. genetic research for basal cell carcinoma and squamous cell carcinoma, researchers are studying gene changes that may be risk factors for the disease. they also are comparing combinations of biological therapy and surgery to treat basal cell cancer. discovering links between inherited genes, environmental factors, and skin cancer is another area of research that might provide scientists with insight they can use to screen people to determine their risk for the disease. recently, scientists at the national cancer institute (nci) found one genetic link that dramatically increases the chance of developing melanoma. research on melanoma treatments other studies are currently exploring new treatment options for melanoma. one recent study discovered a protein that may help block the development and spread of melanoma. this discovery could lead to a new treatment for melanoma patients in the future. several other studies are examining the potential for using vaccines to treat melanoma. an advance in treating melanoma in june of 2011, an important advance in treating melanoma was announced at an annual cancer meeting. a drug called ipilimumab was approved for treating the disease, and it works differently than traditional chemotherapy. it uses immunotherapy to help the immune system recognize and reject cancer cells. when its successful, immunotherapy can lead to complete reversal of even advanced disease. some patients with stage iv metastatic disease who were treated in early immunotherapy trials after other therapies were unsuccessful are still in complete remission more than 20 years later. vaccine research traditional vaccines are designed to prevent diseases in healthy people by teaching the body to recognize and attack a virus or bacteria it may encounter in the future. cancer vaccines, however, are given to people who already have cancer. these vaccines stimulate the immune system to fight against cancer by stopping its growth, shrinking a tumor, or killing the cancer cells that were not killed by other forms of treatment. developing a vaccine against a tumor such as melanoma is more complicated than developing a vaccine to fight a virus. clinical trials are in progress at the national cancer institute and other institutions to test the effectiveness of treating stage iii or stage iv melanoma patients with vaccines."
who is at risk for skin cancer? ?,"the best way to reduce your skin cancer risk is to reduce your exposure to ultraviolet (uv) rays from the sun. to do this, you can avoid outdoor activities during midday, when the sun's rays are strongest, or wear protective clothing, such as a wide-brimmed hat, long-sleeved shirt, and pants. (watch the video to learn more about how to protect your skin. to enlarge the video, click the brackets in the lower right-hand corner. to reduce the video, press the escape (esc) button on your keyboard.) darker-colored clothing is more protective against the sun. a white t-shirt, for example, provides little resistance to ultraviolet (uv) rays, particularly if it gets wet. in addition, wearing sunglasses that wrap around the face or have large frames is a good way to shield the delicate skin around the eyes. when going outside, you should always wear sunscreen and lipscreen. your sunscreen should have an spf of at least 15. uv radiation can also come from sunlamps, tanning beds, or tanning booths. uv radiation is present even in cold weather or on a cloudy day. a person's risk of cancer is related to lifetime exposure to uv radiation."
who is at risk for skin cancer? ?,"skin cancer is caused by dna damage, which can result from excess exposure to ultraviolet (uv) light. having a previous occurrence of skin cancer or a close family member with the disease also puts you at risk for skin cancer. other risk factors include having - a weak immune system - unusual moles or a large number of moles - white or light (fair)-colored skin, especially with freckles - blond or red hair or blue or green eyes - scars or burns on the skin, or skin diseases that make someone sensitive to the sun. a weak immune system unusual moles or a large number of moles white or light (fair)-colored skin, especially with freckles blond or red hair or blue or green eyes scars or burns on the skin, or skin diseases that make someone sensitive to the sun. in 2008 the national cancer institute developed a melanoma risk tool which can help patients and their doctors determine their risk. the tool can be found at"
how to prevent skin cancer ?,"key points - avoiding risk factors and increasing protective factors may help prevent cancer. - being exposed to ultraviolet radiation is a risk factor for skin cancer. - it is not known if the following lower the risk of nonmelanoma skin cancer: - sunscreen use and avoiding sun exposure - chemopreventive agents - it is not known if the following lower the risk of melanoma: - sunscreen - counseling and protecting the skin from the sun - cancer prevention clinical trials are used to study ways to prevent cancer. - new ways to prevent skin cancer are being studied in clinical trials. avoiding risk factors and increasing protective factors may help prevent cancer. avoiding cancer risk factors may help prevent certain cancers. risk factors include smoking, being overweight, and not getting enough exercise. increasing protective factors such as quitting smoking and exercising may also help prevent some cancers. talk to your doctor or other health care professional about how you might lower your risk of cancer. being exposed to ultraviolet radiation is a risk factor for skin cancer. some studies suggest that being exposed to ultraviolet (uv) radiation and the sensitivity of a persons skin to uv radiation are risk factors for skin cancer. uv radiation is the name for the invisible rays that are part of the energy that comes from the sun. sunlamps and tanning beds also give off uv radiation. risk factors for nonmelanoma and melanoma cancers are not the same. - risk factors for nonmelanoma skin cancer: - being exposed to natural sunlight or artificial sunlight (such as from tanning beds) over long periods of time. - having a fair complexion, which includes the following: - fair skin that freckles and burns easily, does not tan, or tans poorly. - blue or green or other light-colored eyes. - red or blond hair. - having actinic keratosis. - past treatment with radiation. - having a weakened immune system. - being exposed to arsenic. - risk factors for melanoma skin cancer: - having a fair complexion, which includes the following: - fair skin that freckles and burns easily, does not tan, or tans poorly. - blue or green or other light-colored eyes. - red or blond hair. - being exposed to natural sunlight or artificial sunlight (such as from tanning beds) over long periods of time. - having a history of many blistering sunburns, especially as a child or teenager. - having several large or many small moles. - having a family history of unusual moles (atypical nevus syndrome). - having a family or personal history of melanoma. - being white. it is not known if the following lower the risk of nonmelanoma skin cancer: sunscreen use and avoiding sun exposure it is not known if nonmelanoma skin cancer risk is decreased by staying out of the sun, using sunscreens, or wearing protective clothing when outdoors. this is because not enough studies have been done to prove this. sunscreen may help decrease the amount of uv radiation to the skin. one study found that wearing sunscreen can help prevent actinic keratoses, scaly patches of skin that sometimes become squamous cell carcinoma. the harms of using sunscreen are likely to be small and include allergic reactions to skin creams and lower levels of vitamin d made in the skin because of less sun exposure. it is also possible that when a person uses sunscreen to avoid sunburn they may spend too much time in the sun and be exposed to harmful uv radiation. although protecting the skin and eyes from the sun has not been proven to lower the chance of getting skin cancer, skin experts suggest the following: - use sunscreen that protects against uv radiation. - do not stay out in the sun for long periods of time, especially when the sun is at its strongest. - wear long sleeve shirts, long pants, sun hats, and sunglasses, when outdoors. chemopreventive agents chemoprevention is the use of drugs, vitamins, or other agents to try to reduce the risk of cancer. the following chemopreventive agents have been studied to find whether they lower the risk of nonmelanoma skin cancer: beta carotene studies of beta carotene (taken as a supplement in pills) have not shown that it prevents nonmelanoma skin cancer from forming or coming back. isotretinoin high doses of isotretinoin have been shown to prevent new skin cancers in patients with xeroderma pigmentosum. however, isotretinoin has not been shown to prevent nonmelanoma skin cancers from coming back in patients previously treated for nonmelanoma skin cancers. treatment with isotretinoin can cause serious side effects. selenium studies have shown that selenium (taken in brewer's yeast tablets) does not lower the risk of basal cell carcinoma, and may increase the risk of squamous cell carcinoma. celecoxib a study of celecoxib in patients with actinic keratosis and a history of nonmelanoma skin cancer found those who took celecoxib had slightly lower rates of recurrent nonmelanoma skin cancers. celecoxib may have serious side effects on the heart and blood vessels. alpha-difluoromethylornithine (dfmo) a study of alpha-difluoromethylornithine (dfmo) in patients with a history of nonmelanoma skin cancer showed that those who took dfmo had lower rates of nonmelanoma skin cancers coming back than those who took a placebo. dfmo may cause hearing loss which is usually temporary. nicotinamide (vitamin b3) studies have shown that nicotinamide (vitamin b3) helps prevent new actinic keratoses lesions from forming in people who had four or fewer actinic lesions before taking nicotinamide. more studies are needed to find out if nicotinamide prevents nonmelanoma skin cancer from forming or coming back. it is not known if the following lower the risk of melanoma: sunscreen it has not been proven that using sunscreen to prevent sunburn can protect against melanoma caused by uv radiation. other risk factors such as having skin that burns easily, having a large number of benign moles, or having atypical nevi may also play a role in whether melanoma forms. counseling and protecting the skin from the sun it is not known if people who receive counseling or information about avoiding sun exposure make changes in their behavior to protect their skin from the sun. cancer prevention clinical trials are used to study ways to prevent cancer. cancer prevention clinical trials are used to study ways to lower the risk of developing certain types of cancer. some cancer prevention trials are conducted with healthy people who have not had cancer but who have an increased risk for cancer. other prevention trials are conducted with people who have had cancer and are trying to prevent another cancer of the same type or to lower their chance of developing a new type of cancer. other trials are done with healthy volunteers who are not known to have any risk factors for cancer. the purpose of some cancer prevention clinical trials is to find out whether actions people take can prevent cancer. these may include eating fruits and vegetables, exercising, quitting smoking, or taking certain medicines, vitamins, minerals, or food supplements. new ways to prevent skin cancer are being studied in clinical trials. clinical trials are taking place in many parts of the country. information about clinical trials can be found in the clinical trials section of the nci web site. check nci's list of cancer clinical trials for nonmelanoma skin cancer prevention trials and melanoma prevention trials that are now accepting patients."
what is (are) skin cancer ?,melanoma is the fastest growing and most invasive type of skin cancer. this cancer arises from overgrowth of melanocytes. melanocytes are specialized skin cells that produce a pigment called melanin.
what is (are) skin cancer ?,"skin cancer occurs when cancer cells form in the tissues of the skin. the skin is mainly made up of two layers: the inner layer, called the dermis, and the outer layer, called the epidermis. within the epidermis, there are three types of cells; squamous cells, basal cells, and melanocytes. there are three types of skin cancer: basal cell carcinoma, squamous cell carcinoma, and melanoma. the types of cancer are named after the type of cells that are affected. basal cell carcinoma and squamous cell carcinoma are very common, especially in older people. however, they are rarely life-threatening. melanoma is a less common, yet more serious, type of cancer."
who is at risk for skin cancer? ?,"being exposed to ultraviolet radiation may increase the risk of skin cancer. anything that increases your chance of getting a disease is called a risk factor. having a risk factor does not mean that you will get cancer; not having risk factors doesn't mean that you will not get cancer. people who think they may be at risk should discuss this with their doctor. being exposed to ultraviolet (uv) radiation and having skin that is sensitive to uv radiation are risk factors for skin cancer. uv radiation is the name for the invisible rays that are part of the energy that comes from the sun. sunlamps and tanning beds also give off uv radiation. risk factors for nonmelanoma and melanoma cancers are not the same. - nonmelanoma skin cancer risk factors include: - being exposed to natural sunlight or artificial sunlight (such as from tanning beds) over long periods of time. - having a fair complexion, which includes the following: - fair skin that freckles and burns easily, does not tan, or tans poorly. - blue or green or other light-colored eyes. - red or blond hair. - having actinic keratosis. - past treatment with radiation. - having a weakened immune system. - being exposed to arsenic. - melanoma skin cancer risk factors include: - having a fair complexion, which includes the following: - fair skin that freckles and burns easily, does not tan, or tans poorly. - blue or green or other light-colored eyes. - red or blond hair. - being exposed to natural sunlight or artificial sunlight (such as from tanning beds) over long periods of time. - having a history of many blistering sunburns, especially as a child or teenager. - having several large or many small moles. - having a family history of unusual moles (atypical nevus syndrome). - having a family or personal history of melanoma. - being white."
what are the treatments for skin cancer ?,"yes. some skin cancer patients take part in studies of new treatments. these studies, called clinical trials, are designed to find out whether a new treatment is both safe and effective. clinical trials are research studies with people to find out whether a new drug, therapy, or treatment is both safe and effective. new therapies are tested on people only after laboratory and animal studies show promising results. the food and drug administration sets strict rules to make sure that people who agree to be in the studies are treated as safely as possible. often, clinical trials compare a new treatment with a standard one so that doctors can learn which is more effective. talk to your doctor if you are interested in taking part in a clinical trial. the u.s. national institutes of health, through its national library of medicine and other institutes, maintains a database of clinical trials at clinicaltrials.gov. - click here to see a list of the current clinical trials on melanoma. - click here to see a list of the current clinical trials on non-melanoma skin cancer. click here to see a list of the current clinical trials on melanoma. click here to see a list of the current clinical trials on non-melanoma skin cancer. a separate window will open. click the ""x"" in the upper right hand corner of the ""clinical trials"" window to return here."
who is at risk for skin cancer? ?,"key points - avoiding risk factors and increasing protective factors may help prevent cancer. - being exposed to ultraviolet radiation is a risk factor for skin cancer. - it is not known if the following lower the risk of nonmelanoma skin cancer: - sunscreen use and avoiding sun exposure - chemopreventive agents - it is not known if the following lower the risk of melanoma: - sunscreen - counseling and protecting the skin from the sun - cancer prevention clinical trials are used to study ways to prevent cancer. - new ways to prevent skin cancer are being studied in clinical trials. avoiding risk factors and increasing protective factors may help prevent cancer. avoiding cancer risk factors may help prevent certain cancers. risk factors include smoking, being overweight, and not getting enough exercise. increasing protective factors such as quitting smoking and exercising may also help prevent some cancers. talk to your doctor or other health care professional about how you might lower your risk of cancer. being exposed to ultraviolet radiation is a risk factor for skin cancer. some studies suggest that being exposed to ultraviolet (uv) radiation and the sensitivity of a persons skin to uv radiation are risk factors for skin cancer. uv radiation is the name for the invisible rays that are part of the energy that comes from the sun. sunlamps and tanning beds also give off uv radiation. risk factors for nonmelanoma and melanoma cancers are not the same. - risk factors for nonmelanoma skin cancer: - being exposed to natural sunlight or artificial sunlight (such as from tanning beds) over long periods of time. - having a fair complexion, which includes the following: - fair skin that freckles and burns easily, does not tan, or tans poorly. - blue or green or other light-colored eyes. - red or blond hair. - having actinic keratosis. - past treatment with radiation. - having a weakened immune system. - being exposed to arsenic. - risk factors for melanoma skin cancer: - having a fair complexion, which includes the following: - fair skin that freckles and burns easily, does not tan, or tans poorly. - blue or green or other light-colored eyes. - red or blond hair. - being exposed to natural sunlight or artificial sunlight (such as from tanning beds) over long periods of time. - having a history of many blistering sunburns, especially as a child or teenager. - having several large or many small moles. - having a family history of unusual moles (atypical nevus syndrome). - having a family or personal history of melanoma. - being white. it is not known if the following lower the risk of nonmelanoma skin cancer: sunscreen use and avoiding sun exposure it is not known if nonmelanoma skin cancer risk is decreased by staying out of the sun, using sunscreens, or wearing protective clothing when outdoors. this is because not enough studies have been done to prove this. sunscreen may help decrease the amount of uv radiation to the skin. one study found that wearing sunscreen can help prevent actinic keratoses, scaly patches of skin that sometimes become squamous cell carcinoma. the harms of using sunscreen are likely to be small and include allergic reactions to skin creams and lower levels of vitamin d made in the skin because of less sun exposure. it is also possible that when a person uses sunscreen to avoid sunburn they may spend too much time in the sun and be exposed to harmful uv radiation. although protecting the skin and eyes from the sun has not been proven to lower the chance of getting skin cancer, skin experts suggest the following: - use sunscreen that protects against uv radiation. - do not stay out in the sun for long periods of time, especially when the sun is at its strongest. - wear long sleeve shirts, long pants, sun hats, and sunglasses, when outdoors. chemopreventive agents chemoprevention is the use of drugs, vitamins, or other agents to try to reduce the risk of cancer. the following chemopreventive agents have been studied to find whether they lower the risk of nonmelanoma skin cancer: beta carotene studies of beta carotene (taken as a supplement in pills) have not shown that it prevents nonmelanoma skin cancer from forming or coming back. isotretinoin high doses of isotretinoin have been shown to prevent new skin cancers in patients with xeroderma pigmentosum. however, isotretinoin has not been shown to prevent nonmelanoma skin cancers from coming back in patients previously treated for nonmelanoma skin cancers. treatment with isotretinoin can cause serious side effects. selenium studies have shown that selenium (taken in brewer's yeast tablets) does not lower the risk of basal cell carcinoma, and may increase the risk of squamous cell carcinoma. celecoxib a study of celecoxib in patients with actinic keratosis and a history of nonmelanoma skin cancer found those who took celecoxib had slightly lower rates of recurrent nonmelanoma skin cancers. celecoxib may have serious side effects on the heart and blood vessels. alpha-difluoromethylornithine (dfmo) a study of alpha-difluoromethylornithine (dfmo) in patients with a history of nonmelanoma skin cancer showed that those who took dfmo had lower rates of nonmelanoma skin cancers coming back than those who took a placebo. dfmo may cause hearing loss which is usually temporary. nicotinamide (vitamin b3) studies have shown that nicotinamide (vitamin b3) helps prevent new actinic keratoses lesions from forming in people who had four or fewer actinic lesions before taking nicotinamide. more studies are needed to find out if nicotinamide prevents nonmelanoma skin cancer from forming or coming back. it is not known if the following lower the risk of melanoma: sunscreen it has not been proven that using sunscreen to prevent sunburn can protect against melanoma caused by uv radiation. other risk factors such as having skin that burns easily, having a large number of benign moles, or having atypical nevi may also play a role in whether melanoma forms. counseling and protecting the skin from the sun it is not known if people who receive counseling or information about avoiding sun exposure make changes in their behavior to protect their skin from the sun."
what is (are) skin cancer ?,"key points - skin cancer is a disease in which malignant (cancer) cells form in the tissues of the skin. - there are different types of cancer that start in the skin. - skin color and being exposed to sunlight can increase the risk of nonmelanoma skin cancer and actinic keratosis. - nonmelanoma skin cancer and actinic keratosis often appear as a change in the skin. - tests or procedures that examine the skin are used to detect (find) and diagnose nonmelanoma skin cancer and actinic keratosis. - certain factors affect prognosis (chance of recovery) and treatment options. skin cancer is a disease in which malignant (cancer) cells form in the tissues of the skin. the skin is the bodys largest organ. it protects against heat, sunlight, injury, and infection. skin also helps control body temperature and stores water, fat, and vitamin d. the skin has several layers, but the two main layers are the epidermis (upper or outer layer) and the dermis (lower or inner layer). skin cancer begins in the epidermis, which is made up of three kinds of cells: - squamous cells: thin, flat cells that form the top layer of the epidermis. - basal cells: round cells under the squamous cells. - melanocytes: cells that make melanin and are found in the lower part of the epidermis. melanin is the pigment that gives skin its natural color. when skin is exposed to the sun, melanocytes make more pigment and cause the skin to darken. skin cancer can occur anywhere on the body, but it is most common in skin that is often exposed to sunlight, such as the face, neck, hands, and arms. there are different types of cancer that start in the skin. the most common types are basal cell carcinoma and squamous cell carcinoma, which are nonmelanoma skin cancers. nonmelanoma skin cancers rarely spread to other parts of the body. melanoma is a much rarer type of skin cancer. it is more likely to invade nearby tissues and spread to other parts of the body. actinic keratosis is a skin condition that sometimes becomes squamous cell carcinoma. this summary is about nonmelanoma skin cancer and actinic keratosis. see the following pdq summaries for information on melanoma and other kinds of cancer that affect the skin: - melanoma treatment - mycosis fungoides and the szary syndrome treatment - kaposi sarcoma treatment - merkel cell carcinoma treatment - unusual cancers of childhood treatment - genetics of skin cancer nonmelanoma skin cancer and actinic keratosis often appear as a change in the skin. not all changes in the skin are a sign of nonmelanoma skin cancer or actinic keratosis. check with your doctor if you notice any changes in your skin. signs of nonmelanoma skin cancer include the following: - a sore that does not heal. - areas of the skin that are: - raised, smooth, shiny, and look pearly. - firm and look like a scar, and may be white, yellow, or waxy. - raised, and red or reddish-brown. - scaly, bleeding or crusty."
what are the stages of skin cancer ?,"key points - after nonmelanoma skin cancer has been diagnosed, tests are done to find out if cancer cells have spread within the skin or to other parts of the body. - there are three ways that cancer spreads in the body. - cancer may spread from where it began to other parts of the body. - staging of nonmelanoma skin cancer depends on whether the tumor has certain ""high-risk"" features and if the tumor is on the eyelid. - the following stages are used for nonmelanoma skin cancer that is not on the eyelid: - stage 0 (carcinoma in situ) - stage i stage i nonmelanoma skin cancer. the tumor is no more than 2 centimeters. - stage ii stage ii nonmelanoma skin cancer. the tumor is more than 2 centimeters wide. - stage iii - stage iv - the following stages are used for nonmelanoma skin cancer on the eyelid: - stage 0 (carcinoma in situ) - stage i - stage ii - stage iii - stage iv - treatment is based on the type of nonmelanoma skin cancer or other skin condition diagnosed: - basal cell carcinoma - squamous cell carcinoma - actinic keratosis after nonmelanoma skin cancer has been diagnosed, tests are done to find out if cancer cells have spread within the skin or to other parts of the body. the process used to find out if cancer has spread within the skin or to other parts of the body is called staging. the information gathered from the staging process determines the stage of the disease. it is important to know the stage in order to plan treatment. the following tests and procedures may be used in the staging process: - ct scan (cat scan): a procedure that makes a series of detailed pictures of areas inside the body, taken from different angles. the pictures are made by a computer linked to an x-ray machine. a dye may be injected into a vein or swallowed to help the organs or tissues show up more clearly. this procedure is also called computed tomography, computerized tomography, or computerized axial tomography. - mri (magnetic resonance imaging): a procedure that uses a magnet, radio waves, and a computer to make a series of detailed pictures of areas inside the body. this procedure is also called nuclear magnetic resonance imaging (nmri). - lymph node biopsy : for squamous cell carcinoma, the lymph nodes may be removed and checked to see if cancer has spread to them. there are three ways that cancer spreads in the body. cancer can spread through tissue, the lymph system, and the blood: - tissue. the cancer spreads from where it began by growing into nearby areas. - lymph system. the cancer spreads from where it began by getting into the lymph system. the cancer travels through the lymph vessels to other parts of the body. - blood. the cancer spreads from where it began by getting into the blood. the cancer travels through the blood vessels to other parts of the body. cancer may spread from where it began to other parts of the body. when cancer spreads to another part of the body, it is called metastasis. cancer cells break away from where they began (the primary tumor) and travel through the lymph system or blood. - lymph system. the cancer gets into the lymph system, travels through the lymph vessels, and forms a tumor (metastatic tumor) in another part of the body. - blood. the cancer gets into the blood, travels through the blood vessels, and forms a tumor (metastatic tumor) in another part of the body. the metastatic tumor is the same type of cancer as the primary tumor. for example, if skin cancer spreads to the lung, the cancer cells in the lung are actually skin cancer cells. the disease is metastatic skin cancer, not lung cancer. staging of nonmelanoma skin cancer depends on whether the tumor has certain ""high-risk"" features and if the tumor is on the eyelid. staging for nonmelanoma skin cancer that is on the eyelid is different from staging for nonmelanoma skin cancer that affects other parts of the body. the following are high-risk features for nonmelanoma skin cancer that is not on the eyelid: - the tumor is thicker than 2 millimeters. - the tumor is described as clark level iv (has spread into the lower layer of the dermis) or clark level v (has spread into the layer of fat below the skin). - the tumor has grown and spread along nerve pathways. - the tumor began on an ear or on a lip that has hair on it. - the tumor has cells that look very different from normal cells under a microscope. the following stages are used for nonmelanoma skin cancer that is not on the eyelid: stage 0 (carcinoma in situ) in stage 0, abnormal cells are found in the squamous cell or basal cell layer of the epidermis (topmost layer of the skin). these abnormal cells may become cancer and spread into nearby normal tissue. stage 0 is also called carcinoma in situ. stage i in stage i, cancer has formed. the tumor is not larger than 2 centimeters at its widest point and may have one high-risk feature. stage ii in stage ii, the tumor is either: - larger than 2 centimeters at its widest point; or - any size and has two or more high-risk features. stage iii in stage iii: - the tumor has spread to the jaw, eye socket, or side of the skull. cancer may have spread to one lymph node on the same side of the body as the tumor. the lymph node is not larger than 3 centimeters. or - cancer has spread to one lymph node on the same side of the body as the tumor. the lymph node is not larger than 3 centimeters and one of the following is true: - the tumor is not larger than 2 centimeters at its widest point and may have one high-risk feature; or - the tumor is larger than 2 centimeters at its widest point; or - the tumor is any size and has two or more high-risk features. stage iv in stage iv, one of the following is true: - the tumor is any size and may have spread to the jaw, eye socket, or side of the skull. cancer has spread to one lymph node on the same side of the body as the tumor and the affected node is larger than 3 centimeters but not larger than 6 centimeters, or cancer has spread to more than one lymph node on one or both sides of the body and the affected nodes are not larger than 6 centimeters; or - the tumor is any size and may have spread to the jaw, eye socket, skull, spine, or ribs. cancer has spread to one lymph node that is larger than 6 centimeters; or - the tumor is any size and has spread to the base of the skull, spine, or ribs. cancer may have spread to the lymph nodes; or - cancer has spread to other parts of the body, such as the lung. the following stages are used for nonmelanoma skin cancer on the eyelid: stage 0 (carcinoma in situ) in stage 0, abnormal cells are found in the epidermis (topmost layer of the skin). these abnormal cells may become cancer and spread into nearby normal tissue. stage 0 is also called carcinoma in situ. stage i stage i is divided into stages ia, ib, and ic. - stage ia: the tumor is 5 millimeters or smaller and has not spread to the connective tissue of the eyelid or to the edge of the eyelid where the lashes are. - stage ib: the tumor is larger than 5 millimeters but not larger than 10 millimeters or has spread to the connective tissue of the eyelid, or to the edge of the eyelid where the lashes are. - stage ic: the tumor is larger than 10 millimeters but not larger than 20 millimeters or has spread through the full thickness of the eyelid. stage ii in stage ii, one of the following is true: - the tumor is larger than 20 millimeters. - the tumor has spread to nearby parts of the eye or eye socket. - the tumor has spread to spaces around the nerves in the eyelid. stage iii stage iii is divided into stages iiia, iiib, and iiic. - stage iiia: to remove all of the tumor, the whole eye and part of the optic nerve must be removed. the bone, muscles, fat, and connective tissue around the eye may also be removed. - stage iiib: the tumor may be anywhere in or near the eye and has spread to nearby lymph nodes. - stage iiic: the tumor has spread to structures around the eye or in the face, or to the brain, and cannot be removed in surgery. stage iv the tumor has spread to distant parts of the body. treatment is based on the type of nonmelanoma skin cancer or other skin condition diagnosed: basal cell carcinoma basal cell carcinoma is the most common type of skin cancer. it usually occurs on areas of the skin that have been in the sun, most often the nose. often this cancer appears as a raised bump that looks smooth and pearly. another type looks like a scar and is flat and firm and may be white, yellow, or waxy. basal cell carcinoma may spread to tissues around the cancer, but it usually does not spread to other parts of the body. squamous cell carcinoma squamous cell carcinoma occurs on areas of the skin that have been in the sun, such as the ears, lower lip, and the back of the hands. squamous cell carcinoma may also appear on areas of the skin that have been burned or exposed to chemicals or radiation. often this cancer appears as a firm red bump. the tumor may feel scaly, bleed, or form a crust. squamous cell tumors may spread to nearby lymph nodes. squamous cell carcinoma that has not spread can usually be cured. actinic keratosis actinic keratosis is a skin condition that is not cancer, but sometimes changes into squamous cell carcinoma. it usually occurs in areas that have been exposed to the sun, such as the face, the back of the hands, and the lower lip. it looks like rough, red, pink, or brown scaly patches on the skin that may be flat or raised, or the lower lip cracks and peels and is not helped by lip balm or petroleum jelly."
what are the symptoms of skin cancer ?,"early detection is important when skin cancer is found early, it is more likely to be treated successfully. therefore, it is important to know how to recognize the signs of skin cancer in order to improve the chances of early diagnosis. most non-melanoma skin cancers (basal cell carcinoma and squamous cell carcinoma) can be cured if found and treated early. skin changes a change on the skin is the most common sign of skin cancer. this may be a new growth, a sore that doesn't heal, or a change in an old growth. not all skin cancers look the same. sometimes skin cancer is painful, but usually it is not. checking your skin for new growths or other changes is a good idea. keep in mind that changes are not a sure sign of skin cancer. still, you should report any changes to your health care provider right away. you may need to see a dermatologist, a doctor who has special training in the diagnosis and treatment of skin problems. a mole that is bleeding also see a doctor if a mole is bleeding or if more moles appear around the first one. most of the time, these signs are not cancer. sometimes, it is not even a mole. still, it is important to check with a doctor so that any problems can be diagnosed and treated as early as possible. don't ignore your symptoms because you think they are not important or because you believe they are normal for your age. signs of melanoma melanoma skin cancer is more difficult to treat, so it is important to check for signs and seek treatment as soon as possible. use the following abcde rule to remember the symptoms of melanoma. see a doctor if you have a mole, birthmark, or other pigmented area of skin with a = asymmetry. one half of the mole looks different than the other half. (top left image) b = border. the edges are often ragged, notched, or blurred in outline. the pigment may spread into the surrounding skin. (top right image) c = color. the mole is more than one color. shades of black, brown, and tan may be present. areas of white, gray, red, pink, or blue may also be seen.(bottom left image) d = diameter.there is a change in size, usually an increase. melanomas can be tiny, but most are larger than the size of a pea (larger than 6 millimeters or about 1/4 inch). (bottom right image) e = evolving. the mole has changed over the past few weeks or months."
what is (are) stroke ?,"brain plasticity is the brain's ability to learn and change, allowing it to adapt to deficits and injury and to take over the functions of damaged cells. when cells in an area of the brain responsible for a particular function die after a stroke, the patient becomes unable to perform that function. however, the brain's ability torewire the connections between its nerve cells allows it to compensate for lost functions."
what are the symptoms of stroke ?,"warning signs are clues your body sends to tell you that your brain is not receiving enough oxygen. these are warning signs of a stroke, or brain attack: - sudden numbness or weakness of the face, arm, or leg, especially on one side of the body - sudden confusion, trouble speaking or understanding - sudden trouble seeing in one or both eyes - sudden trouble walking, dizziness, loss of balance or coordination - sudden severe headache with no known cause. sudden numbness or weakness of the face, arm, or leg, especially on one side of the body sudden confusion, trouble speaking or understanding sudden trouble seeing in one or both eyes sudden trouble walking, dizziness, loss of balance or coordination sudden severe headache with no known cause. if you observe one or more of these signs, don't wait. call 911 right away!"
what are the treatments for stroke ?,"surgery surgery can be used to prevent stroke, to treat stroke, or to repair damage to the blood vessels or malformations in and around the brain. - carotid endarterectomy is a surgical procedure in which a surgeon removes fatty deposits, or plaque, from the inside of one of the carotid arteries. the procedure is performed to prevent stroke. the carotid arteries are located in the neck and are the main suppliers of blood to the brain. carotid endarterectomy is a surgical procedure in which a surgeon removes fatty deposits, or plaque, from the inside of one of the carotid arteries. the procedure is performed to prevent stroke. the carotid arteries are located in the neck and are the main suppliers of blood to the brain. vascular interventions in addition to surgery, a variety of techniques have been developed to allow certain vascular problems to be treated from inside the artery using specialized catheters with the goal of improving blood flow. (vascular is a word that refers to blood vessels, arteries, and veins that carry blood throughout the body.) a catheter is a very thin, flexible tube that can be inserted into one of the major arteries of the leg or arm and then directed through the blood vessels to the diseased artery. physicians trained in this technique called angiography undergo additional training to treat problems in the arteries of the brain or spinal cord. these physicians are called neurointerventionalists. - angioplasty is widely used by angiographers to open blocked heart arteries, and is also used to prevent stroke. angioplasty is a procedure in which a special catheter is inserted into the narrowed artery and then a balloon at the tip of the catheter is inflated to open the blocked artery. the procedure improves blood flow to the brain. angioplasty is widely used by angiographers to open blocked heart arteries, and is also used to prevent stroke. angioplasty is a procedure in which a special catheter is inserted into the narrowed artery and then a balloon at the tip of the catheter is inflated to open the blocked artery. the procedure improves blood flow to the brain. - stenting is another procedure used to prevent stroke. in this procedure an angiographer inserts a catheter into the artery in the groin and then positions the tip of the catheter inside the narrowed artery. a stent is a tube-like device made of a mesh-like material that can be slipped into position over the catheter. when positioned inside the narrowed segment the stent is expanded to widen the artery and the catheter is removed. angioplasty or stenting of the carotid artery can cause pieces of the diseased plaque to loosen. an umbrella-like device is often temporarily expanded above to prevent these pieces from traveling to the brain. stenting is another procedure used to prevent stroke. in this procedure an angiographer inserts a catheter into the artery in the groin and then positions the tip of the catheter inside the narrowed artery. a stent is a tube-like device made of a mesh-like material that can be slipped into position over the catheter. when positioned inside the narrowed segment the stent is expanded to widen the artery and the catheter is removed. angioplasty or stenting of the carotid artery can cause pieces of the diseased plaque to loosen. an umbrella-like device is often temporarily expanded above to prevent these pieces from traveling to the brain. - angiographers also sometimes use clot removal devices to treat stroke patients in the very early stage. one device involves threading a catheter through the artery to the site of the blockage and then vacuuming out the clot. another corkscrew-like device can be extended from the tip of a catheter and used to grab the clot and pull it out. drugs can also be injected through the catheter directly into the clot to help dissolve the clot. angiographers also sometimes use clot removal devices to treat stroke patients in the very early stage. one device involves threading a catheter through the artery to the site of the blockage and then vacuuming out the clot. another corkscrew-like device can be extended from the tip of a catheter and used to grab the clot and pull it out. drugs can also be injected through the catheter directly into the clot to help dissolve the clot."
what is (are) stroke ?,"another imaging technique used for stroke patients is the magnetic resonance imaging or mri scan. mri uses magnetic fields to detect a variety of changes in the brain and blood vessels caused by a stroke. one effect of ischemic stroke is the slowing of water movement through the injured brain tissue. an mri can show this type of damage very soon after the stroke symptoms start. mri and ct are equally accurate for determining when hemorrhage is present. the benefit of mri over a ct scan is more accurate and earlier diagnosis of ischemic stroke especially for smaller strokes and transient ischemic attacks (tias). also, mri can be more sensitive than ct for detecting other types of neurologic disorders that mimic the symptoms of stroke. however, mri cannot be performed in patients with certain types of metallic or electronic implants, such as pacemakers for the heart. although increasingly used in the emergency diagnosis of stroke, mri is not immediately available at all hours in most hospitals, where ct is used for acute stroke diagnosis. also, mri typically takes longer to perform than ct, and therefore may not be the first choice when minutes count."
who is at risk for stroke? ?,"a risk factor is a condition or behavior that increases your chances of getting a disease. having a risk factor for stroke doesn't mean you'll have a stroke. on the other hand, not having a risk factor doesn't mean you'll avoid a stroke. but your risk of stroke grows as the number and severity of risk factors increase. risk factors for stroke include ones that you cannot control and ones that you can control. some of the risk factors that you cannot control include - age. although stroke can occur at any age, the risk of stroke doubles for each decade between the ages of 55 and 85. - gender. men have a higher risk for stroke, but more women die from stroke. men generally do not live as long as women, so men are usually younger when they have their strokes and therefore have a higher rate of survival. - race. the risk of stroke is higher among african-american and hispanic americans. - family history. family history of stroke increases your risk. age. although stroke can occur at any age, the risk of stroke doubles for each decade between the ages of 55 and 85. gender. men have a higher risk for stroke, but more women die from stroke. men generally do not live as long as women, so men are usually younger when they have their strokes and therefore have a higher rate of survival. race. the risk of stroke is higher among african-american and hispanic americans. family history. family history of stroke increases your risk. the risk factors for stroke that you can control include - high blood pressure - cigarette smoking - diabetes - high blood cholesterol - heart disease. high blood pressure cigarette smoking diabetes high blood cholesterol heart disease. experiencing warning signs and having a history of stroke are also risk factors for stroke."
what causes stroke ?,"ischemic stroke and transient ischemic attack an ischemic stroke or transient ischemic attack (tia) occurs if an artery that supplies oxygen-rich blood to the brain becomes blocked. many medical conditions can increase the risk of ischemic stroke or tia. for example, atherosclerosis (ath-er-o-skler-o-sis) is a disease in which a fatty substance called plaque builds up on the inner walls of the arteries. plaque hardens and narrows the arteries, which limits the flow of blood to tissues and organs (such as the heart and brain). plaque in an artery can crack or rupture (break open). blood platelets (plate-lets), which are disc-shaped cell fragments, stick to the site of the plaque injury and clump together to form blood clots. these clots can partly or fully block an artery. plaque can build up in any artery in the body, including arteries in the heart, brain, and neck. the two main arteries on each side of the neck are called the carotid (ka-rot-id) arteries. these arteries supply oxygen-rich blood to the brain, face, scalp, and neck. when plaque builds up in the carotid arteries, the condition is called carotid artery disease. carotid artery disease causes many of the ischemic strokes and tias that occur in the united states. an embolic stroke (a type of ischemic stroke) or tia also can occur if a blood clot or piece of plaque breaks away from the wall of an artery. the clot or plaque can travel through the bloodstream and get stuck in one of the brains arteries. this stops blood flow through the artery and damages brain cells. heart conditions and blood disorders also can cause blood clots that can lead to a stroke or tia. for example, atrial fibrillation (a-tre-al fi-bri-la-shun), or af, is a common cause of embolic stroke. in af, the upper chambers of the heart contract in a very fast and irregular way. as a result, some blood pools in the heart. the pooling increases the risk of blood clots forming in the heart chambers. an ischemic stroke or tia also can occur because of lesions caused by atherosclerosis. these lesions may form in the small arteries of the brain, and they can block blood flow to the brain. hemorrhagic stroke sudden bleeding in the brain can cause a hemorrhagic stroke. the bleeding causes swelling of the brain and increased pressure in the skull. the swelling and pressure damage brain cells and tissues. examples of conditions that can cause a hemorrhagic stroke include high blood pressure, aneurysms, and arteriovenous (ar-teer-e-o-ve-nus) malformations (avms). ""blood pressure"" is the force of blood pushing against the walls of the arteries as the heart pumps blood. if blood pressure rises and stays high over time, it can damage the body in many ways. aneurysms are balloon-like bulges in an artery that can stretch and burst. avms are tangles of faulty arteries and veins that can rupture within the brain. high blood pressure can increase the risk of hemorrhagic stroke in people who have aneurysms or avms."
what is (are) stroke ?,"one test that helps doctors judge the severity of a stroke is the standardized nih stroke scale, developed by the national institute of neurological disorders and stroke at the national institutes of health, or nih. health care professionals use the nih stroke scale to measure a patient's neurological deficits by asking the patient to answer questions and to perform several physical and mental tests. other scales include the glasgow coma scale, the hunt and hess scale, the modified rankin scale, and the barthel index."
what is (are) stroke ?,there are two kinds of stroke. the most common kind of stroke is called ischemic stroke. it accounts for approximately 80 percent of all strokes. an ischemic stroke is caused by a blood clot that blocks or plugs a blood vessel in the brain. the other kind of stroke is called hemorrhagic stroke. a hemorrhagic stroke is caused by a blood vessel that breaks and bleeds into the brain.
how to prevent stroke ?,"stroke is preventable and treatable. a better understanding of the causes of stroke has helped people make lifestyle changes that have cut the stroke death rate nearly in half in the last two decades. preventing stroke while family history of stroke plays a role in your risk, there are many risk factors you can control: - if you have high blood pressure, work with your doctor to get it under control. - if you smoke, quit. - if you have diabetes, learn how to manage it. many people do not realize they have diabetes, which is a major risk factor for heart disease and stroke. - if you are overweight, start maintaining a healthy diet and exercising regularly. - if you have high cholesterol, work with your doctor to lower it. a high level of total cholesterol in the blood is a major risk factor for heart disease, which raises your risk of stroke. if you have high blood pressure, work with your doctor to get it under control. if you smoke, quit. if you have diabetes, learn how to manage it. many people do not realize they have diabetes, which is a major risk factor for heart disease and stroke. if you are overweight, start maintaining a healthy diet and exercising regularly. if you have high cholesterol, work with your doctor to lower it. a high level of total cholesterol in the blood is a major risk factor for heart disease, which raises your risk of stroke. diagnosing stroke physicians have several diagnostic techniques and imaging tools to help diagnose stroke quickly and accurately. the first step in diagnosis is a short neurological examination, or an evaluation of the nervous system. when a possible stroke patient arrives at a hospital, a health care professional, usually a doctor or nurse, will ask the patient or a companion what happened and when the symptoms began. blood tests, an electrocardiogram, and a brain scan such as computed tomography or ct, or magnetic resonance imaging or mri, will often be done. measuring stroke severity one test that helps doctors judge the severity of a stroke is the standardized nih stroke scale, developed by the national institute of neurological disorders and stroke at the national institutes of health, or nih. health care professionals use the nih stroke scale to measure a patient's neurological deficits by asking the patient to answer questions and to perform several physical and mental tests. other scales include the glasgow coma scale, the hunt and hess scale, the modified rankin scale, and the barthel index. diagnostic imaging: ct scan health care professionals also use a variety of imaging techniques to evaluate acute stroke patients. the most widely used is computed tomography or ct scan, sometimes pronounced cat scan, which is comprised of a series of cross-sectional images of the head and brain. ct scans are sensitive for detecting hemorrhage and are therefore useful for differentiating hemorrhagic stroke, caused by bleeding in the brain, from ischemic stroke, caused by a blockage of blood flow to the brain. hemorrhage is the primary reason for avoiding thrombolytic therapy (drugs that break up or dissolve blood clots), the only proven therapy for acute ischemic stroke. because thrombolytic therapy might make a hemorrhagic stroke worse, doctors must confirm that the acute symptoms are not due to hemorrhage prior to giving the drug. a ct scan may show evidence of early ischemia an area of tissue that is dead or dying due to a loss of blood supply. ischemic strokes generally show up on a ct scan about six to eight hours after the start of stroke symptoms. though not as common in practice, ct scans also can be performed with a contrast agent to help visualize a blockage in the large arteries supplying the brain, or detect areas of decreased blood flow to the brain. because ct is readily available at all hours at most major hospitals, produces images quickly, and is good for ruling out hemorrhage prior to starting thrombolytic therapy, ct is the most widely used diagnostic imaging technique for acute stroke. diagnostic imaging: mri scan another imaging technique used in acute stroke patients is the magnetic resonance imaging or mri scan. mri uses magnetic fields to detect a variety of changes in the brain and blood vessels caused by a stroke. one effect of ischemic stroke is the slowing of water movement through the injured brain tissue. because mri can show this type of injury very soon after stroke symptoms start, mri has proven useful for diagnosing acute ischemic stroke before it is visible on ct. mri also allows doctors to visualize blockages in the arteries, identify sites of prior stroke, and create a stroke treatment and prevention plan. differences between ct and mri scans mri and ct are equally accurate for determining when hemorrhage is present. the benefit of mri over a ct scan is more accurate and earlier diagnosis of ischemic stroke, especially for smaller strokes and transient ischemic attacks (tias). mri can be more sensitive than ct for detecting other types of neurological disorders that mimic the symptoms of stroke. however, mri cannot be performed in patients with certain types of metallic or electronic implants, such as pacemakers for the heart. although increasingly used in the emergency diagnosis of stroke, mri is not immediately available at all hours in most hospitals, where ct is used for acute stroke diagnosis. mri typically takes longer to perform than ct, and therefore may not be the first choice when minutes count."
what is (are) stroke ?,"atherosclerosis, also known as hardening of the arteries, is the most common blood vessel disease. it is caused by the buildup of fatty deposits in the arteries, and is a risk factor for stroke."
what research (or clinical trials) is being done for stroke ?,"the national institute of neurological disorders and stroke sponsors a wide range of basic and clinical research aimed at finding better ways to prevent, diagnose, and treat stroke, and to restore functions lost as a result of stroke. preventing secondary brain damage currently, scientists are studying the risk factors for stroke and the process of brain damage that results from stroke. some brain damage may be secondary, occurring after the initial death of brain cells caused by the lack of blood flow to the brain tissue. this secondary brain damage results from a toxic reaction to the primary damage. researchers are studying this toxic reaction and ways to prevent secondary injury to the brain. scientists hope to develop neuroprotective agents, or drugs that protect the brain, to prevent this damage. animal studies scientists are also conducting stroke studies in animals. by studying stroke in animals, researchers hope to get a better picture of what might be happening in human stroke patients. scientists can also use animal models to test promising therapies for stroke. if a therapy proves helpful for animals, scientists can consider testing the therapy in humans. one promising area of animal research involves hibernation. the dramatic decrease of blood flow to the brain in hibernating animals is so extensive that it would kill a non-hibernating animal. if scientists can discover how animals hibernate without experiencing brain damage, they may discover ways to stop the brain damage associated with decreased blood flow in stroke patients. another study used a vaccine that interferes with inflammation inside blood vessels to reduce the frequency and severity of strokes in animals with high blood pressure and a genetic predisposition to stroke. researchers hope that the vaccine will work in humans and could be used to prevent many of the strokes that occur each year in people with high risk factors. can the brain repair itself? scientists also are working to develop new and better ways to help the brain repair itself to restore important functions to stroke patients. new advances in imaging and rehabilitation have shown that the brain can compensate for functions lost as a result of stroke. when cells in an area of the brain responsible for a particular function die after a stroke, the patient becomes unable to perform that function. however, the brain's ability to learn and change, called plasticity, and its ability to rewire the connections between its nerve cells means that it can compensate for lost functions. one part of the brain can actually change functions and take up the more important functions of a disabled part. clinical trials clinical trials are scientific studies using volunteers that give researchers a way to test medical advances in humans. clinical trials test surgical devices and procedures, medications, and rehabilitation therapies. they also test methods to improve lifestyles and mental and social skills. clinical trials may compare a new medical approach to a standard one that is already available or to a placebo that contains no active ingredients or to no intervention. some clinical trials compare interventions that are already available to each other. when a new product or approach is being studied, it is not usually known whether it will be helpful, harmful, or no different than available alternatives (including no intervention). the investigators try to determine the safety and usefulness of the intervention by measuring certain outcomes in the participants. scientists are using clinical trials to - develop new and more effective treatments for stroke - discover ways to restore blood flow to the brain after stroke - improve recovery after stroke - learn more about the risk factors for stroke. develop new and more effective treatments for stroke discover ways to restore blood flow to the brain after stroke improve recovery after stroke learn more about the risk factors for stroke. participating in a clinical study contributes to medical knowledge. the results of these studies can make a difference in the care of future patients by providing information about the benefits and risks of therapeutic, preventative, or diagnostic products or interventions. you can find more information about current stroke clinical trials at the nih clinical trials registry at you can search for a trial using criteria such as condition or disease, medication or therapy. each entry includes a trial description, sponsors, purpose, estimated completion date, eligibility criteria, and contact information. you can also call the nih research study information line at 1-800-411-1222, tty-1-866-411-1010, or e-mail prpl@mail.cc.nih.gov for more information on stroke, including research sponsored by the national institute of neurological disorders and stroke, call 1-800-352-9424 or visit the web site at"
what are the treatments for stroke ?,"treatment for a stroke depends on whether it is ischemic or hemorrhagic. treatment for a transient ischemic attack (tia) depends on its cause, how much time has passed since symptoms began, and whether you have other medical conditions. strokes and tias are medical emergencies. if you have stroke symptoms, call 911 right away. do not drive to the hospital or let someone else drive you. call an ambulance so that medical personnel can begin lifesaving treatment on the way to the emergency room. during a stroke, every minute counts. once you receive immediate treatment, your doctor will try to treat your stroke risk factors and prevent complications by recommending heart-healthy lifestyle changes. treating an ischemic stroke or transient ischemic attack an ischemic stroke or tia occurs if an artery that supplies oxygen-rich blood to the brain becomes blocked. often, blood clots cause the blockages that lead to ischemic strokes and tias. treatment for an ischemic stroke or tia may include medicines and medical procedures. medicines if you have a stroke caused by a blood clot, you may be given a clot-dissolving, or clot-busting, medication called tissue plasminogen activator (tpa). a doctor will inject tpa into a vein in your arm. this type of medication must be given within 4hours of symptom onset. ideally, it should be given as soon as possible. the sooner treatment begins, the better your chances of recovery. thus, its important to know the signs and symptoms of a stroke and to call 911 right away for emergency care. if you cant have tpa for medical reasons, your doctor may give you antiplatelet medicine that helps stop platelets from clumping together to form blood clots or anticoagulant medicine (blood thinner) that keeps existing blood clots from getting larger. two common medicines are aspirin and clopidogrel. medical procedures if you have carotid artery disease, your doctor may recommend a carotid endarterectomy or carotid arteryangioplasty. both procedures open blocked carotid arteries. researchers are testing other treatments for ischemic stroke, such as intra-arterial thrombolysis and mechanical clot removal in cerebral ischemia (merci). in intra-arterial thrombolysis, a long flexible tube called a catheter is put into your groin (upper thigh) and threaded to the tiny arteries of the brain. your doctor can deliver medicine through this catheter to break up a blood clot in the brain. merci is a device that can remove blood clots from an artery. during the procedure, a catheter is threaded through a carotid artery to the affected artery in the brain. the device is then used to pull the blood clot out through the catheter. treating a hemorrhagic stroke a hemorrhagic stroke occurs if an artery in the brain leaks blood or ruptures. the first steps in treating a hemorrhagic stroke are to find the cause of bleeding in the brain and then control it. unlike ischemic strokes, hemorrhagic strokes arent treated with antiplatelet medicines and blood thinners because these medicines can make bleeding worse. if youre taking antiplatelet medicines or blood thinners and have a hemorrhagic stroke, youll be taken off the medicine. if high blood pressure is the cause of bleeding in the brain, your doctor may prescribe medicines to lower your blood pressure. this can help prevent further bleeding. surgery also may be needed to treat a hemorrhagic stroke. the types of surgery used include aneurysm clipping, coil embolization, and arteriovenous malformation (avm) repair. aneurysm clipping and coil embolization if an aneurysm (a balloon-like bulge in an artery) is the cause of a stroke, your doctor may recommend aneurysm clipping or coil embolization. aneurysm clipping is done to block off the aneurysm from the blood vessels in the brain. this surgery helps prevent further leaking of blood from the aneurysm. it also can help prevent the aneurysm from bursting again.during the procedure, a surgeon will make an incision (cut) in the brain and place a tiny clamp at the base of the aneurysm. youll be given medicine to make you sleep during the surgery. after the surgery, youll need to stay in the hospitals intensive care unit for a few days. coil embolization is a less complex procedure for treating an aneurysm. the surgeon will insert a tube called a catheter into an artery in the groin. he or she will thread the tube to the site of the aneurysm.then, a tiny coil will be pushed through the tube and into the aneurysm. the coil will cause a blood clot to form, which will block blood flow through the aneurysm and prevent it from burstingagain.coil embolization is done in a hospital. youll be given medicine to make you sleep during thesurgery. arteriovenous malformation repair if an avm is the cause of a stroke, your doctor may recommend an avm repair. (an avm is a tangle of faulty arteries and veins that can rupture within the brain.) avm repair helps prevent further bleeding in the brain. doctors use several methods to repair avms. these methods include: injecting a substance into the blood vessels of the avm to block blood flow surgery to remove the avm using radiation to shrink the blood vessels of the avm treating stroke risk factors after initial treatment for a stroke or tia, your doctor will treat your risk factors. he or she may recommend heart-healthy lifestyle changes to help control your risk factors. heart-healthy lifestyle changes may include: heart-healthy eating maintaining a healthy weight managing stress physical activity quitting smoking if lifestyle changes arent enough, you may need medicine to control your risk factors. heart-healthy eating your doctor may recommend heart-healthy eating, which should include: fat-free or low-fat dairy products, such as skim milk fish high in omega-3 fatty acids, such as salmon, tuna, and trout, about twice a week fruits, such as apples, bananas, oranges, pears, and prunes legumes, such as kidney beans, lentils, chickpeas, black-eyed peas, and lima beans vegetables, such as broccoli, cabbage, and carrots whole grains, such as oatmeal, brown rice, and corn tortillas when following a heart-healthy diet, you should avoid eating: a lot of red meat palm and coconut oils sugary foods and beverages two nutrients in your diet make blood cholesterol levels rise: saturated fatfound mostly in foods that come from animals trans fat (trans fatty acids)found in foods made with hydrogenated oils and fats, such as stick margarine; baked goods, such as cookies, cakes, and pies; crackers; frostings; and coffee creamers. some trans fats also occur naturally in animal fats and meats. saturated fat raises your blood cholesterol more than anything else in your diet. when you follow a heart-healthy eating plan, only 5percent to 6percent of your daily calories should come from saturated fat. food labels list the amounts of saturated fat. to help you stay on track, here are some examples: 1,200 calories a day 8 grams of saturated fat a day 1,500 calories a day 10 grams of saturated fat a day 1,800 calories a day 12 grams of saturated fat a day 2,000 calories a day 13 grams of saturated fat a day 2,500 calories a day 17 grams of saturated fat a day not all fats are bad. monounsaturated and polyunsaturated fats actually help lower blood cholesterol levels. some sources of monounsaturated and polyunsaturated fats are: avocados corn, sunflower, and soybean oils nuts and seeds, such as walnuts olive, canola, peanut, safflower, and sesame oils peanut butter salmon and trout tofu sodium try to limit the amount of sodium that you eat. this means choosing and preparing foods that are lower in salt and sodium. try to use low-sodium and no added salt foods and seasonings at the table or while cooking. food labels tell you what you need to know about choosing foods that are lower in sodium. try to eat no more than 2,300 milligrams of sodium a day. if you have high blood pressure, you may need to restrict your sodium intake even more. dietary approaches to stop hypertension your doctor may recommend the dietary approaches to stop hypertension (dash) eating plan if you have high blood pressure. the dash eating plan focuses on fruits, vegetables, whole grains, and other foods that are heart healthy and low in fat, cholesterol, and sodium and salt. the dash eating plan is a good heart-healthy eating plan, even for those who dont have high blood pressure. read more about dash. alcohol try to limit alcohol intake. too much alcohol can raise your blood pressure and triglyceride levels, a type of fat found in the blood. alcohol also adds extra calories, which may cause weight gain. men should have no more than two drinks containing alcohol a day. women should have no more than one drink containing alcohol a day. one drink is: 12 ounces of beer 5 ounces of wine 1 ounces of liquor maintaining a healthy weight maintaining a healthy weight is important for overall health and can lower your risk for stroke. aim for a healthy weight by following a heart-healthy eating plan and keeping physically active. knowing your body mass index (bmi) helps you find out if youre a healthy weight in relation to your height and gives an estimate of your total body fat. to figure out your bmi, check out the national heart, lung, and blood institutes (nhlbi) online bmi calculator or talk to your doctor. a bmi: below 18.5 is a sign that you are underweight. between 18.5 and 24.9 is in the normal range. between 25.0 and 29.9 is considered overweight. of 30.0 or higher is considered obese. a general goal to aim for is a bmi of less than 25. your doctor or health care provider can help you set an appropriate bmi goal. measuring waist circumference helps screen for possible health risks. if most of your fat is around your waist rather than at your hips, youre at a higher risk for heart disease and type2 diabetes. this risk may be high with a waist size that is greater than 35 inches for women or greater than 40 inches for men. to learn how to measure your waist, visit assessing your weight and health risk. if youre overweight or obese, try to lose weight. a loss of just 3 percent to 5 percent of your current weight can lower your triglycerides, blood glucose, and the risk of developing type 2 diabetes. greater amounts of weight loss can improve blood pressure readings, lower ldl cholesterol, and increase hdl cholesterol. managing stress learning how to manage stress, relax, and cope with problems can improve your emotional and physical health. consider healthy stress-reducing activities, such as: a stress management program meditation physical activity relaxation therapy talking things out with friends or family physical activity regular physical activity can lower many risk factors for stroke. everyone should try to participate in moderate-intensity aerobic exercise at least 2hours and 30minutes per week or vigorous aerobic exercise for 1hour and 15minutes per week. aerobic exercise, such as brisk walking, is any exercise in which your heart beats faster and you use more oxygen than usual. the more active you are, the more you will benefit. participate in aerobic exercise for at least 10minutes at a time spread throughout the week. talk with your doctor before you start a new exercise plan. ask your doctor how much and what kinds of physical activity are safe for you. read more about physical activity at: physical activity and your heart u.s. department of health and human services, 2008 physical activity guidelines for americans quitting smoking if you smoke or use tobacco, quit. smoking can damage and tighten blood vessels and raise your risk for stroke. talk with your doctor about programs and products that can help you quit. also, try to avoid secondhand smoke. if you have trouble quitting smoking on your own, consider joining a support group. many hospitals, workplaces, and community groups offer classes to help people quit smoking. for more information about how to quit smoking, visit smoking and your heart."
what is (are) stroke ?,"a stroke is a medical emergency. strokes happen when blood flow to your brain stops. within minutes, brain cells begin to die. there are two kinds of stroke. the more common kind, called ischemic stroke, is caused by a blood clot that blocks or plugs a blood vessel in the brain. the other kind, called hemorrhagic stroke, is caused by a blood vessel that breaks and bleeds into the brain. ""mini-strokes"" or transient ischemic attacks (tias), occur when the blood supply to the brain is briefly interrupted. symptoms of stroke are - sudden numbness or weakness of the face, arm or leg (especially on one side of the body) - sudden confusion, trouble speaking or understanding speech - sudden trouble seeing in one or both eyes - sudden trouble walking, dizziness, loss of balance or coordination - sudden severe headache with no known cause if you have any of these symptoms, you must get to a hospital quickly to begin treatment. acute stroke therapies try to stop a stroke while it is happening by quickly dissolving the blood clot or by stopping the bleeding. post-stroke rehabilitation helps individuals overcome disabilities that result from stroke damage. drug therapy with blood thinners is the most common treatment for stroke. nih: national institute of neurological disorders and stroke"
how to prevent wilson disease ?,"a person cannot prevent wilson disease; however, people with a family history of wilson disease, especially those with an affected sibling or parent, should talk with a health care provider about testing. a health care provider may be able to diagnose wilson disease before symptoms appear. early diagnosis and treatment of wilson disease can reduce or even prevent organ damage. people with a family history of the disease may also benefit from genetic testing that can identify one or more gene mutations. a health care provider may refer a person with a family history of wilson disease to a geneticista doctor who specializes in genetic diseases."
what is (are) wilson disease ?,"wilson disease (wd) is a rare inherited disorder of copper metabolism in which excessive amounts of copper accumulate in the body. the buildup of copper leads to damage in the liver, brain, and eyes. although copper accumulation begins at birth, symptoms of the disorder only appear later in life. the most characteristic sign of wd is the kayser-fleisher ring a rusty brown ring around the cornea of the eye that can best be viewed using an ophthalmologists slit lamp. the primary consequence for most individuals with wd is liver disease, appearing in late childhood or early adolescence as acute hepatitis, liver failure, or progressive chronic liver disease in the form of chronic active hepatitis or cirrhosis of the liver. in others, the first symptoms are neurological, occur later in adulthood, and commonly include slurred speech (dysarthria), difficulty swallowing (dysphagia), and drooling. other symptoms may include tremor of the head, arms, or legs; impaired muscle tone, and sustained muscle contractions that produce abnormal postures, twisting, and repetitive movements (dystonia); and slowness of movements (bradykinesia). individuals may also experience clumsiness (ataxia) and loss of fine motor skills. one-third of individuals with wd will also experience psychiatric symptoms such as an abrupt personality change, bizarre and inappropriate behavior, depression accompanied by suicidal thoughts, neurosis, or psychosis. wd is diagnosed with tests that measure the amount of copper in the blood, urine, and liver."
what is (are) wilson disease ?,"wilson disease is a rare inherited disorder that prevents your body from getting rid of extra copper. you need a small amount of copper from food to stay healthy. too much copper is poisonous. normally, your liver releases extra copper into bile, a digestive fluid. with wilson disease, the copper builds up in your liver, and it releases the copper directly into your bloodstream. this can cause damage to your brain, kidneys, and eyes. wilson disease is present at birth, but symptoms usually start between ages 5 and 35. it first attacks the liver, the central nervous system or both. the most characteristic sign is a rusty brown ring around the cornea of the eye. a physical exam and laboratory tests can diagnose it. treatment is with drugs to remove the extra copper from your body. you need to take medicine and follow a low-copper diet for the rest of your life. don't eat shellfish or liver, as these foods may contain high levels of copper. at the beginning of treatment, you'll also need to avoid chocolate, mushrooms, and nuts. have your drinking water checked for copper content and don't take multivitamins that contain copper. with early detection and proper treatment, you can enjoy good health. nih: national institute of diabetes and digestive and kidney diseases"
what is the outlook for wilson disease ?,"early onset of the disease may foretell a worse prognosis than later onset. if the disorder is detected early and treated appropriately, an individual with wd can usually enjoy normal health and a normal lifespan. if not treated, however, wd can cause brain damage, liver failure, and death. the disease requires lifelong treatment."
what are the complications of wilson disease ?,"people who have wilson disease that is not treated or diagnosed early can have serious complications, such as - cirrhosisscarring of the liver - kidney damageas liver function decreases, the kidneys may be damaged - persistent nervous system problems when nervous system symptoms do not resolve - liver cancerhepatocellular carcinoma is a type of liver cancer that can occur in people with cirrhosis - liver failurea condition in which the liver stops working properly - death, if left untreated"
what to do for wilson disease ?,"people with wilson disease should reduce their dietary copper intake by avoiding foods that are high in copper, such as - shellfish - liver - mushrooms - nuts - chocolate people should not eat these foods during the initial treatment and talk with the health care provider to discuss if they are safe to eat in moderation during maintenance treatment. people with wilson disease whose tap water runs through copper pipes or comes from a well should check the copper levels in the tap water. water that sits in copper pipes may pick up copper residue, but running water lowers the level to within acceptable limits. people with wilson disease should not use copper containers or cookware to store or prepare food or drinks. to help ensure coordinated and safe care, people should discuss their use of complementary and alternative medical practices, including their use of vitamins and dietary supplements, with their health care provider. read more at nih.gov/health. if the health care provider recommends taking any type of supplement or vitamin, a pharmacist can recommend types that do not contain copper. people should talk with a health care provider about diet changes to reduce copper intake. liver transplant a liver transplant may be necessary in people when - cirrhosis leads to liver failure - acute liver failure happens suddenly - treatment is not effective a liver transplant is an operation to remove a diseased or an injured liver and replace it with a healthy one from another person, called a donor. a successful transplant is a life-saving treatment for people with liver failure. most liver transplants are successful. about 85 percent of transplanted livers are functioning after 1 year.2 liver transplant surgery provides a cure for wilson disease in most cases. more information is provided in the niddk health topic, liver transplantation."
what is (are) wilson disease ?,"the liver is the bodys largest internal organ. the liver is called the bodys metabolic factory because of the important role it plays in metabolismthe way cells change food into energy after food is digested and absorbed into the blood. the liver has many important functions, including - taking up, storing, and processing nutrients from foodincluding fat, sugar, and proteinand delivering them to the rest of the body when needed. - making new proteins, such as clotting factors and immune factors. - producing bile. in addition to carrying toxins and waste products out of the body, bile helps the body digest fats and the fat-soluble vitamins a, d, e, and k. - removing waste products the kidneys cannot remove, such as fats, cholesterol, toxins, and medications. a healthy liver is necessary for survival. the liver can regenerate most of its own cells when they become damaged. however, if injury to the liver is too severe or long lasting, regeneration is incomplete and the liver creates scar tissue."
what is (are) wilson disease ?,"wilson disease is a genetic disease that prevents the body from removing extra copper. the body needs a small amount of copper from food to stay healthy; however, too much copper is poisonous. normally, the liver filters extra copper and releases it into bile. bile is a fluid made by the liver that carries toxins and wastes out of the body through the gastrointestinal tract. in wilson disease, the liver does not filter copper correctly and copper builds up in the liver, brain, eyes, and other organs. over time, high copper levels can cause life-threatening organ damage."
what research (or clinical trials) is being done for wilson disease ?,"the national institute of neurological disorders and stroke, the eunice kennedy shriver national institute of child health and human development, and other institutes of the national institutes of health (nih) conduct and/or support research related to wilson disease. growing knowledge of the copper transporting gene atp7b, which in its mutated form causes wd, should lead to the design of better therapies for this disorder."
what are the symptoms of wilson disease ?,"the signs and symptoms of wilson disease vary, depending on what organs of the body are affected. wilson disease is present at birth; however, the signs and symptoms of the disease do not appear until the copper builds up in the liver, the brain, or other organs. when people have signs and symptoms, they usually affect the liver, the central nervous system, or both. the central nervous system includes the brain, the spinal cord, and nerves throughout the body. sometimes a person does not have symptoms and a health care provider discovers the disease during a routine physical exam or blood test, or during an illness. children can have wilson disease for several years before any signs and symptoms occur. people with wilson disease may have - liver-related signs and symptoms - central nervous system-related signs and symptoms - mental health-related signs and symptoms - other signs and symptoms liver-related signs and symptoms people with wilson disease may develop signs and symptoms of chronic, or long lasting, liver disease: - weakness - fatigue, or feeling tired - loss of appetite - nausea - vomiting - weight loss - pain and bloating from fluid accumulating in the abdomen - edemaswelling, usually in the legs, feet, or ankles and less often in the hands or face - itching - spiderlike blood vessels, called spider angiomas, near the surface of the skin - muscle cramps - jaundice, a condition that causes the skin and whites of the eyes to turn yellow some people with wilson disease may not develop signs or symptoms of liver disease until they develop acute liver failurea condition that develops suddenly. central nervous system-related signs and symptoms central nervous system-related symptoms usually appear in people after the liver has retained a lot of copper; however, signs and symptoms of liver disease may not be present. central nervous system-related symptoms occur most often in adults and sometimes occur in children.1 signs and symptoms include - tremors or uncontrolled movements - muscle stiffness - problems with speech, swallowing, or physical coordination a health care provider may refer people with these symptoms to a neurologista doctor who specializes in nervous system diseases. mental health-related signs and symptoms some people will have mental health-related signs and symptoms when copper builds up in the central nervous system. signs and symptoms may include - personality changes - depression - feeling anxious, or nervous, about most things - psychosiswhen a person loses contact with reality other signs and symptoms other signs and symptoms of wilson disease may include - anemia, a condition in which red blood cells are fewer or smaller than normal, which prevents the bodys cells from getting enough oxygen - arthritis, a condition in which a person has pain and swelling in one or more joints - high levels of amino acids, protein, uric acid, and carbohydrates in urine - low platelet or white blood cell count - osteoporosis, a condition in which the bones become less dense and more likely to fracture"
what are the treatments for wilson disease ?,"a health care provider will treat wilson disease with a lifelong effort to reduce and control the amount of copper in the body. treatment may include - medications - changes in eating, diet, and nutrition - a liver transplant medications a health care provider will prescribe medications to treat wilson disease. the medications have different actions that health care providers use during different phases of the treatment. chelating agents. chelating agents are medications that remove extra copper from the body by releasing it from organs into the bloodstream. once the cooper is in the bloodstream, the kidneys then filter the copper and pass it into the urine. a health care provider usually recommends chelating agents at the beginning of treatment. a potential side effect of chelating agents is that nervous system symptoms may become worse during treatment. the two medications available for this type of treatment include - trientine (syprine)the risk for side effects and worsening nervous system symptoms appears to be lower with trientine than d-penicillamine. researchers are still studying the side effects; however, some health care providers prefer to prescribe trientine as the first treatment of choice because it appears to be safer. - d-penicillaminepeople taking d-penicillamine may have other reactions or side effects, such as - fever - a rash - kidney problems - bone marrow problems a health care provider will prescribe a lower dose of a chelating agent to women who are pregnant to reduce the risk of birth defects. a health care provider should consider future screening on any newborn whose parent has wilson disease. zinc. a health care provider will prescribe zinc for patients who do not have symptoms, or after a person has completed successful treatment using a chelating agent and symptoms begin to improve. zinc, taken by mouth as zinc salts such as zinc acetate (galzin), blocks the digestive tracts absorption of copper from food. although most people taking zinc usually do not experience side effects, some people may experience stomach upset. a health care provider may prescribe zinc for children with wilson disease who show no symptoms. women may take the full dosage of zinc safely during pregnancy. maintenance, or long term, treatment begins when symptoms improve and tests show that copper is at a safe level. maintenance treatment typically includes taking zinc or a lower dose of a chelating agent. a health care provider closely monitors the person and reviews regular blood and urine tests to ensure maintenance treatment controls the copper level in the body. treatment for people with wilson disease who have no symptoms may include a chelating agent or zinc in order to prevent symptoms from developing and stop or slow disease progression. people with wilson disease will take medications for the rest of their lives. follow-up and adherence to the health care providers treatment plan is necessary to manage symptoms and prevent organ damage."
what to do for wilson disease ?,"- wilson disease is a genetic disease that prevents the body from removing extra copper. - normally, the liver filters extra copper and releases it into bile. in wilson disease, the liver does not filter copper correctly and copper builds up in the liver, brain, eyes, and other organs. - wilson disease is caused by an inherited autosomal recessive mutation, or change, in the atp7b gene. in an autosomal recessive disease, the child has to inherit the gene mutation from both parents to have an increased likelihood for the disease. - the signs and symptoms of wilson disease vary, depending on what organs of the body are affected. people with wilson disease may have - liver-related signs and symptoms - central nervous system-related signs and symptoms - mental health-related signs and symptoms - other signs and symptoms - a health care provider will treat wilson disease with a lifelong effort to reduce and control the amount of copper in the body. treatment may include - medications - changes in eating, diet, and nutrition - a liver transplant - people with wilson disease should reduce their dietary copper intake by avoiding foods that are high in copper, such as - shellfish - liver - mushrooms - nuts - chocolate - a person cannot prevent wilson disease; however, people with a family history of wilson disease, especially those with an affected sibling or parent, should talk with a health care provider about testing."
what are the treatments for wilson disease ?,"wd requires lifelong treatment, generally using drugs that remove excess copper from the body and prevent it from re-accumulating. zinc, which blocks the absorption of copper in the stomach and causes no serious side effects, is often considered the treatment of choice. penicillamine and trientine are copper chelators that increase urinary excretion of copper; however, both drugs have some side effects. tetrathiomolybdate is an investigational copper chelating drug with a lower toxicity profile, but it has not been approved by the food and drug administration for the treatment of wd and its long-term safety and effectiveness arent known. a low-copper diet is also recommended, which involves avoiding mushrooms, nuts, chocolate, dried fruit, liver, and shellfish. in rare cases where there is severe liver disease, a liver transplant may be needed. symptomatic treatment for symptoms of muscle spasm, stiffness, and tremor may include anticholinergics, tizanidine, baclofen, levodopa, or clonazepam."
